candidate_id,model_split,raw_split,raw_source_file,raw_source_row,raw_refcode,outcome_binary,source_doi,source_doi_normalized,source_group_id,source_group_basis,original_model_split,final_evaluation_split,exclusion_reason,predicted_success,uncertainty,proxy_total_cost,cost_synthesis,cost_characterization,risk_score,score_source,uncertainty_source,cost_source,risk_source
mofsimplify_solvent_val_00007_ANAWIX,calibration,val,MOFSimplify-main/model/solvent/ANN/dropped_connectivity_dupes/val.csv,7,ANAWIX,1,10.1021/acs.cgd.6b00488,10.1021/acs.cgd.6b00488,10.1021/acs.cgd.6b00488,normalized_source_doi,calibration,calibration,,0.54636454286236524,0.99378844129073141,1.3977568698101828,0.93183791320678855,0.46591895660339427,0.72371194921418303,train_fit_logistic_C_selected_by_train_internal_CV,normalized_binary_entropy_proxy_not_calibrated,1_plus_mean_absolute_train_standardized_descriptor_value,0.5*(1-predicted_success)+0.5*uncertainty; benchmark-defined uncalibrated proxy; descriptive in the primary cost-only comparison and constrained only in the legacy stress test
mofsimplify_solvent_val_00010_ATEYED,calibration,val,MOFSimplify-main/model/solvent/ANN/dropped_connectivity_dupes/val.csv,10,ATEYED,0,10.1039/b314322h,10.1039/b314322h,10.1039/b314322h,normalized_source_doi,calibration,calibration,,0.43745527739928708,0.98868318734885707,1.8249970777604578,1.2166647185069719,0.60833235925348594,0.77561395497478502,train_fit_logistic_C_selected_by_train_internal_CV,normalized_binary_entropy_proxy_not_calibrated,1_plus_mean_absolute_train_standardized_descriptor_value,0.5*(1-predicted_success)+0.5*uncertainty; benchmark-defined uncalibrated proxy; descriptive in the primary cost-only comparison and constrained only in the legacy stress test
mofsimplify_solvent_val_00012_ATIJUJ,calibration,val,MOFSimplify-main/model/solvent/ANN/dropped_connectivity_dupes/val.csv,12,ATIJUJ,1,10.1021/ja1097995,10.1021/ja1097995,10.1021/ja1097995,normalized_source_doi,calibration,calibration,,0.60560804570987625,0.9675754212249521,1.8852310843265032,1.2568207228843356,0.62841036144216778,0.68098368775753793,train_fit_logistic_C_selected_by_train_internal_CV,normalized_binary_entropy_proxy_not_calibrated,1_plus_mean_absolute_train_standardized_descriptor_value,0.5*(1-predicted_success)+0.5*uncertainty; benchmark-defined uncalibrated proxy; descriptive in the primary cost-only comparison and constrained only in the legacy stress test
mofsimplify_solvent_val_00014_AXAFAG,calibration,val,MOFSimplify-main/model/solvent/ANN/dropped_connectivity_dupes/val.csv,14,AXAFAG,1,10.1021/cm0350838,10.1021/cm0350838,10.1021/cm0350838,normalized_source_doi,calibration,calibration,,0.52648865686170399,0.99797452102950057,2.4697597409338647,1.6465064939559098,0.82325324697795488,0.73574293208389829,train_fit_logistic_C_selected_by_train_internal_CV,normalized_binary_entropy_proxy_not_calibrated,1_plus_mean_absolute_train_standardized_descriptor_value,0.5*(1-predicted_success)+0.5*uncertainty; benchmark-defined uncalibrated proxy; descriptive in the primary cost-only comparison and constrained only in the legacy stress test
mofsimplify_solvent_val_00021_BAZGEQ,calibration,val,MOFSimplify-main/model/solvent/ANN/dropped_connectivity_dupes/val.csv,21,BAZGEQ,1,10.1021/ic201376t,10.1021/ic201376t,10.1021/ic201376t,normalized_source_doi,calibration,calibration,,0.64454436719258523,0.93884624732798705,2.0648642908346115,1.376576193889741,0.68828809694487048,0.64715094006770091,train_fit_logistic_C_selected_by_train_internal_CV,normalized_binary_entropy_proxy_not_calibrated,1_plus_mean_absolute_train_standardized_descriptor_value,0.5*(1-predicted_success)+0.5*uncertainty; benchmark-defined uncalibrated proxy; descriptive in the primary cost-only comparison and constrained only in the legacy stress test
mofsimplify_solvent_val_00028_BOLZIN,calibration,val,MOFSimplify-main/model/solvent/ANN/dropped_connectivity_dupes/val.csv,28,BOLZIN,1,10.1002/chem.201402895,10.1002/chem.201402895,10.1002/chem.201402895,normalized_source_doi,calibration,calibration,,0.77985043848550073,0.76044050387554341,2.2902785295470816,1.5268523530313878,0.76342617651569389,0.49029503269502134,train_fit_logistic_C_selected_by_train_internal_CV,normalized_binary_entropy_proxy_not_calibrated,1_plus_mean_absolute_train_standardized_descriptor_value,0.5*(1-predicted_success)+0.5*uncertainty; benchmark-defined uncalibrated proxy; descriptive in the primary cost-only comparison and constrained only in the legacy stress test
mofsimplify_solvent_val_00030_BUSNAF,calibration,val,MOFSimplify-main/model/solvent/ANN/dropped_connectivity_dupes/val.csv,30,BUSNAF,0,10.1021/ja1009635,10.1021/ja1009635,10.1021/ja1009635,normalized_source_doi,calibration,calibration,,0.5643906900067025,0.98800341913130696,1.6361616322681032,1.0907744215120687,0.54538721075603436,0.71180636456230229,train_fit_logistic_C_selected_by_train_internal_CV,normalized_binary_entropy_proxy_not_calibrated,1_plus_mean_absolute_train_standardized_descriptor_value,0.5*(1-predicted_success)+0.5*uncertainty; benchmark-defined uncalibrated proxy; descriptive in the primary cost-only comparison and constrained only in the legacy stress test
mofsimplify_solvent_val_00035_COZMUA,calibration,val,MOFSimplify-main/model/solvent/ANN/dropped_connectivity_dupes/val.csv,35,COZMUA,0,10.1039/b900085b,10.1039/b900085b,10.1039/b900085b,normalized_source_doi,calibration,calibration,,0.55255618689996022,0.9920153704808935,1.5769326002375674,1.0512884001583782,0.52564420007918911,0.71972959179046669,train_fit_logistic_C_selected_by_train_internal_CV,normalized_binary_entropy_proxy_not_calibrated,1_plus_mean_absolute_train_standardized_descriptor_value,0.5*(1-predicted_success)+0.5*uncertainty; benchmark-defined uncalibrated proxy; descriptive in the primary cost-only comparison and constrained only in the legacy stress test
mofsimplify_solvent_val_00052_DUPKAC,calibration,val,MOFSimplify-main/model/solvent/ANN/dropped_connectivity_dupes/val.csv,52,DUPKAC,1,10.1039/C5TA03537F,10.1039/c5ta03537f,10.1039/c5ta03537f,normalized_source_doi,calibration,calibration,,0.55827346395488409,0.9901794989713727,1.5581115622888109,1.038741041525874,0.51937052076293699,0.71595301750824425,train_fit_logistic_C_selected_by_train_internal_CV,normalized_binary_entropy_proxy_not_calibrated,1_plus_mean_absolute_train_standardized_descriptor_value,0.5*(1-predicted_success)+0.5*uncertainty; benchmark-defined uncalibrated proxy; descriptive in the primary cost-only comparison and constrained only in the legacy stress test
mofsimplify_solvent_val_00055_EBEMEF,calibration,val,MOFSimplify-main/model/solvent/ANN/dropped_connectivity_dupes/val.csv,55,EBEMEF,0,10.1039/c1ce05699a,10.1039/c1ce05699a,10.1039/c1ce05699a,normalized_source_doi,calibration,calibration,,0.29628511883213104,0.87670233990216828,2.0306059191842523,1.3537372794561682,0.67686863972808409,0.79020861053501856,train_fit_logistic_C_selected_by_train_internal_CV,normalized_binary_entropy_proxy_not_calibrated,1_plus_mean_absolute_train_standardized_descriptor_value,0.5*(1-predicted_success)+0.5*uncertainty; benchmark-defined uncalibrated proxy; descriptive in the primary cost-only comparison and constrained only in the legacy stress test
mofsimplify_solvent_val_00061_EJUVOU,calibration,val,MOFSimplify-main/model/solvent/ANN/dropped_connectivity_dupes/val.csv,61,EJUVOU,1,10.1039/b303910b,10.1039/b303910b,10.1039/b303910b,normalized_source_doi,calibration,calibration,,0.40109727459779754,0.97158884125209632,2.0394162330093044,1.3596108220062029,0.67980541100310143,0.78524578332714934,train_fit_logistic_C_selected_by_train_internal_CV,normalized_binary_entropy_proxy_not_calibrated,1_plus_mean_absolute_train_standardized_descriptor_value,0.5*(1-predicted_success)+0.5*uncertainty; benchmark-defined uncalibrated proxy; descriptive in the primary cost-only comparison and constrained only in the legacy stress test
mofsimplify_solvent_val_00065_EPECIN,calibration,val,MOFSimplify-main/model/solvent/ANN/dropped_connectivity_dupes/val.csv,65,EPECIN,1,10.1039/C3DT00079F,10.1039/c3dt00079f,10.1039/c3dt00079f,normalized_source_doi,calibration,calibration,,0.60841342403762877,0.96581579282038621,1.5836828580486699,1.0557885720324467,0.52789428601622335,0.67870118439137872,train_fit_logistic_C_selected_by_train_internal_CV,normalized_binary_entropy_proxy_not_calibrated,1_plus_mean_absolute_train_standardized_descriptor_value,0.5*(1-predicted_success)+0.5*uncertainty; benchmark-defined uncalibrated proxy; descriptive in the primary cost-only comparison and constrained only in the legacy stress test
mofsimplify_solvent_val_00066_EPOXAJ,calibration,val,MOFSimplify-main/model/solvent/ANN/dropped_connectivity_dupes/val.csv,66,EPOXAJ,0,10.1039/c0dt01721c,10.1039/c0dt01721c,10.1039/c0dt01721c,normalized_source_doi,calibration,calibration,,0.43842674914440111,0.98903290269938116,2.2904517455167404,1.5269678303444936,0.76348391517224679,0.77530307677749,train_fit_logistic_C_selected_by_train_internal_CV,normalized_binary_entropy_proxy_not_calibrated,1_plus_mean_absolute_train_standardized_descriptor_value,0.5*(1-predicted_success)+0.5*uncertainty; benchmark-defined uncalibrated proxy; descriptive in the primary cost-only comparison and constrained only in the legacy stress test
mofsimplify_solvent_val_00073_FAHBIC,calibration,val,MOFSimplify-main/model/solvent/ANN/dropped_connectivity_dupes/val.csv,73,FAHBIC,1,10.1039/C5TC04264J,10.1039/c5tc04264j,10.1039/c5tc04264j,normalized_source_doi,calibration,calibration,,0.42138851610256955,0.98209476901042692,1.8719531582480085,1.247968772165339,0.62398438608266948,0.78035312645392874,train_fit_logistic_C_selected_by_train_internal_CV,normalized_binary_entropy_proxy_not_calibrated,1_plus_mean_absolute_train_standardized_descriptor_value,0.5*(1-predicted_success)+0.5*uncertainty; benchmark-defined uncalibrated proxy; descriptive in the primary cost-only comparison and constrained only in the legacy stress test
mofsimplify_solvent_val_00092_GEFZAU,calibration,val,MOFSimplify-main/model/solvent/ANN/dropped_connectivity_dupes/val.csv,92,GEFZAU,1,10.1021/cm202608f,10.1021/cm202608f,10.1021/cm202608f,normalized_source_doi,calibration,calibration,,0.30909738710866819,0.89212879794617472,3.6469335181284239,2.4312890120856161,1.215644506042808,0.79151570541875327,train_fit_logistic_C_selected_by_train_internal_CV,normalized_binary_entropy_proxy_not_calibrated,1_plus_mean_absolute_train_standardized_descriptor_value,0.5*(1-predicted_success)+0.5*uncertainty; benchmark-defined uncalibrated proxy; descriptive in the primary cost-only comparison and constrained only in the legacy stress test
mofsimplify_solvent_val_00098_GOPTIQ,calibration,val,MOFSimplify-main/model/solvent/ANN/dropped_connectivity_dupes/val.csv,98,GOPTIQ,1,10.1039/C4CE00760C,10.1039/c4ce00760c,10.1039/c4ce00760c,normalized_source_doi,calibration,calibration,,0.46538791629184662,0.99654054720910912,1.7217552348688061,1.1478368232458707,0.57391841162293533,0.76557631545863125,train_fit_logistic_C_selected_by_train_internal_CV,normalized_binary_entropy_proxy_not_calibrated,1_plus_mean_absolute_train_standardized_descriptor_value,0.5*(1-predicted_success)+0.5*uncertainty; benchmark-defined uncalibrated proxy; descriptive in the primary cost-only comparison and constrained only in the legacy stress test
mofsimplify_solvent_val_00101_GUPNUC,calibration,val,MOFSimplify-main/model/solvent/ANN/dropped_connectivity_dupes/val.csv,101,GUPNUC,0,10.1039/C5CC06863K,10.1039/c5cc06863k,10.1039/c5cc06863k,normalized_source_doi,calibration,calibration,,0.32329137977279659,0.90792486346541013,1.7991666561387047,1.1994444374258031,0.59972221871290154,0.79231674184630685,train_fit_logistic_C_selected_by_train_internal_CV,normalized_binary_entropy_proxy_not_calibrated,1_plus_mean_absolute_train_standardized_descriptor_value,0.5*(1-predicted_success)+0.5*uncertainty; benchmark-defined uncalibrated proxy; descriptive in the primary cost-only comparison and constrained only in the legacy stress test
mofsimplify_solvent_val_00108_HIWXER01,calibration,val,MOFSimplify-main/model/solvent/ANN/dropped_connectivity_dupes/val.csv,108,HIWXER01,1,10.1021/cg800248b,10.1021/cg800248b,10.1021/cg800248b,normalized_source_doi,calibration,calibration,,0.53174918512109004,0.99708953806789746,1.7615380197789621,1.1743586798526413,0.58717933992632065,0.73267017647340371,train_fit_logistic_C_selected_by_train_internal_CV,normalized_binary_entropy_proxy_not_calibrated,1_plus_mean_absolute_train_standardized_descriptor_value,0.5*(1-predicted_success)+0.5*uncertainty; benchmark-defined uncalibrated proxy; descriptive in the primary cost-only comparison and constrained only in the legacy stress test
mofsimplify_solvent_val_00109_HULTEN,calibration,val,MOFSimplify-main/model/solvent/ANN/dropped_connectivity_dupes/val.csv,109,HULTEN,0,10.1039/b106274n,10.1039/b106274n,10.1039/b106274n,normalized_source_doi,calibration,calibration,,0.45059280299920945,0.99294505024766821,1.9142832915160475,1.2761888610106984,0.6380944305053492,0.77117612362422938,train_fit_logistic_C_selected_by_train_internal_CV,normalized_binary_entropy_proxy_not_calibrated,1_plus_mean_absolute_train_standardized_descriptor_value,0.5*(1-predicted_success)+0.5*uncertainty; benchmark-defined uncalibrated proxy; descriptive in the primary cost-only comparison and constrained only in the legacy stress test
mofsimplify_solvent_val_00115_IJIGOX,calibration,val,MOFSimplify-main/model/solvent/ANN/dropped_connectivity_dupes/val.csv,115,IJIGOX,0,10.1002/chem.200390095,10.1002/chem.200390095,10.1002/chem.200390095,normalized_source_doi,calibration,calibration,,0.38746425612958341,0.96314363189865881,2.0466491459863114,1.3644327639908742,0.6822163819954371,0.78783968788453773,train_fit_logistic_C_selected_by_train_internal_CV,normalized_binary_entropy_proxy_not_calibrated,1_plus_mean_absolute_train_standardized_descriptor_value,0.5*(1-predicted_success)+0.5*uncertainty; benchmark-defined uncalibrated proxy; descriptive in the primary cost-only comparison and constrained only in the legacy stress test
mofsimplify_solvent_val_00122_JABMEF,calibration,val,MOFSimplify-main/model/solvent/ANN/dropped_connectivity_dupes/val.csv,122,JABMEF,0,10.1039/b004972g,10.1039/b004972g,10.1039/b004972g,normalized_source_doi,calibration,calibration,,0.44719175954481027,0.99193845632158595,1.8472295234447538,1.2314863489631691,0.61574317448158455,0.77237334838838789,train_fit_logistic_C_selected_by_train_internal_CV,normalized_binary_entropy_proxy_not_calibrated,1_plus_mean_absolute_train_standardized_descriptor_value,0.5*(1-predicted_success)+0.5*uncertainty; benchmark-defined uncalibrated proxy; descriptive in the primary cost-only comparison and constrained only in the legacy stress test
mofsimplify_solvent_val_00129_JALCAD,calibration,val,MOFSimplify-main/model/solvent/ANN/dropped_connectivity_dupes/val.csv,129,JALCAD,1,10.1039/C6TA09406F,10.1039/c6ta09406f,10.1039/c6ta09406f,normalized_source_doi,calibration,calibration,,0.62553082164312168,0.95404193825101835,1.4741195912876377,0.98274639419175847,0.49137319709587923,0.66425555830394833,train_fit_logistic_C_selected_by_train_internal_CV,normalized_binary_entropy_proxy_not_calibrated,1_plus_mean_absolute_train_standardized_descriptor_value,0.5*(1-predicted_success)+0.5*uncertainty; benchmark-defined uncalibrated proxy; descriptive in the primary cost-only comparison and constrained only in the legacy stress test
mofsimplify_solvent_val_00134_JUTCUW,calibration,val,MOFSimplify-main/model/solvent/ANN/dropped_connectivity_dupes/val.csv,134,JUTCUW,0,10.1021/ja00052a073,10.1021/ja00052a073,10.1021/ja00052a073,normalized_source_doi,calibration,calibration,,0.2600838068085865,0.82687281177949901,2.0130476073798831,1.3420317382532554,0.6710158691266277,0.78339450248545628,train_fit_logistic_C_selected_by_train_internal_CV,normalized_binary_entropy_proxy_not_calibrated,1_plus_mean_absolute_train_standardized_descriptor_value,0.5*(1-predicted_success)+0.5*uncertainty; benchmark-defined uncalibrated proxy; descriptive in the primary cost-only comparison and constrained only in the legacy stress test
mofsimplify_solvent_val_00137_KATDAM,calibration,val,MOFSimplify-main/model/solvent/ANN/dropped_connectivity_dupes/val.csv,137,KATDAM,1,10.1039/c2cc16779d,10.1039/c2cc16779d,10.1039/c2cc16779d,normalized_source_doi,calibration,calibration,,0.49330572419004914,0.99987069220276581,1.4053105222486681,0.9368736814991121,0.46843684074955605,0.75328248400635833,train_fit_logistic_C_selected_by_train_internal_CV,normalized_binary_entropy_proxy_not_calibrated,1_plus_mean_absolute_train_standardized_descriptor_value,0.5*(1-predicted_success)+0.5*uncertainty; benchmark-defined uncalibrated proxy; descriptive in the primary cost-only comparison and constrained only in the legacy stress test
mofsimplify_solvent_val_00138_KAVGAQ,calibration,val,MOFSimplify-main/model/solvent/ANN/dropped_connectivity_dupes/val.csv,138,KAVGAQ,1,10.1021/cg0501128,10.1021/cg0501128,10.1021/cg0501128,normalized_source_doi,calibration,calibration,,0.48703554138198274,0.99951497739489348,1.5892879251160177,1.0595252834106785,0.52976264170533927,0.7562397180064554,train_fit_logistic_C_selected_by_train_internal_CV,normalized_binary_entropy_proxy_not_calibrated,1_plus_mean_absolute_train_standardized_descriptor_value,0.5*(1-predicted_success)+0.5*uncertainty; benchmark-defined uncalibrated proxy; descriptive in the primary cost-only comparison and constrained only in the legacy stress test
mofsimplify_solvent_val_00140_KAWHEY,calibration,val,MOFSimplify-main/model/solvent/ANN/dropped_connectivity_dupes/val.csv,140,KAWHEY,1,10.1039/C7CC01063J,10.1039/c7cc01063j,10.1039/c7cc01063j,normalized_source_doi,calibration,calibration,,0.62694006594777718,0.95299264883562063,1.7905199367526878,1.1936799578351251,0.59683997891756257,0.66302629144392178,train_fit_logistic_C_selected_by_train_internal_CV,normalized_binary_entropy_proxy_not_calibrated,1_plus_mean_absolute_train_standardized_descriptor_value,0.5*(1-predicted_success)+0.5*uncertainty; benchmark-defined uncalibrated proxy; descriptive in the primary cost-only comparison and constrained only in the legacy stress test
mofsimplify_solvent_val_00144_KIFWUT,calibration,val,MOFSimplify-main/model/solvent/ANN/dropped_connectivity_dupes/val.csv,144,KIFWUT,0,10.1039/C2CE26165K,10.1039/c2ce26165k,10.1039/c2ce26165k,normalized_source_doi,calibration,calibration,,0.54379831331694461,0.99445787822817067,1.4261820395263332,0.95078802635088877,0.47539401317544439,0.72532978245561308,train_fit_logistic_C_selected_by_train_internal_CV,normalized_binary_entropy_proxy_not_calibrated,1_plus_mean_absolute_train_standardized_descriptor_value,0.5*(1-predicted_success)+0.5*uncertainty; benchmark-defined uncalibrated proxy; descriptive in the primary cost-only comparison and constrained only in the legacy stress test
mofsimplify_solvent_val_00146_KINLAW,calibration,val,MOFSimplify-main/model/solvent/ANN/dropped_connectivity_dupes/val.csv,146,KINLAW,1,10.1021/cg400756z,10.1021/cg400756z,10.1021/cg400756z,normalized_source_doi,calibration,calibration,,0.4761755916403147,0.99836162527500516,1.4221300305533495,0.94808668703556631,0.47404334351778316,0.7610930168173452,train_fit_logistic_C_selected_by_train_internal_CV,normalized_binary_entropy_proxy_not_calibrated,1_plus_mean_absolute_train_standardized_descriptor_value,0.5*(1-predicted_success)+0.5*uncertainty; benchmark-defined uncalibrated proxy; descriptive in the primary cost-only comparison and constrained only in the legacy stress test
mofsimplify_solvent_val_00153_KUTRIC,calibration,val,MOFSimplify-main/model/solvent/ANN/dropped_connectivity_dupes/val.csv,153,KUTRIC,1,10.1021/acs.cgd.5b00697,10.1021/acs.cgd.5b00697,10.1021/acs.cgd.5b00697,normalized_source_doi,calibration,calibration,,0.52333352986354664,0.99842846822912146,1.4342554507047998,0.95617030046986651,0.47808515023493325,0.73754746918278746,train_fit_logistic_C_selected_by_train_internal_CV,normalized_binary_entropy_proxy_not_calibrated,1_plus_mean_absolute_train_standardized_descriptor_value,0.5*(1-predicted_success)+0.5*uncertainty; benchmark-defined uncalibrated proxy; descriptive in the primary cost-only comparison and constrained only in the legacy stress test
mofsimplify_solvent_val_00155_LICKAL,calibration,val,MOFSimplify-main/model/solvent/ANN/dropped_connectivity_dupes/val.csv,155,LICKAL,1,10.1039/c1ce05759f,10.1039/c1ce05759f,10.1039/c1ce05759f,normalized_source_doi,calibration,calibration,,0.52004878001871524,0.99883989613759661,1.9353755542760629,1.2902503695173753,0.64512518475868763,0.73939555805944068,train_fit_logistic_C_selected_by_train_internal_CV,normalized_binary_entropy_proxy_not_calibrated,1_plus_mean_absolute_train_standardized_descriptor_value,0.5*(1-predicted_success)+0.5*uncertainty; benchmark-defined uncalibrated proxy; descriptive in the primary cost-only comparison and constrained only in the legacy stress test
mofsimplify_solvent_val_00156_TIGSOT,calibration,val,MOFSimplify-main/model/solvent/ANN/dropped_connectivity_dupes/val.csv,156,TIGSOT,1,10.1039/c1ce05759f,10.1039/c1ce05759f,10.1039/c1ce05759f,normalized_source_doi,calibration,calibration,,0.51962235131504997,0.99888873365321651,1.9373261144777982,1.2915507429851989,0.64577537149259945,0.73963319116908322,train_fit_logistic_C_selected_by_train_internal_CV,normalized_binary_entropy_proxy_not_calibrated,1_plus_mean_absolute_train_standardized_descriptor_value,0.5*(1-predicted_success)+0.5*uncertainty; benchmark-defined uncalibrated proxy; descriptive in the primary cost-only comparison and constrained only in the legacy stress test
mofsimplify_solvent_val_00160_LIVREP,calibration,val,MOFSimplify-main/model/solvent/ANN/dropped_connectivity_dupes/val.csv,160,LIVREP,1,10.1039/C4CE00172A,10.1039/c4ce00172a,10.1039/c4ce00172a,normalized_source_doi,calibration,calibration,,0.49272393330739078,0.99984723874908987,1.5314663053046615,1.0209775368697744,0.51048876843488722,0.75356165272084952,train_fit_logistic_C_selected_by_train_internal_CV,normalized_binary_entropy_proxy_not_calibrated,1_plus_mean_absolute_train_standardized_descriptor_value,0.5*(1-predicted_success)+0.5*uncertainty; benchmark-defined uncalibrated proxy; descriptive in the primary cost-only comparison and constrained only in the legacy stress test
mofsimplify_solvent_val_00173_MODMIB,calibration,val,MOFSimplify-main/model/solvent/ANN/dropped_connectivity_dupes/val.csv,173,MODMIB,0,10.1039/b111059d,10.1039/b111059d,10.1039/b111059d,normalized_source_doi,calibration,calibration,,0.34847613993582027,0.93269975119650539,1.9706757818698604,1.313783854579907,0.65689192728995349,0.79211180563034256,train_fit_logistic_C_selected_by_train_internal_CV,normalized_binary_entropy_proxy_not_calibrated,1_plus_mean_absolute_train_standardized_descriptor_value,0.5*(1-predicted_success)+0.5*uncertainty; benchmark-defined uncalibrated proxy; descriptive in the primary cost-only comparison and constrained only in the legacy stress test
mofsimplify_solvent_val_00178_NABNUA,calibration,val,MOFSimplify-main/model/solvent/ANN/dropped_connectivity_dupes/val.csv,178,NABNUA,0,10.1021/ic049523o,10.1021/ic049523o,10.1021/ic049523o,normalized_source_doi,calibration,calibration,,0.47972450079528323,0.99881350275887382,1.4619816353818749,0.97465442358791654,0.48732721179395827,0.75954450098179527,train_fit_logistic_C_selected_by_train_internal_CV,normalized_binary_entropy_proxy_not_calibrated,1_plus_mean_absolute_train_standardized_descriptor_value,0.5*(1-predicted_success)+0.5*uncertainty; benchmark-defined uncalibrated proxy; descriptive in the primary cost-only comparison and constrained only in the legacy stress test
mofsimplify_solvent_val_00179_NACYUM,calibration,val,MOFSimplify-main/model/solvent/ANN/dropped_connectivity_dupes/val.csv,179,NACYUM,0,10.1002/ejic.200400005,10.1002/ejic.200400005,10.1002/ejic.200400005,normalized_source_doi,calibration,calibration,,0.45355048549615562,0.99376561979782174,1.5711785924717234,1.0474523949811489,0.52372619749057447,0.77010756715083306,train_fit_logistic_C_selected_by_train_internal_CV,normalized_binary_entropy_proxy_not_calibrated,1_plus_mean_absolute_train_standardized_descriptor_value,0.5*(1-predicted_success)+0.5*uncertainty; benchmark-defined uncalibrated proxy; descriptive in the primary cost-only comparison and constrained only in the legacy stress test
mofsimplify_solvent_val_00182_NEHGIS,calibration,val,MOFSimplify-main/model/solvent/ANN/dropped_connectivity_dupes/val.csv,182,NEHGIS,0,10.1039/c2cc34047j,10.1039/c2cc34047j,10.1039/c2cc34047j,normalized_source_doi,calibration,calibration,,0.54420054120953776,0.9943554832706204,1.5044112408763068,1.0029408272508713,0.50147041362543565,0.72507747103054132,train_fit_logistic_C_selected_by_train_internal_CV,normalized_binary_entropy_proxy_not_calibrated,1_plus_mean_absolute_train_standardized_descriptor_value,0.5*(1-predicted_success)+0.5*uncertainty; benchmark-defined uncalibrated proxy; descriptive in the primary cost-only comparison and constrained only in the legacy stress test
mofsimplify_solvent_val_00183_NERMON,calibration,val,MOFSimplify-main/model/solvent/ANN/dropped_connectivity_dupes/val.csv,183,NERMON,1,10.1021/ic060241t,10.1021/ic060241t,10.1021/ic060241t,normalized_source_doi,calibration,calibration,,0.46392914128746843,0.99624253599572543,1.4676029391126844,0.9784019594084562,0.4892009797042281,0.7661566973541285,train_fit_logistic_C_selected_by_train_internal_CV,normalized_binary_entropy_proxy_not_calibrated,1_plus_mean_absolute_train_standardized_descriptor_value,0.5*(1-predicted_success)+0.5*uncertainty; benchmark-defined uncalibrated proxy; descriptive in the primary cost-only comparison and constrained only in the legacy stress test
mofsimplify_solvent_val_00187_NIGGEQ,calibration,val,MOFSimplify-main/model/solvent/ANN/dropped_connectivity_dupes/val.csv,187,NIGGEQ,1,10.1021/ic061666i,10.1021/ic061666i,10.1021/ic061666i,normalized_source_doi,calibration,calibration,,0.44584762251334181,0.99152203140040363,1.5953064027988004,1.0635376018658669,0.53176880093293344,0.77283720444353088,train_fit_logistic_C_selected_by_train_internal_CV,normalized_binary_entropy_proxy_not_calibrated,1_plus_mean_absolute_train_standardized_descriptor_value,0.5*(1-predicted_success)+0.5*uncertainty; benchmark-defined uncalibrated proxy; descriptive in the primary cost-only comparison and constrained only in the legacy stress test
mofsimplify_solvent_val_00189_NOJBOF,calibration,val,MOFSimplify-main/model/solvent/ANN/dropped_connectivity_dupes/val.csv,189,NOJBOF,0,10.1039/C4DT01080A,10.1039/c4dt01080a,10.1039/c4dt01080a,normalized_source_doi,calibration,calibration,,0.51794251147464476,0.99907089617652411,1.4608051363367132,0.97387009089114207,0.48693504544557104,0.74056419235093962,train_fit_logistic_C_selected_by_train_internal_CV,normalized_binary_entropy_proxy_not_calibrated,1_plus_mean_absolute_train_standardized_descriptor_value,0.5*(1-predicted_success)+0.5*uncertainty; benchmark-defined uncalibrated proxy; descriptive in the primary cost-only comparison and constrained only in the legacy stress test
mofsimplify_solvent_val_00190_NUHZAS,calibration,val,MOFSimplify-main/model/solvent/ANN/dropped_connectivity_dupes/val.csv,190,NUHZAS,1,10.1039/b806297h,10.1039/b806297h,10.1039/b806297h,normalized_source_doi,calibration,calibration,,0.51442494599755817,0.99939952741039162,1.3911732548772613,0.9274488365848409,0.46372441829242045,0.74248729070641672,train_fit_logistic_C_selected_by_train_internal_CV,normalized_binary_entropy_proxy_not_calibrated,1_plus_mean_absolute_train_standardized_descriptor_value,0.5*(1-predicted_success)+0.5*uncertainty; benchmark-defined uncalibrated proxy; descriptive in the primary cost-only comparison and constrained only in the legacy stress test
mofsimplify_solvent_val_00197_OGIKAR,calibration,val,MOFSimplify-main/model/solvent/ANN/dropped_connectivity_dupes/val.csv,197,OGIKAR,1,10.1039/b903932e,10.1039/b903932e,10.1039/b903932e,normalized_source_doi,calibration,calibration,,0.54126928863716517,0.9950801407138482,1.4774019813643064,0.98493465424287097,0.49246732712143548,0.72690542603834152,train_fit_logistic_C_selected_by_train_internal_CV,normalized_binary_entropy_proxy_not_calibrated,1_plus_mean_absolute_train_standardized_descriptor_value,0.5*(1-predicted_success)+0.5*uncertainty; benchmark-defined uncalibrated proxy; descriptive in the primary cost-only comparison and constrained only in the legacy stress test
mofsimplify_solvent_val_00198_OHUMEL,calibration,val,MOFSimplify-main/model/solvent/ANN/dropped_connectivity_dupes/val.csv,198,OHUMEL,1,10.1021/jacs.5b02688,10.1021/jacs.5b02688,10.1021/jacs.5b02688,normalized_source_doi,calibration,calibration,,0.61791432733416851,0.95950175844093444,1.7864830999548591,1.1909887333032394,0.5954943666516197,0.67079371555338296,train_fit_logistic_C_selected_by_train_internal_CV,normalized_binary_entropy_proxy_not_calibrated,1_plus_mean_absolute_train_standardized_descriptor_value,0.5*(1-predicted_success)+0.5*uncertainty; benchmark-defined uncalibrated proxy; descriptive in the primary cost-only comparison and constrained only in the legacy stress test
mofsimplify_solvent_val_00204_ORIBAU,calibration,val,MOFSimplify-main/model/solvent/ANN/dropped_connectivity_dupes/val.csv,204,ORIBAU,1,10.1002/ejic.201600184,10.1002/ejic.201600184,10.1002/ejic.201600184,normalized_source_doi,calibration,calibration,,0.48569400866024459,0.99940939146175267,1.5055516445647494,1.0037010963764996,0.50185054818824981,0.7568576914007541,train_fit_logistic_C_selected_by_train_internal_CV,normalized_binary_entropy_proxy_not_calibrated,1_plus_mean_absolute_train_standardized_descriptor_value,0.5*(1-predicted_success)+0.5*uncertainty; benchmark-defined uncalibrated proxy; descriptive in the primary cost-only comparison and constrained only in the legacy stress test
mofsimplify_solvent_val_00205_OSAXAI,calibration,val,MOFSimplify-main/model/solvent/ANN/dropped_connectivity_dupes/val.csv,205,OSAXAI,0,10.1021/cg101251a,10.1021/cg101251a,10.1021/cg101251a,normalized_source_doi,calibration,calibration,,0.52141404035781291,0.9986764674926123,1.277034100386665,0.85135606692444332,0.42567803346222166,0.73863121356739969,train_fit_logistic_C_selected_by_train_internal_CV,normalized_binary_entropy_proxy_not_calibrated,1_plus_mean_absolute_train_standardized_descriptor_value,0.5*(1-predicted_success)+0.5*uncertainty; benchmark-defined uncalibrated proxy; descriptive in the primary cost-only comparison and constrained only in the legacy stress test
mofsimplify_solvent_val_00207_OTAXOX,calibration,val,MOFSimplify-main/model/solvent/ANN/dropped_connectivity_dupes/val.csv,207,OTAXOX,1,10.1021/ic102057p,10.1021/ic102057p,10.1021/ic102057p,normalized_source_doi,calibration,calibration,,0.61258086360672181,0.96311381371131355,2.2687299269262722,1.512486617950848,0.75624330897542402,0.67526647505229587,train_fit_logistic_C_selected_by_train_internal_CV,normalized_binary_entropy_proxy_not_calibrated,1_plus_mean_absolute_train_standardized_descriptor_value,0.5*(1-predicted_success)+0.5*uncertainty; benchmark-defined uncalibrated proxy; descriptive in the primary cost-only comparison and constrained only in the legacy stress test
mofsimplify_solvent_val_00208_OTENEH,calibration,val,MOFSimplify-main/model/solvent/ANN/dropped_connectivity_dupes/val.csv,208,OTENEH,1,10.1021/cg100817s,10.1021/cg100817s,10.1021/cg100817s,normalized_source_doi,calibration,calibration,,0.58116091472258702,0.98090930744541316,2.8003236297074574,1.8668824198049716,0.9334412099024858,0.69987419636141301,train_fit_logistic_C_selected_by_train_internal_CV,normalized_binary_entropy_proxy_not_calibrated,1_plus_mean_absolute_train_standardized_descriptor_value,0.5*(1-predicted_success)+0.5*uncertainty; benchmark-defined uncalibrated proxy; descriptive in the primary cost-only comparison and constrained only in the legacy stress test
mofsimplify_solvent_val_00212_OWEYOF,calibration,val,MOFSimplify-main/model/solvent/ANN/dropped_connectivity_dupes/val.csv,212,OWEYOF,0,10.1021/cg1014913,10.1021/cg1014913,10.1021/cg1014913,normalized_source_doi,calibration,calibration,,0.55406210135676692,0.99155033011803917,1.6090327969195708,1.0726885312797139,0.53634426563985693,0.71874411438063612,train_fit_logistic_C_selected_by_train_internal_CV,normalized_binary_entropy_proxy_not_calibrated,1_plus_mean_absolute_train_standardized_descriptor_value,0.5*(1-predicted_success)+0.5*uncertainty; benchmark-defined uncalibrated proxy; descriptive in the primary cost-only comparison and constrained only in the legacy stress test
mofsimplify_solvent_val_00217_OYUSAD,calibration,val,MOFSimplify-main/model/solvent/ANN/dropped_connectivity_dupes/val.csv,217,OYUSAD,1,10.1002/chem.201101239,10.1002/chem.201101239,10.1002/chem.201101239,normalized_source_doi,calibration,calibration,,0.45803735631969522,0.99491324078529497,1.6664123443515861,1.1109415629010575,0.55547078145052875,0.76843794223279982,train_fit_logistic_C_selected_by_train_internal_CV,normalized_binary_entropy_proxy_not_calibrated,1_plus_mean_absolute_train_standardized_descriptor_value,0.5*(1-predicted_success)+0.5*uncertainty; benchmark-defined uncalibrated proxy; descriptive in the primary cost-only comparison and constrained only in the legacy stress test
mofsimplify_solvent_val_00237_QOFLAA,calibration,val,MOFSimplify-main/model/solvent/ANN/dropped_connectivity_dupes/val.csv,237,QOFLAA,0,10.1039/C4RA02147A,10.1039/c4ra02147a,10.1039/c4ra02147a,normalized_source_doi,calibration,calibration,,0.46083864930957086,0.99557039755180932,1.6127925004655643,1.0751950003103763,0.53759750015518815,0.76736587412111923,train_fit_logistic_C_selected_by_train_internal_CV,normalized_binary_entropy_proxy_not_calibrated,1_plus_mean_absolute_train_standardized_descriptor_value,0.5*(1-predicted_success)+0.5*uncertainty; benchmark-defined uncalibrated proxy; descriptive in the primary cost-only comparison and constrained only in the legacy stress test
mofsimplify_solvent_val_00240_QUFFED,calibration,val,MOFSimplify-main/model/solvent/ANN/dropped_connectivity_dupes/val.csv,240,QUFFED,0,10.1021/cg801282r,10.1021/cg801282r,10.1021/cg801282r,normalized_source_doi,calibration,calibration,,0.50768193633539627,0.99982972024020977,1.3621036765826071,0.90806911772173804,0.45403455886086902,0.74607389195240681,train_fit_logistic_C_selected_by_train_internal_CV,normalized_binary_entropy_proxy_not_calibrated,1_plus_mean_absolute_train_standardized_descriptor_value,0.5*(1-predicted_success)+0.5*uncertainty; benchmark-defined uncalibrated proxy; descriptive in the primary cost-only comparison and constrained only in the legacy stress test
mofsimplify_solvent_val_00241_QUQHAM,calibration,val,MOFSimplify-main/model/solvent/ANN/dropped_connectivity_dupes/val.csv,241,QUQHAM,1,10.1021/cg1001573,10.1021/cg1001573,10.1021/cg1001573,normalized_source_doi,calibration,calibration,,0.53398329122191579,0.9966651963611679,1.4486731014661771,0.96578206764411811,0.48289103382205906,0.73134095256962606,train_fit_logistic_C_selected_by_train_internal_CV,normalized_binary_entropy_proxy_not_calibrated,1_plus_mean_absolute_train_standardized_descriptor_value,0.5*(1-predicted_success)+0.5*uncertainty; benchmark-defined uncalibrated proxy; descriptive in the primary cost-only comparison and constrained only in the legacy stress test
mofsimplify_solvent_val_00248_REYJEM,calibration,val,MOFSimplify-main/model/solvent/ANN/dropped_connectivity_dupes/val.csv,248,REYJEM,1,10.1039/C3TA01118F,10.1039/c3ta01118f,10.1039/c3ta01118f,normalized_source_doi,calibration,calibration,,0.55447680976054514,0.99141993928607941,1.8492667330675159,1.2328444887116772,0.61642224435583859,0.71847156476276708,train_fit_logistic_C_selected_by_train_internal_CV,normalized_binary_entropy_proxy_not_calibrated,1_plus_mean_absolute_train_standardized_descriptor_value,0.5*(1-predicted_success)+0.5*uncertainty; benchmark-defined uncalibrated proxy; descriptive in the primary cost-only comparison and constrained only in the legacy stress test
mofsimplify_solvent_val_00256_SAJDIT,calibration,val,MOFSimplify-main/model/solvent/ANN/dropped_connectivity_dupes/val.csv,256,SAJDIT,1,10.1039/C6TC05615F,10.1039/c6tc05615f,10.1039/c6tc05615f,normalized_source_doi,calibration,calibration,,0.60134595625230169,0.97015781350949004,1.7799153400305059,1.186610226687004,0.593305113343502,0.68440592862859417,train_fit_logistic_C_selected_by_train_internal_CV,normalized_binary_entropy_proxy_not_calibrated,1_plus_mean_absolute_train_standardized_descriptor_value,0.5*(1-predicted_success)+0.5*uncertainty; benchmark-defined uncalibrated proxy; descriptive in the primary cost-only comparison and constrained only in the legacy stress test
mofsimplify_solvent_val_00265_SUSZOW,calibration,val,MOFSimplify-main/model/solvent/ANN/dropped_connectivity_dupes/val.csv,265,SUSZOW,1,10.1021/cm902528y,10.1021/cm902528y,10.1021/cm902528y,normalized_source_doi,calibration,calibration,,0.40189472532467579,0.9720481532576738,2.0664797972062772,1.3776531981375182,0.68882659906875909,0.78507671396649892,train_fit_logistic_C_selected_by_train_internal_CV,normalized_binary_entropy_proxy_not_calibrated,1_plus_mean_absolute_train_standardized_descriptor_value,0.5*(1-predicted_success)+0.5*uncertainty; benchmark-defined uncalibrated proxy; descriptive in the primary cost-only comparison and constrained only in the legacy stress test
mofsimplify_solvent_val_00270_TIRQOB,calibration,val,MOFSimplify-main/model/solvent/ANN/dropped_connectivity_dupes/val.csv,270,TIRQOB,1,10.1021/ic701507r,10.1021/ic701507r,10.1021/ic701507r,normalized_source_doi,calibration,calibration,,0.54445269281262187,0.99429081332163283,1.4404053814732174,0.9602702543154783,0.48013512715773915,0.72491906025450548,train_fit_logistic_C_selected_by_train_internal_CV,normalized_binary_entropy_proxy_not_calibrated,1_plus_mean_absolute_train_standardized_descriptor_value,0.5*(1-predicted_success)+0.5*uncertainty; benchmark-defined uncalibrated proxy; descriptive in the primary cost-only comparison and constrained only in the legacy stress test
mofsimplify_solvent_val_00272_TOHYOF,calibration,val,MOFSimplify-main/model/solvent/ANN/dropped_connectivity_dupes/val.csv,272,TOHYOF,0,10.1039/b812645c,10.1039/b812645c,10.1039/b812645c,normalized_source_doi,calibration,calibration,,0.52690777084747753,0.99790988685924042,1.5464399230735075,1.0309599487156718,0.51547997435783588,0.73550105800588139,train_fit_logistic_C_selected_by_train_internal_CV,normalized_binary_entropy_proxy_not_calibrated,1_plus_mean_absolute_train_standardized_descriptor_value,0.5*(1-predicted_success)+0.5*uncertainty; benchmark-defined uncalibrated proxy; descriptive in the primary cost-only comparison and constrained only in the legacy stress test
mofsimplify_solvent_val_00286_UNEBIZ,calibration,val,MOFSimplify-main/model/solvent/ANN/dropped_connectivity_dupes/val.csv,286,UNEBIZ,1,10.1039/c0cc03981k,10.1039/c0cc03981k,10.1039/c0cc03981k,normalized_source_doi,calibration,calibration,,0.58379479518488075,0.97964411863136058,1.6401904846354751,1.0934603230903168,0.54673016154515841,0.69792466172323997,train_fit_logistic_C_selected_by_train_internal_CV,normalized_binary_entropy_proxy_not_calibrated,1_plus_mean_absolute_train_standardized_descriptor_value,0.5*(1-predicted_success)+0.5*uncertainty; benchmark-defined uncalibrated proxy; descriptive in the primary cost-only comparison and constrained only in the legacy stress test
mofsimplify_solvent_val_00288_UTOTUT01,calibration,val,MOFSimplify-main/model/solvent/ANN/dropped_connectivity_dupes/val.csv,288,UTOTUT01,1,10.1039/c1dt10958h,10.1039/c1dt10958h,10.1039/c1dt10958h,normalized_source_doi,calibration,calibration,,0.46996752159897381,0.99739595597978215,1.3780050204998648,0.91867001366657652,0.45933500683328826,0.76371421719040411,train_fit_logistic_C_selected_by_train_internal_CV,normalized_binary_entropy_proxy_not_calibrated,1_plus_mean_absolute_train_standardized_descriptor_value,0.5*(1-predicted_success)+0.5*uncertainty; benchmark-defined uncalibrated proxy; descriptive in the primary cost-only comparison and constrained only in the legacy stress test
mofsimplify_solvent_val_00291_VALVAI,calibration,val,MOFSimplify-main/model/solvent/ANN/dropped_connectivity_dupes/val.csv,291,VALVAI,0,10.1002/anie.201600896,10.1002/anie.201600896,10.1002/anie.201600896,normalized_source_doi,calibration,calibration,,0.5142367026235265,0.99941509940952455,1.5665975615223262,1.0443983743482175,0.52219918717410874,0.74258919839299908,train_fit_logistic_C_selected_by_train_internal_CV,normalized_binary_entropy_proxy_not_calibrated,1_plus_mean_absolute_train_standardized_descriptor_value,0.5*(1-predicted_success)+0.5*uncertainty; benchmark-defined uncalibrated proxy; descriptive in the primary cost-only comparison and constrained only in the legacy stress test
mofsimplify_solvent_val_00307_VODSEM,calibration,val,MOFSimplify-main/model/solvent/ANN/dropped_connectivity_dupes/val.csv,307,VODSEM,0,10.1002/1521-3749(200109)627:9<2173::AID-ZAAC2173>3.0.CO;2-L,10.1002/1521-3749(200109)627:9<2173::aid-zaac2173>3.0.co;2-l,10.1002/1521-3749(200109)627:9<2173::aid-zaac2173>3.0.co;2-l,normalized_source_doi,calibration,calibration,,0.47278448586483574,0.99786178056661357,1.6397168956294164,1.0931445970862776,0.54657229854313882,0.76253864735088883,train_fit_logistic_C_selected_by_train_internal_CV,normalized_binary_entropy_proxy_not_calibrated,1_plus_mean_absolute_train_standardized_descriptor_value,0.5*(1-predicted_success)+0.5*uncertainty; benchmark-defined uncalibrated proxy; descriptive in the primary cost-only comparison and constrained only in the legacy stress test
mofsimplify_solvent_val_00308_VONBIK,calibration,val,MOFSimplify-main/model/solvent/ANN/dropped_connectivity_dupes/val.csv,308,VONBIK,1,10.1039/b809336a,10.1039/b809336a,10.1039/b809336a,normalized_source_doi,calibration,calibration,,0.53697858260412623,0.99605086799650044,1.448687858255624,0.96579190550374927,0.48289595275187464,0.72953614269618705,train_fit_logistic_C_selected_by_train_internal_CV,normalized_binary_entropy_proxy_not_calibrated,1_plus_mean_absolute_train_standardized_descriptor_value,0.5*(1-predicted_success)+0.5*uncertainty; benchmark-defined uncalibrated proxy; descriptive in the primary cost-only comparison and constrained only in the legacy stress test
mofsimplify_solvent_val_00309_VOPHUF,calibration,val,MOFSimplify-main/model/solvent/ANN/dropped_connectivity_dupes/val.csv,309,VOPHUF,0,10.1021/cg500371n,10.1021/cg500371n,10.1021/cg500371n,normalized_source_doi,calibration,calibration,,0.51845758230876826,0.9990167751589949,1.3372918993371541,0.89152793289143606,0.44576396644571803,0.74027959642511332,train_fit_logistic_C_selected_by_train_internal_CV,normalized_binary_entropy_proxy_not_calibrated,1_plus_mean_absolute_train_standardized_descriptor_value,0.5*(1-predicted_success)+0.5*uncertainty; benchmark-defined uncalibrated proxy; descriptive in the primary cost-only comparison and constrained only in the legacy stress test
mofsimplify_solvent_val_00314_WUDQIW,calibration,val,MOFSimplify-main/model/solvent/ANN/dropped_connectivity_dupes/val.csv,314,WUDQIW,0,10.1039/b909683c,10.1039/b909683c,10.1039/b909683c,normalized_source_doi,calibration,calibration,,0.44679311457557491,0.99181605285987695,1.6005006610474712,1.0670004406983142,0.53350022034915712,0.77251146914215107,train_fit_logistic_C_selected_by_train_internal_CV,normalized_binary_entropy_proxy_not_calibrated,1_plus_mean_absolute_train_standardized_descriptor_value,0.5*(1-predicted_success)+0.5*uncertainty; benchmark-defined uncalibrated proxy; descriptive in the primary cost-only comparison and constrained only in the legacy stress test
mofsimplify_solvent_val_00324_XENCAU,calibration,val,MOFSimplify-main/model/solvent/ANN/dropped_connectivity_dupes/val.csv,324,XENCAU,1,10.1039/b007183h,10.1039/b007183h,10.1039/b007183h,normalized_source_doi,calibration,calibration,,0.49651125079411529,0.99996488056180177,1.8354478273817714,1.2236318849211809,0.61181594246059046,0.75172681488384319,train_fit_logistic_C_selected_by_train_internal_CV,normalized_binary_entropy_proxy_not_calibrated,1_plus_mean_absolute_train_standardized_descriptor_value,0.5*(1-predicted_success)+0.5*uncertainty; benchmark-defined uncalibrated proxy; descriptive in the primary cost-only comparison and constrained only in the legacy stress test
mofsimplify_solvent_val_00326_XISXEE,calibration,val,MOFSimplify-main/model/solvent/ANN/dropped_connectivity_dupes/val.csv,326,XISXEE,0,10.1039/C3DT52698D,10.1039/c3dt52698d,10.1039/c3dt52698d,normalized_source_doi,calibration,calibration,,0.55075835637174797,0.99255322846600991,1.578095043136861,1.0520633620912407,0.52603168104562037,0.72089743604713097,train_fit_logistic_C_selected_by_train_internal_CV,normalized_binary_entropy_proxy_not_calibrated,1_plus_mean_absolute_train_standardized_descriptor_value,0.5*(1-predicted_success)+0.5*uncertainty; benchmark-defined uncalibrated proxy; descriptive in the primary cost-only comparison and constrained only in the legacy stress test
mofsimplify_solvent_val_00327_XOJPES,calibration,val,MOFSimplify-main/model/solvent/ANN/dropped_connectivity_dupes/val.csv,327,XOJPES,1,10.1021/cg800262d,10.1021/cg800262d,10.1021/cg800262d,normalized_source_doi,calibration,calibration,,0.27789025265898087,0.85256018109731924,2.0903401069590872,1.3935600713060581,0.69678003565302904,0.78733496421916915,train_fit_logistic_C_selected_by_train_internal_CV,normalized_binary_entropy_proxy_not_calibrated,1_plus_mean_absolute_train_standardized_descriptor_value,0.5*(1-predicted_success)+0.5*uncertainty; benchmark-defined uncalibrated proxy; descriptive in the primary cost-only comparison and constrained only in the legacy stress test
mofsimplify_solvent_val_00328_XOPKIX,calibration,val,MOFSimplify-main/model/solvent/ANN/dropped_connectivity_dupes/val.csv,328,XOPKIX,1,10.1039/b810479d,10.1039/b810479d,10.1039/b810479d,normalized_source_doi,calibration,calibration,,0.36336555620940553,0.94544143825837623,1.89462163662105,1.2630810910807,0.63154054554035,0.79103794102448532,train_fit_logistic_C_selected_by_train_internal_CV,normalized_binary_entropy_proxy_not_calibrated,1_plus_mean_absolute_train_standardized_descriptor_value,0.5*(1-predicted_success)+0.5*uncertainty; benchmark-defined uncalibrated proxy; descriptive in the primary cost-only comparison and constrained only in the legacy stress test
mofsimplify_solvent_val_00329_XOPKOD,calibration,val,MOFSimplify-main/model/solvent/ANN/dropped_connectivity_dupes/val.csv,329,XOPKOD,1,10.1039/b810479d,10.1039/b810479d,10.1039/b810479d,normalized_source_doi,calibration,calibration,,0.36724286932290778,0.94853154593520228,1.8890960537701282,1.2593973691800855,0.62969868459004275,0.79064433830614722,train_fit_logistic_C_selected_by_train_internal_CV,normalized_binary_entropy_proxy_not_calibrated,1_plus_mean_absolute_train_standardized_descriptor_value,0.5*(1-predicted_success)+0.5*uncertainty; benchmark-defined uncalibrated proxy; descriptive in the primary cost-only comparison and constrained only in the legacy stress test
mofsimplify_solvent_val_00331_XULRIH,calibration,val,MOFSimplify-main/model/solvent/ANN/dropped_connectivity_dupes/val.csv,331,XULRIH,0,10.1039/C5CC01886B,10.1039/c5cc01886b,10.1039/c5cc01886b,normalized_source_doi,calibration,calibration,,0.36056277504313422,0.94314934338530043,1.850615107187878,1.2337434047919187,0.61687170239595934,0.79129328417108313,train_fit_logistic_C_selected_by_train_internal_CV,normalized_binary_entropy_proxy_not_calibrated,1_plus_mean_absolute_train_standardized_descriptor_value,0.5*(1-predicted_success)+0.5*uncertainty; benchmark-defined uncalibrated proxy; descriptive in the primary cost-only comparison and constrained only in the legacy stress test
mofsimplify_solvent_val_00349_ZURROT,calibration,val,MOFSimplify-main/model/solvent/ANN/dropped_connectivity_dupes/val.csv,349,ZURROT,1,10.1021/ic950382n,10.1021/ic950382n,10.1021/ic950382n,normalized_source_doi,calibration,calibration,,0.27833622068117125,0.8531738778137824,1.7608217885103874,1.1738811923402583,0.58694059617012917,0.78741882856630552,train_fit_logistic_C_selected_by_train_internal_CV,normalized_binary_entropy_proxy_not_calibrated,1_plus_mean_absolute_train_standardized_descriptor_value,0.5*(1-predicted_success)+0.5*uncertainty; benchmark-defined uncalibrated proxy; descriptive in the primary cost-only comparison and constrained only in the legacy stress test
mofsimplify_solvent_test_00007_AJINOY,calibration,test,MOFSimplify-main/model/solvent/ANN/dropped_connectivity_dupes/test.csv,7,AJINOY,1,10.1002/zaac.201500051,10.1002/zaac.201500051,10.1002/zaac.201500051,normalized_source_doi,calibration,calibration,,0.50526333270396784,0.99992006551111334,1.3845362441344495,0.92302416275629973,0.46151208137814986,0.74732836640357281,train_fit_logistic_C_selected_by_train_internal_CV,normalized_binary_entropy_proxy_not_calibrated,1_plus_mean_absolute_train_standardized_descriptor_value,0.5*(1-predicted_success)+0.5*uncertainty; benchmark-defined uncalibrated proxy; descriptive in the primary cost-only comparison and constrained only in the legacy stress test
mofsimplify_solvent_test_00009_ANAWOD,calibration,test,MOFSimplify-main/model/solvent/ANN/dropped_connectivity_dupes/test.csv,9,ANAWOD,1,10.1021/acs.cgd.6b00488,10.1021/acs.cgd.6b00488,10.1021/acs.cgd.6b00488,normalized_source_doi,calibration,calibration,,0.5888261172221404,0.97711275607598247,1.5437019098573579,1.0291346065715719,0.51456730328578593,0.69414331942692109,train_fit_logistic_C_selected_by_train_internal_CV,normalized_binary_entropy_proxy_not_calibrated,1_plus_mean_absolute_train_standardized_descriptor_value,0.5*(1-predicted_success)+0.5*uncertainty; benchmark-defined uncalibrated proxy; descriptive in the primary cost-only comparison and constrained only in the legacy stress test
mofsimplify_solvent_test_00011_APACAX,calibration,test,MOFSimplify-main/model/solvent/ANN/dropped_connectivity_dupes/test.csv,11,APACAX,1,10.1039/C6CC03063G,10.1039/c6cc03063g,10.1039/c6cc03063g,normalized_source_doi,calibration,calibration,,0.51871781330598676,0.9989888484759708,1.5397257076220048,1.0264838050813365,0.51324190254066826,0.74013551758499196,train_fit_logistic_C_selected_by_train_internal_CV,normalized_binary_entropy_proxy_not_calibrated,1_plus_mean_absolute_train_standardized_descriptor_value,0.5*(1-predicted_success)+0.5*uncertainty; benchmark-defined uncalibrated proxy; descriptive in the primary cost-only comparison and constrained only in the legacy stress test
mofsimplify_solvent_test_00018_AXAQAT,calibration,test,MOFSimplify-main/model/solvent/ANN/dropped_connectivity_dupes/test.csv,18,AXAQAT,1,10.1021/cm0350838,10.1021/cm0350838,10.1021/cm0350838,normalized_source_doi,calibration,calibration,,0.27916874344743847,0.8543156913243487,1.9644730780400947,1.3096487186933965,0.65482435934669825,0.78757347393845512,train_fit_logistic_C_selected_by_train_internal_CV,normalized_binary_entropy_proxy_not_calibrated,1_plus_mean_absolute_train_standardized_descriptor_value,0.5*(1-predicted_success)+0.5*uncertainty; benchmark-defined uncalibrated proxy; descriptive in the primary cost-only comparison and constrained only in the legacy stress test
mofsimplify_solvent_test_00020_AZIVAI,calibration,test,MOFSimplify-main/model/solvent/ANN/dropped_connectivity_dupes/test.csv,20,AZIVAI,1,10.1021/acsami.6b03073,10.1021/acsami.6b03073,10.1021/acsami.6b03073,normalized_source_doi,calibration,calibration,,0.50281092341361799,0.99997720157484693,2.0024426439157113,1.3349617626104742,0.66748088130523708,0.74858313908061447,train_fit_logistic_C_selected_by_train_internal_CV,normalized_binary_entropy_proxy_not_calibrated,1_plus_mean_absolute_train_standardized_descriptor_value,0.5*(1-predicted_success)+0.5*uncertainty; benchmark-defined uncalibrated proxy; descriptive in the primary cost-only comparison and constrained only in the legacy stress test
mofsimplify_solvent_test_00025_BAZGAM,calibration,test,MOFSimplify-main/model/solvent/ANN/dropped_connectivity_dupes/test.csv,25,BAZGAM,1,10.1021/ic201376t,10.1021/ic201376t,10.1021/ic201376t,normalized_source_doi,calibration,calibration,,0.67573999779603611,0.90895403218096082,2.4126417846722141,1.6084278564481427,0.80421392822407134,0.61660701719246236,train_fit_logistic_C_selected_by_train_internal_CV,normalized_binary_entropy_proxy_not_calibrated,1_plus_mean_absolute_train_standardized_descriptor_value,0.5*(1-predicted_success)+0.5*uncertainty; benchmark-defined uncalibrated proxy; descriptive in the primary cost-only comparison and constrained only in the legacy stress test
mofsimplify_solvent_test_00026_BENXUP,calibration,test,MOFSimplify-main/model/solvent/ANN/dropped_connectivity_dupes/test.csv,26,BENXUP,0,10.1002/anie.201300821,10.1002/anie.201300821,10.1002/anie.201300821,normalized_source_doi,calibration,calibration,,0.55639408650406619,0.99080405873155519,1.5203982386037667,1.0135988257358444,0.50679941286792218,0.7172049861137445,train_fit_logistic_C_selected_by_train_internal_CV,normalized_binary_entropy_proxy_not_calibrated,1_plus_mean_absolute_train_standardized_descriptor_value,0.5*(1-predicted_success)+0.5*uncertainty; benchmark-defined uncalibrated proxy; descriptive in the primary cost-only comparison and constrained only in the legacy stress test
mofsimplify_solvent_test_00039_BUSQUC,calibration,test,MOFSimplify-main/model/solvent/ANN/dropped_connectivity_dupes/test.csv,39,BUSQUC,0,10.1021/cm9025683,10.1021/cm9025683,10.1021/cm9025683,normalized_source_doi,calibration,calibration,,0.48230999677879138,0.99909686848189028,1.4328308241632117,0.95522054944214119,0.47761027472107059,0.75839343585154939,train_fit_logistic_C_selected_by_train_internal_CV,normalized_binary_entropy_proxy_not_calibrated,1_plus_mean_absolute_train_standardized_descriptor_value,0.5*(1-predicted_success)+0.5*uncertainty; benchmark-defined uncalibrated proxy; descriptive in the primary cost-only comparison and constrained only in the legacy stress test
mofsimplify_solvent_test_00042_CAVMOD,calibration,test,MOFSimplify-main/model/solvent/ANN/dropped_connectivity_dupes/test.csv,42,CAVMOD,1,10.1039/c1dt11584g,10.1039/c1dt11584g,10.1039/c1dt11584g,normalized_source_doi,calibration,calibration,,0.56113987073691118,0.98918712914538509,1.5412574108061512,1.0275049405374341,0.51375247026871707,0.71402362920423701,train_fit_logistic_C_selected_by_train_internal_CV,normalized_binary_entropy_proxy_not_calibrated,1_plus_mean_absolute_train_standardized_descriptor_value,0.5*(1-predicted_success)+0.5*uncertainty; benchmark-defined uncalibrated proxy; descriptive in the primary cost-only comparison and constrained only in the legacy stress test
mofsimplify_solvent_test_00046_CEHTEP,calibration,test,MOFSimplify-main/model/solvent/ANN/dropped_connectivity_dupes/test.csv,46,CEHTEP,0,10.1021/ic0601539,10.1021/ic0601539,10.1021/ic0601539,normalized_source_doi,calibration,calibration,,0.30803554849930881,0.89089280734602472,2.0862461611058913,1.3908307740705943,0.69541538703529715,0.7914286294233579,train_fit_logistic_C_selected_by_train_internal_CV,normalized_binary_entropy_proxy_not_calibrated,1_plus_mean_absolute_train_standardized_descriptor_value,0.5*(1-predicted_success)+0.5*uncertainty; benchmark-defined uncalibrated proxy; descriptive in the primary cost-only comparison and constrained only in the legacy stress test
mofsimplify_solvent_test_00047_CIDKUX,calibration,test,MOFSimplify-main/model/solvent/ANN/dropped_connectivity_dupes/test.csv,47,CIDKUX,1,10.1039/C3CC41564C,10.1039/c3cc41564c,10.1039/c3cc41564c,normalized_source_doi,calibration,calibration,,0.51997978723140392,0.99884786892874433,1.5980547573076249,1.0653698382050834,0.53268491910254168,0.73943404084867015,train_fit_logistic_C_selected_by_train_internal_CV,normalized_binary_entropy_proxy_not_calibrated,1_plus_mean_absolute_train_standardized_descriptor_value,0.5*(1-predicted_success)+0.5*uncertainty; benchmark-defined uncalibrated proxy; descriptive in the primary cost-only comparison and constrained only in the legacy stress test
mofsimplify_solvent_test_00049_COKFAK,calibration,test,MOFSimplify-main/model/solvent/ANN/dropped_connectivity_dupes/test.csv,49,COKFAK,0,10.1039/b803815e,10.1039/b803815e,10.1039/b803815e,normalized_source_doi,calibration,calibration,,0.54044923451881921,0.99527393331538416,1.7985185975594264,1.199012398372951,0.59950619918647552,0.72741234939828248,train_fit_logistic_C_selected_by_train_internal_CV,normalized_binary_entropy_proxy_not_calibrated,1_plus_mean_absolute_train_standardized_descriptor_value,0.5*(1-predicted_success)+0.5*uncertainty; benchmark-defined uncalibrated proxy; descriptive in the primary cost-only comparison and constrained only in the legacy stress test
mofsimplify_solvent_test_00059_CUZBUW,calibration,test,MOFSimplify-main/model/solvent/ANN/dropped_connectivity_dupes/test.csv,59,CUZBUW,0,10.1039/C5CE02094H,10.1039/c5ce02094h,10.1039/c5ce02094h,normalized_source_doi,calibration,calibration,,0.51512165081277228,0.999340113613023,1.5121716312499509,1.0081144208333006,0.5040572104166503,0.74210923140012541,train_fit_logistic_C_selected_by_train_internal_CV,normalized_binary_entropy_proxy_not_calibrated,1_plus_mean_absolute_train_standardized_descriptor_value,0.5*(1-predicted_success)+0.5*uncertainty; benchmark-defined uncalibrated proxy; descriptive in the primary cost-only comparison and constrained only in the legacy stress test
mofsimplify_solvent_test_00062_DATHAJ,calibration,test,MOFSimplify-main/model/solvent/ANN/dropped_connectivity_dupes/test.csv,62,DATHAJ,1,10.1021/cg2013717,10.1021/cg2013717,10.1021/cg2013717,normalized_source_doi,calibration,calibration,,0.54979068357241834,0.99283492478666646,1.5751128836805104,1.050075255787007,0.5250376278935035,0.72152212060712406,train_fit_logistic_C_selected_by_train_internal_CV,normalized_binary_entropy_proxy_not_calibrated,1_plus_mean_absolute_train_standardized_descriptor_value,0.5*(1-predicted_success)+0.5*uncertainty; benchmark-defined uncalibrated proxy; descriptive in the primary cost-only comparison and constrained only in the legacy stress test
mofsimplify_solvent_test_00074_EBELUU,calibration,test,MOFSimplify-main/model/solvent/ANN/dropped_connectivity_dupes/test.csv,74,EBELUU,0,10.1039/c1ce05699a,10.1039/c1ce05699a,10.1039/c1ce05699a,normalized_source_doi,calibration,calibration,,0.31546649846713498,0.89938313888430821,1.7976842362682683,1.1984561575121788,0.59922807875608941,0.7919583202085867,train_fit_logistic_C_selected_by_train_internal_CV,normalized_binary_entropy_proxy_not_calibrated,1_plus_mean_absolute_train_standardized_descriptor_value,0.5*(1-predicted_success)+0.5*uncertainty; benchmark-defined uncalibrated proxy; descriptive in the primary cost-only comparison and constrained only in the legacy stress test
mofsimplify_solvent_test_00078_EJETAQ,calibration,test,MOFSimplify-main/model/solvent/ANN/dropped_connectivity_dupes/test.csv,78,EJETAQ,0,10.1002/advs.201500012,10.1002/advs.201500012,10.1002/advs.201500012,normalized_source_doi,calibration,calibration,,0.59617880295358416,0.97314201087706564,1.6740231787458599,1.1160154524972399,0.55800772624861994,0.68848160396174074,train_fit_logistic_C_selected_by_train_internal_CV,normalized_binary_entropy_proxy_not_calibrated,1_plus_mean_absolute_train_standardized_descriptor_value,0.5*(1-predicted_success)+0.5*uncertainty; benchmark-defined uncalibrated proxy; descriptive in the primary cost-only comparison and constrained only in the legacy stress test
mofsimplify_solvent_test_00084_EPECEJ,calibration,test,MOFSimplify-main/model/solvent/ANN/dropped_connectivity_dupes/test.csv,84,EPECEJ,1,10.1039/C3DT00079F,10.1039/c3dt00079f,10.1039/c3dt00079f,normalized_source_doi,calibration,calibration,,0.52909417118190316,0.99755622140913525,1.4486206564367932,0.96574710429119548,0.48287355214559774,0.73423102511361604,train_fit_logistic_C_selected_by_train_internal_CV,normalized_binary_entropy_proxy_not_calibrated,1_plus_mean_absolute_train_standardized_descriptor_value,0.5*(1-predicted_success)+0.5*uncertainty; benchmark-defined uncalibrated proxy; descriptive in the primary cost-only comparison and constrained only in the legacy stress test
mofsimplify_solvent_test_00087_ESEVIH,calibration,test,MOFSimplify-main/model/solvent/ANN/dropped_connectivity_dupes/test.csv,87,ESEVIH,0,10.1021/cg034084+,10.1021/cg034084+,10.1021/cg034084+,normalized_source_doi,calibration,calibration,,0.49888774313098017,0.99999643043671615,1.5071916445873328,1.0047944297248885,0.50239721486244426,0.75055434365286799,train_fit_logistic_C_selected_by_train_internal_CV,normalized_binary_entropy_proxy_not_calibrated,1_plus_mean_absolute_train_standardized_descriptor_value,0.5*(1-predicted_success)+0.5*uncertainty; benchmark-defined uncalibrated proxy; descriptive in the primary cost-only comparison and constrained only in the legacy stress test
mofsimplify_solvent_test_00090_ETEPID,calibration,test,MOFSimplify-main/model/solvent/ANN/dropped_connectivity_dupes/test.csv,90,ETEPID,0,10.1039/c1ce05048f,10.1039/c1ce05048f,10.1039/c1ce05048f,normalized_source_doi,calibration,calibration,,0.71233670683552097,0.86568360786281939,2.5095301581774554,1.6730201054516369,0.83651005272581846,0.57667345051364927,train_fit_logistic_C_selected_by_train_internal_CV,normalized_binary_entropy_proxy_not_calibrated,1_plus_mean_absolute_train_standardized_descriptor_value,0.5*(1-predicted_success)+0.5*uncertainty; benchmark-defined uncalibrated proxy; descriptive in the primary cost-only comparison and constrained only in the legacy stress test
mofsimplify_solvent_test_00099_FEXCES,calibration,test,MOFSimplify-main/model/solvent/ANN/dropped_connectivity_dupes/test.csv,99,FEXCES,1,10.1021/cg301413u,10.1021/cg301413u,10.1021/cg301413u,normalized_source_doi,calibration,calibration,,0.50149453778825115,0.99999355505846577,1.357021016726091,0.90468067781739403,0.45234033890869701,0.74924950863510731,train_fit_logistic_C_selected_by_train_internal_CV,normalized_binary_entropy_proxy_not_calibrated,1_plus_mean_absolute_train_standardized_descriptor_value,0.5*(1-predicted_success)+0.5*uncertainty; benchmark-defined uncalibrated proxy; descriptive in the primary cost-only comparison and constrained only in the legacy stress test
mofsimplify_solvent_test_00110_GAMFEI,calibration,test,MOFSimplify-main/model/solvent/ANN/dropped_connectivity_dupes/test.csv,110,GAMFEI,1,10.1039/C6TA11242K,10.1039/c6ta11242k,10.1039/c6ta11242k,normalized_source_doi,calibration,calibration,,0.5037414747003115,0.99995960810641726,1.9144805838107719,1.2763203892071813,0.63816019460359064,0.74810906670305288,train_fit_logistic_C_selected_by_train_internal_CV,normalized_binary_entropy_proxy_not_calibrated,1_plus_mean_absolute_train_standardized_descriptor_value,0.5*(1-predicted_success)+0.5*uncertainty; benchmark-defined uncalibrated proxy; descriptive in the primary cost-only comparison and constrained only in the legacy stress test
mofsimplify_solvent_test_00113_GAPNOD,calibration,test,MOFSimplify-main/model/solvent/ANN/dropped_connectivity_dupes/test.csv,113,GAPNOD,1,10.1021/acs.cgd.7b00081,10.1021/acs.cgd.7b00081,10.1021/acs.cgd.7b00081,normalized_source_doi,calibration,calibration,,0.39885177582057868,0.97027496244037092,1.5837648422603772,1.0558432281735848,0.52792161408679239,0.78571159330989615,train_fit_logistic_C_selected_by_train_internal_CV,normalized_binary_entropy_proxy_not_calibrated,1_plus_mean_absolute_train_standardized_descriptor_value,0.5*(1-predicted_success)+0.5*uncertainty; benchmark-defined uncalibrated proxy; descriptive in the primary cost-only comparison and constrained only in the legacy stress test
mofsimplify_solvent_test_00116_GEFYUN,calibration,test,MOFSimplify-main/model/solvent/ANN/dropped_connectivity_dupes/test.csv,116,GEFYUN,1,10.1021/cm202608f,10.1021/cm202608f,10.1021/cm202608f,normalized_source_doi,calibration,calibration,,0.31059336590713094,0.89385721041173483,3.6495697282789505,2.4330464855193004,1.2165232427596502,0.79163192225230194,train_fit_logistic_C_selected_by_train_internal_CV,normalized_binary_entropy_proxy_not_calibrated,1_plus_mean_absolute_train_standardized_descriptor_value,0.5*(1-predicted_success)+0.5*uncertainty; benchmark-defined uncalibrated proxy; descriptive in the primary cost-only comparison and constrained only in the legacy stress test
mofsimplify_solvent_test_00122_GIWNUV,calibration,test,MOFSimplify-main/model/solvent/ANN/dropped_connectivity_dupes/test.csv,122,GIWNUV,0,10.1002/(SICI)1521-3773(19981231)37:24<3366::AID-ANIE3366>3.0.CO;2-Z,10.1002/(sici)1521-3773(19981231)37:24<3366::aid-anie3366>3.0.co;2-z,10.1002/(sici)1521-3773(19981231)37:24<3366::aid-anie3366>3.0.co;2-z,normalized_source_doi,calibration,calibration,,0.43482297353832666,0.98770778267536785,1.764275192620361,1.1761834617469074,0.58809173087345368,0.77644240456852054,train_fit_logistic_C_selected_by_train_internal_CV,normalized_binary_entropy_proxy_not_calibrated,1_plus_mean_absolute_train_standardized_descriptor_value,0.5*(1-predicted_success)+0.5*uncertainty; benchmark-defined uncalibrated proxy; descriptive in the primary cost-only comparison and constrained only in the legacy stress test
mofsimplify_solvent_test_00124_GUPNUC01,calibration,test,MOFSimplify-main/model/solvent/ANN/dropped_connectivity_dupes/test.csv,124,GUPNUC01,0,10.1039/C5CC06863K,10.1039/c5cc06863k,10.1039/c5cc06863k,normalized_source_doi,calibration,calibration,,0.29474941065438459,0.87477760110641989,1.852924000607914,1.2352826670719426,0.61764133353597128,0.79001409522601762,train_fit_logistic_C_selected_by_train_internal_CV,normalized_binary_entropy_proxy_not_calibrated,1_plus_mean_absolute_train_standardized_descriptor_value,0.5*(1-predicted_success)+0.5*uncertainty; benchmark-defined uncalibrated proxy; descriptive in the primary cost-only comparison and constrained only in the legacy stress test
mofsimplify_solvent_test_00140_HUJGEA,calibration,test,MOFSimplify-main/model/solvent/ANN/dropped_connectivity_dupes/test.csv,140,HUJGEA,1,10.1038/ncomms8575,10.1038/ncomms8575,10.1038/ncomms8575,normalized_source_doi,calibration,calibration,,0.57506473284624704,0.98368002031700086,1.9133798571164453,1.2755865714109635,0.63779328570548177,0.70430764373537691,train_fit_logistic_C_selected_by_train_internal_CV,normalized_binary_entropy_proxy_not_calibrated,1_plus_mean_absolute_train_standardized_descriptor_value,0.5*(1-predicted_success)+0.5*uncertainty; benchmark-defined uncalibrated proxy; descriptive in the primary cost-only comparison and constrained only in the legacy stress test
mofsimplify_solvent_test_00151_ILOSOS,calibration,test,MOFSimplify-main/model/solvent/ANN/dropped_connectivity_dupes/test.csv,151,ILOSOS,0,10.1021/ic100840a,10.1021/ic100840a,10.1021/ic100840a,normalized_source_doi,calibration,calibration,,0.61515657017968828,0.96139107728705542,1.6844243095481319,1.1229495396987546,0.56147476984937728,0.67311725355368357,train_fit_logistic_C_selected_by_train_internal_CV,normalized_binary_entropy_proxy_not_calibrated,1_plus_mean_absolute_train_standardized_descriptor_value,0.5*(1-predicted_success)+0.5*uncertainty; benchmark-defined uncalibrated proxy; descriptive in the primary cost-only comparison and constrained only in the legacy stress test
mofsimplify_solvent_test_00154_IQIPAZ,calibration,test,MOFSimplify-main/model/solvent/ANN/dropped_connectivity_dupes/test.csv,154,IQIPAZ,1,10.1002/zaac.200300262,10.1002/zaac.200300262,10.1002/zaac.200300262,normalized_source_doi,calibration,calibration,,0.51202131500817283,0.99958298628550812,1.474050714206157,0.98270047613743794,0.49135023806871897,0.7437808356386677,train_fit_logistic_C_selected_by_train_internal_CV,normalized_binary_entropy_proxy_not_calibrated,1_plus_mean_absolute_train_standardized_descriptor_value,0.5*(1-predicted_success)+0.5*uncertainty; benchmark-defined uncalibrated proxy; descriptive in the primary cost-only comparison and constrained only in the legacy stress test
mofsimplify_solvent_test_00163_JOHFIW,calibration,test,MOFSimplify-main/model/solvent/ANN/dropped_connectivity_dupes/test.csv,163,JOHFIW,1,10.1021/ja801411f,10.1021/ja801411f,10.1021/ja801411f,normalized_source_doi,calibration,calibration,,0.55057101032355149,0.99260819235494591,1.4789034627055506,0.98593564180370041,0.49296782090185021,0.72101859101569721,train_fit_logistic_C_selected_by_train_internal_CV,normalized_binary_entropy_proxy_not_calibrated,1_plus_mean_absolute_train_standardized_descriptor_value,0.5*(1-predicted_success)+0.5*uncertainty; benchmark-defined uncalibrated proxy; descriptive in the primary cost-only comparison and constrained only in the legacy stress test
mofsimplify_solvent_test_00164_JOLYEQ,calibration,test,MOFSimplify-main/model/solvent/ANN/dropped_connectivity_dupes/test.csv,164,JOLYEQ,1,10.1039/C4CC06223J,10.1039/c4cc06223j,10.1039/c4cc06223j,normalized_source_doi,calibration,calibration,,0.55123609786815064,0.99241214150007495,1.6197794129484577,1.0798529419656384,0.53992647098281921,0.72058802181596215,train_fit_logistic_C_selected_by_train_internal_CV,normalized_binary_entropy_proxy_not_calibrated,1_plus_mean_absolute_train_standardized_descriptor_value,0.5*(1-predicted_success)+0.5*uncertainty; benchmark-defined uncalibrated proxy; descriptive in the primary cost-only comparison and constrained only in the legacy stress test
mofsimplify_solvent_test_00165_KAGCAY,calibration,test,MOFSimplify-main/model/solvent/ANN/dropped_connectivity_dupes/test.csv,165,KAGCAY,0,10.1002/anie.201003314,10.1002/anie.201003314,10.1002/anie.201003314,normalized_source_doi,calibration,calibration,,0.51716780743497093,0.99914941138143876,1.4615225557388605,0.97434837049257361,0.48717418524628681,0.74099080197323386,train_fit_logistic_C_selected_by_train_internal_CV,normalized_binary_entropy_proxy_not_calibrated,1_plus_mean_absolute_train_standardized_descriptor_value,0.5*(1-predicted_success)+0.5*uncertainty; benchmark-defined uncalibrated proxy; descriptive in the primary cost-only comparison and constrained only in the legacy stress test
mofsimplify_solvent_test_00168_KARTAA,calibration,test,MOFSimplify-main/model/solvent/ANN/dropped_connectivity_dupes/test.csv,168,KARTAA,1,10.1039/c1ra00749a,10.1039/c1ra00749a,10.1039/c1ra00749a,normalized_source_doi,calibration,calibration,,0.77321445565228231,0.77236556052455652,2.9325926760547878,1.9550617840365252,0.9775308920182626,0.4995755524361371,train_fit_logistic_C_selected_by_train_internal_CV,normalized_binary_entropy_proxy_not_calibrated,1_plus_mean_absolute_train_standardized_descriptor_value,0.5*(1-predicted_success)+0.5*uncertainty; benchmark-defined uncalibrated proxy; descriptive in the primary cost-only comparison and constrained only in the legacy stress test
mofsimplify_solvent_test_00170_KAVTEI,calibration,test,MOFSimplify-main/model/solvent/ANN/dropped_connectivity_dupes/test.csv,170,KAVTEI,0,10.1039/c0ce00878h,10.1039/c0ce00878h,10.1039/c0ce00878h,normalized_source_doi,calibration,calibration,,0.49563691737123827,0.99994507160338053,1.3283499047646528,0.88556660317643521,0.4427833015882176,0.75215407711607107,train_fit_logistic_C_selected_by_train_internal_CV,normalized_binary_entropy_proxy_not_calibrated,1_plus_mean_absolute_train_standardized_descriptor_value,0.5*(1-predicted_success)+0.5*uncertainty; benchmark-defined uncalibrated proxy; descriptive in the primary cost-only comparison and constrained only in the legacy stress test
mofsimplify_solvent_test_00179_KIFXOO,calibration,test,MOFSimplify-main/model/solvent/ANN/dropped_connectivity_dupes/test.csv,179,KIFXOO,0,10.1039/C2CE26165K,10.1039/c2ce26165k,10.1039/c2ce26165k,normalized_source_doi,calibration,calibration,,0.4951123063181545,0.99993106823287803,1.3899493894178523,0.92663292627856819,0.4633164631392841,0.75240938095736176,train_fit_logistic_C_selected_by_train_internal_CV,normalized_binary_entropy_proxy_not_calibrated,1_plus_mean_absolute_train_standardized_descriptor_value,0.5*(1-predicted_success)+0.5*uncertainty; benchmark-defined uncalibrated proxy; descriptive in the primary cost-only comparison and constrained only in the legacy stress test
mofsimplify_solvent_test_00180_KIGCEK,calibration,test,MOFSimplify-main/model/solvent/ANN/dropped_connectivity_dupes/test.csv,180,KIGCEK,1,10.1039/C3CE41083H,10.1039/c3ce41083h,10.1039/c3ce41083h,normalized_source_doi,calibration,calibration,,0.53112139663201785,0.99720357318562636,1.5436584844254961,1.029105656283664,0.51455282814183201,0.73304108827680425,train_fit_logistic_C_selected_by_train_internal_CV,normalized_binary_entropy_proxy_not_calibrated,1_plus_mean_absolute_train_standardized_descriptor_value,0.5*(1-predicted_success)+0.5*uncertainty; benchmark-defined uncalibrated proxy; descriptive in the primary cost-only comparison and constrained only in the legacy stress test
mofsimplify_solvent_test_00193_KUTRUO,calibration,test,MOFSimplify-main/model/solvent/ANN/dropped_connectivity_dupes/test.csv,193,KUTRUO,1,10.1021/acs.cgd.5b00697,10.1021/acs.cgd.5b00697,10.1021/acs.cgd.5b00697,normalized_source_doi,calibration,calibration,,0.57295279686861134,0.98458868010213463,1.4821307159128527,0.98808714394190178,0.49404357197095089,0.70581794161676159,train_fit_logistic_C_selected_by_train_internal_CV,normalized_binary_entropy_proxy_not_calibrated,1_plus_mean_absolute_train_standardized_descriptor_value,0.5*(1-predicted_success)+0.5*uncertainty; benchmark-defined uncalibrated proxy; descriptive in the primary cost-only comparison and constrained only in the legacy stress test
mofsimplify_solvent_test_00198_LEHXUT,calibration,test,MOFSimplify-main/model/solvent/ANN/dropped_connectivity_dupes/test.csv,198,LEHXUT,1,10.1039/c2cc17593b,10.1039/c2cc17593b,10.1039/c2cc17593b,normalized_source_doi,calibration,calibration,,0.61172700392189094,0.9636760038827441,2.04835858795124,1.3655723919674934,0.68278619598374668,0.67597449998042658,train_fit_logistic_C_selected_by_train_internal_CV,normalized_binary_entropy_proxy_not_calibrated,1_plus_mean_absolute_train_standardized_descriptor_value,0.5*(1-predicted_success)+0.5*uncertainty; benchmark-defined uncalibrated proxy; descriptive in the primary cost-only comparison and constrained only in the legacy stress test
mofsimplify_solvent_test_00199_LENKIA,calibration,test,MOFSimplify-main/model/solvent/ANN/dropped_connectivity_dupes/test.csv,199,LENKIA,1,10.1039/c2dt32138f,10.1039/c2dt32138f,10.1039/c2dt32138f,normalized_source_doi,calibration,calibration,,0.54663288441585678,0.99371622750251887,1.5718131227564136,1.0478754151709424,0.5239377075854712,0.72354167154333104,train_fit_logistic_C_selected_by_train_internal_CV,normalized_binary_entropy_proxy_not_calibrated,1_plus_mean_absolute_train_standardized_descriptor_value,0.5*(1-predicted_success)+0.5*uncertainty; benchmark-defined uncalibrated proxy; descriptive in the primary cost-only comparison and constrained only in the legacy stress test
mofsimplify_solvent_test_00205_LUPYAX,calibration,test,MOFSimplify-main/model/solvent/ANN/dropped_connectivity_dupes/test.csv,205,LUPYAX,1,10.1039/b927486c,10.1039/b927486c,10.1039/b927486c,normalized_source_doi,calibration,calibration,,0.51732247837827261,0.99913401274151492,1.5239368427298094,1.0159578951532062,0.50797894757660311,0.74090576718162116,train_fit_logistic_C_selected_by_train_internal_CV,normalized_binary_entropy_proxy_not_calibrated,1_plus_mean_absolute_train_standardized_descriptor_value,0.5*(1-predicted_success)+0.5*uncertainty; benchmark-defined uncalibrated proxy; descriptive in the primary cost-only comparison and constrained only in the legacy stress test
mofsimplify_solvent_test_00215_MAYPIM,calibration,test,MOFSimplify-main/model/solvent/ANN/dropped_connectivity_dupes/test.csv,215,MAYPIM,1,10.1021/ic0513888,10.1021/ic0513888,10.1021/ic0513888,normalized_source_doi,calibration,calibration,,0.45655126398895018,0.99454610576211833,2.0893705421239073,1.3929136947492715,0.69645684737463576,0.76899742088658407,train_fit_logistic_C_selected_by_train_internal_CV,normalized_binary_entropy_proxy_not_calibrated,1_plus_mean_absolute_train_standardized_descriptor_value,0.5*(1-predicted_success)+0.5*uncertainty; benchmark-defined uncalibrated proxy; descriptive in the primary cost-only comparison and constrained only in the legacy stress test
mofsimplify_solvent_test_00220_MOYNIY,calibration,test,MOFSimplify-main/model/solvent/ANN/dropped_connectivity_dupes/test.csv,220,MOYNIY,1,10.1021/cg8006469,10.1021/cg8006469,10.1021/cg8006469,normalized_source_doi,calibration,calibration,,0.54147165310575129,0.99503171753649522,1.4771533447781406,0.98476889651876043,0.49238444825938021,0.72678003221537191,train_fit_logistic_C_selected_by_train_internal_CV,normalized_binary_entropy_proxy_not_calibrated,1_plus_mean_absolute_train_standardized_descriptor_value,0.5*(1-predicted_success)+0.5*uncertainty; benchmark-defined uncalibrated proxy; descriptive in the primary cost-only comparison and constrained only in the legacy stress test
mofsimplify_solvent_test_00227_NACYOG,calibration,test,MOFSimplify-main/model/solvent/ANN/dropped_connectivity_dupes/test.csv,227,NACYOG,0,10.1002/ejic.200400005,10.1002/ejic.200400005,10.1002/ejic.200400005,normalized_source_doi,calibration,calibration,,0.44778514347952519,0.99211893654073435,1.5465891655365294,1.0310594436910197,0.51552972184550983,0.77216689653060455,train_fit_logistic_C_selected_by_train_internal_CV,normalized_binary_entropy_proxy_not_calibrated,1_plus_mean_absolute_train_standardized_descriptor_value,0.5*(1-predicted_success)+0.5*uncertainty; benchmark-defined uncalibrated proxy; descriptive in the primary cost-only comparison and constrained only in the legacy stress test
mofsimplify_solvent_test_00239_NEHGEO,calibration,test,MOFSimplify-main/model/solvent/ANN/dropped_connectivity_dupes/test.csv,239,NEHGEO,0,10.1039/c2cc34047j,10.1039/c2cc34047j,10.1039/c2cc34047j,normalized_source_doi,calibration,calibration,,0.54434381654430641,0.99431878245571403,1.5054186376505885,1.0036124251003924,0.5018062125501962,0.72498748295570381,train_fit_logistic_C_selected_by_train_internal_CV,normalized_binary_entropy_proxy_not_calibrated,1_plus_mean_absolute_train_standardized_descriptor_value,0.5*(1-predicted_success)+0.5*uncertainty; benchmark-defined uncalibrated proxy; descriptive in the primary cost-only comparison and constrained only in the legacy stress test
mofsimplify_solvent_test_00241_NIGFUF,calibration,test,MOFSimplify-main/model/solvent/ANN/dropped_connectivity_dupes/test.csv,241,NIGFUF,1,10.1021/ic061666i,10.1021/ic061666i,10.1021/ic061666i,normalized_source_doi,calibration,calibration,,0.45115922108638057,0.99310614023703381,1.592646196802018,1.0617641312013453,0.53088206560067264,0.77097345957532659,train_fit_logistic_C_selected_by_train_internal_CV,normalized_binary_entropy_proxy_not_calibrated,1_plus_mean_absolute_train_standardized_descriptor_value,0.5*(1-predicted_success)+0.5*uncertainty; benchmark-defined uncalibrated proxy; descriptive in the primary cost-only comparison and constrained only in the legacy stress test
mofsimplify_solvent_test_00243_NIMWUD,calibration,test,MOFSimplify-main/model/solvent/ANN/dropped_connectivity_dupes/test.csv,243,NIMWUD,0,10.1039/C3CE41116H,10.1039/c3ce41116h,10.1039/c3ce41116h,normalized_source_doi,calibration,calibration,,0.55421725522807919,0.99150166488693381,1.5775529489699127,1.0517019659799418,0.52585098298997091,0.71864220482942731,train_fit_logistic_C_selected_by_train_internal_CV,normalized_binary_entropy_proxy_not_calibrated,1_plus_mean_absolute_train_standardized_descriptor_value,0.5*(1-predicted_success)+0.5*uncertainty; benchmark-defined uncalibrated proxy; descriptive in the primary cost-only comparison and constrained only in the legacy stress test
mofsimplify_solvent_test_00254_OHUMIP,calibration,test,MOFSimplify-main/model/solvent/ANN/dropped_connectivity_dupes/test.csv,254,OHUMIP,1,10.1021/jacs.5b02688,10.1021/jacs.5b02688,10.1021/jacs.5b02688,normalized_source_doi,calibration,calibration,,0.57502036462288075,0.98369938040500227,1.7198547667167117,1.1465698444778079,0.57328492223890393,0.70433950789106081,train_fit_logistic_C_selected_by_train_internal_CV,normalized_binary_entropy_proxy_not_calibrated,1_plus_mean_absolute_train_standardized_descriptor_value,0.5*(1-predicted_success)+0.5*uncertainty; benchmark-defined uncalibrated proxy; descriptive in the primary cost-only comparison and constrained only in the legacy stress test
mofsimplify_solvent_test_00260_OPIFUQ,calibration,test,MOFSimplify-main/model/solvent/ANN/dropped_connectivity_dupes/test.csv,260,OPIFUQ,1,10.1039/C6DT01697A,10.1039/c6dt01697a,10.1039/c6dt01697a,normalized_source_doi,calibration,calibration,,0.71647866411165617,0.86020462235322404,1.952440748528844,1.301627165685896,0.65081358284294799,0.57186297912078388,train_fit_logistic_C_selected_by_train_internal_CV,normalized_binary_entropy_proxy_not_calibrated,1_plus_mean_absolute_train_standardized_descriptor_value,0.5*(1-predicted_success)+0.5*uncertainty; benchmark-defined uncalibrated proxy; descriptive in the primary cost-only comparison and constrained only in the legacy stress test
mofsimplify_solvent_test_00261_OPOYUO,calibration,test,MOFSimplify-main/model/solvent/ANN/dropped_connectivity_dupes/test.csv,261,OPOYUO,0,10.1039/c0ce00662a,10.1039/c0ce00662a,10.1039/c0ce00662a,normalized_source_doi,calibration,calibration,,0.5254955840571004,0.99812361124392401,1.3321566126204245,0.88810440841361638,0.44405220420680819,0.73631401359341186,train_fit_logistic_C_selected_by_train_internal_CV,normalized_binary_entropy_proxy_not_calibrated,1_plus_mean_absolute_train_standardized_descriptor_value,0.5*(1-predicted_success)+0.5*uncertainty; benchmark-defined uncalibrated proxy; descriptive in the primary cost-only comparison and constrained only in the legacy stress test
mofsimplify_solvent_test_00262_OPOZEZ,calibration,test,MOFSimplify-main/model/solvent/ANN/dropped_connectivity_dupes/test.csv,262,OPOZEZ,0,10.1039/c0ce00662a,10.1039/c0ce00662a,10.1039/c0ce00662a,normalized_source_doi,calibration,calibration,,0.55265096080013776,0.99198649371117797,1.2884467631529637,0.8589645087686425,0.42948225438432125,0.71966776645552011,train_fit_logistic_C_selected_by_train_internal_CV,normalized_binary_entropy_proxy_not_calibrated,1_plus_mean_absolute_train_standardized_descriptor_value,0.5*(1-predicted_success)+0.5*uncertainty; benchmark-defined uncalibrated proxy; descriptive in the primary cost-only comparison and constrained only in the legacy stress test
mofsimplify_solvent_test_00270_PAPXUB,calibration,test,MOFSimplify-main/model/solvent/ANN/dropped_connectivity_dupes/test.csv,270,PAPXUB,0,10.1021/cg201226t,10.1021/cg201226t,10.1021/cg201226t,normalized_source_doi,calibration,calibration,,0.48887716709056606,0.99964299755832431,1.6097728029136857,1.0731818686091239,0.53659093430456195,0.75538291523387913,train_fit_logistic_C_selected_by_train_internal_CV,normalized_binary_entropy_proxy_not_calibrated,1_plus_mean_absolute_train_standardized_descriptor_value,0.5*(1-predicted_success)+0.5*uncertainty; benchmark-defined uncalibrated proxy; descriptive in the primary cost-only comparison and constrained only in the legacy stress test
mofsimplify_solvent_test_00275_PIWRAQ,calibration,test,MOFSimplify-main/model/solvent/ANN/dropped_connectivity_dupes/test.csv,275,PIWRAQ,1,10.1039/C3CE42025F,10.1039/c3ce42025f,10.1039/c3ce42025f,normalized_source_doi,calibration,calibration,,0.4290120622319134,0.98541044368279729,1.5450261657765705,1.030017443851047,0.51500872192552349,0.77819919072544197,train_fit_logistic_C_selected_by_train_internal_CV,normalized_binary_entropy_proxy_not_calibrated,1_plus_mean_absolute_train_standardized_descriptor_value,0.5*(1-predicted_success)+0.5*uncertainty; benchmark-defined uncalibrated proxy; descriptive in the primary cost-only comparison and constrained only in the legacy stress test
mofsimplify_solvent_test_00279_POLYEW,calibration,test,MOFSimplify-main/model/solvent/ANN/dropped_connectivity_dupes/test.csv,279,POLYEW,1,10.1039/C4CE01635A,10.1039/c4ce01635a,10.1039/c4ce01635a,normalized_source_doi,calibration,calibration,,0.52558625980800011,0.99811023480741756,1.3733995411605555,0.91559969410703701,0.4577998470535185,0.73626198749970873,train_fit_logistic_C_selected_by_train_internal_CV,normalized_binary_entropy_proxy_not_calibrated,1_plus_mean_absolute_train_standardized_descriptor_value,0.5*(1-predicted_success)+0.5*uncertainty; benchmark-defined uncalibrated proxy; descriptive in the primary cost-only comparison and constrained only in the legacy stress test
mofsimplify_solvent_test_00284_QANSUV,calibration,test,MOFSimplify-main/model/solvent/ANN/dropped_connectivity_dupes/test.csv,284,QANSUV,1,10.1021/ic201571n,10.1021/ic201571n,10.1021/ic201571n,normalized_source_doi,calibration,calibration,,0.60707775623910964,0.96665950513133003,1.6192587927522966,1.0795058618348643,0.53975293091743215,0.67979087444611019,train_fit_logistic_C_selected_by_train_internal_CV,normalized_binary_entropy_proxy_not_calibrated,1_plus_mean_absolute_train_standardized_descriptor_value,0.5*(1-predicted_success)+0.5*uncertainty; benchmark-defined uncalibrated proxy; descriptive in the primary cost-only comparison and constrained only in the legacy stress test
mofsimplify_solvent_test_00296_QOFKUT,calibration,test,MOFSimplify-main/model/solvent/ANN/dropped_connectivity_dupes/test.csv,296,QOFKUT,0,10.1039/C4RA02147A,10.1039/c4ra02147a,10.1039/c4ra02147a,normalized_source_doi,calibration,calibration,,0.49234490107321854,0.99983090797802854,1.5502304239261016,1.0334869492840677,0.51674347464203385,0.75374300345240497,train_fit_logistic_C_selected_by_train_internal_CV,normalized_binary_entropy_proxy_not_calibrated,1_plus_mean_absolute_train_standardized_descriptor_value,0.5*(1-predicted_success)+0.5*uncertainty; benchmark-defined uncalibrated proxy; descriptive in the primary cost-only comparison and constrained only in the legacy stress test
mofsimplify_solvent_test_00300_QUFXIZ,calibration,test,MOFSimplify-main/model/solvent/ANN/dropped_connectivity_dupes/test.csv,300,QUFXIZ,1,10.1021/cg900460k,10.1021/cg900460k,10.1021/cg900460k,normalized_source_doi,calibration,calibration,,0.50632182239032753,0.99988468104798511,1.4277359860765011,0.95182399071766743,0.47591199535883372,0.74678142932882885,train_fit_logistic_C_selected_by_train_internal_CV,normalized_binary_entropy_proxy_not_calibrated,1_plus_mean_absolute_train_standardized_descriptor_value,0.5*(1-predicted_success)+0.5*uncertainty; benchmark-defined uncalibrated proxy; descriptive in the primary cost-only comparison and constrained only in the legacy stress test
mofsimplify_solvent_test_00301_QUGZEZ,calibration,test,MOFSimplify-main/model/solvent/ANN/dropped_connectivity_dupes/test.csv,301,QUGZEZ,1,10.1039/C5CC03670D,10.1039/c5cc03670d,10.1039/c5cc03670d,normalized_source_doi,calibration,calibration,,0.75629306973286825,0.80115062086173872,3.1174628112468072,2.078308540831205,1.0391542704156025,0.52242877556443523,train_fit_logistic_C_selected_by_train_internal_CV,normalized_binary_entropy_proxy_not_calibrated,1_plus_mean_absolute_train_standardized_descriptor_value,0.5*(1-predicted_success)+0.5*uncertainty; benchmark-defined uncalibrated proxy; descriptive in the primary cost-only comparison and constrained only in the legacy stress test
mofsimplify_solvent_test_00303_QULMIU,calibration,test,MOFSimplify-main/model/solvent/ANN/dropped_connectivity_dupes/test.csv,303,QULMIU,1,10.1039/b909731g,10.1039/b909731g,10.1039/b909731g,normalized_source_doi,calibration,calibration,,0.58228164531776605,0.98037599245276263,1.4801293318553046,0.98675288790353644,0.49337644395176822,0.69904717356749835,train_fit_logistic_C_selected_by_train_internal_CV,normalized_binary_entropy_proxy_not_calibrated,1_plus_mean_absolute_train_standardized_descriptor_value,0.5*(1-predicted_success)+0.5*uncertainty; benchmark-defined uncalibrated proxy; descriptive in the primary cost-only comparison and constrained only in the legacy stress test
mofsimplify_solvent_test_00304_QUTVIM,calibration,test,MOFSimplify-main/model/solvent/ANN/dropped_connectivity_dupes/test.csv,304,QUTVIM,0,10.1039/C5DT03481G,10.1039/c5dt03481g,10.1039/c5dt03481g,normalized_source_doi,calibration,calibration,,0.29790216479537718,0.87871138406400418,1.9978052356166272,1.3318701570777514,0.66593507853887568,0.79040460963431347,train_fit_logistic_C_selected_by_train_internal_CV,normalized_binary_entropy_proxy_not_calibrated,1_plus_mean_absolute_train_standardized_descriptor_value,0.5*(1-predicted_success)+0.5*uncertainty; benchmark-defined uncalibrated proxy; descriptive in the primary cost-only comparison and constrained only in the legacy stress test
mofsimplify_solvent_test_00305_RAFMUH,calibration,test,MOFSimplify-main/model/solvent/ANN/dropped_connectivity_dupes/test.csv,305,RAFMUH,1,10.1039/b407341j,10.1039/b407341j,10.1039/b407341j,normalized_source_doi,calibration,calibration,,0.59347715438223492,0.97463856043062091,2.2041022311048724,1.4694014874032482,0.73470074370162408,0.69058070302419305,train_fit_logistic_C_selected_by_train_internal_CV,normalized_binary_entropy_proxy_not_calibrated,1_plus_mean_absolute_train_standardized_descriptor_value,0.5*(1-predicted_success)+0.5*uncertainty; benchmark-defined uncalibrated proxy; descriptive in the primary cost-only comparison and constrained only in the legacy stress test
mofsimplify_solvent_test_00308_REGJIW,calibration,test,MOFSimplify-main/model/solvent/ANN/dropped_connectivity_dupes/test.csv,308,REGJIW,0,10.1002/anie.199709911,10.1002/anie.199709911,10.1002/anie.199709911,normalized_source_doi,calibration,calibration,,0.48682567396006748,0.99949914546357177,1.6033921351309719,1.0689280900873146,0.5344640450436573,0.75633673575175209,train_fit_logistic_C_selected_by_train_internal_CV,normalized_binary_entropy_proxy_not_calibrated,1_plus_mean_absolute_train_standardized_descriptor_value,0.5*(1-predicted_success)+0.5*uncertainty; benchmark-defined uncalibrated proxy; descriptive in the primary cost-only comparison and constrained only in the legacy stress test
mofsimplify_solvent_test_00309_REGMOH,calibration,test,MOFSimplify-main/model/solvent/ANN/dropped_connectivity_dupes/test.csv,309,REGMOH,1,10.1039/c2ce26338f,10.1039/c2ce26338f,10.1039/c2ce26338f,normalized_source_doi,calibration,calibration,,0.5395532255128116,0.99548120954505603,1.6783480125246317,1.1188986750164212,0.55944933750821058,0.72796399201612227,train_fit_logistic_C_selected_by_train_internal_CV,normalized_binary_entropy_proxy_not_calibrated,1_plus_mean_absolute_train_standardized_descriptor_value,0.5*(1-predicted_success)+0.5*uncertainty; benchmark-defined uncalibrated proxy; descriptive in the primary cost-only comparison and constrained only in the legacy stress test
mofsimplify_solvent_test_00310_REGMUN,calibration,test,MOFSimplify-main/model/solvent/ANN/dropped_connectivity_dupes/test.csv,310,REGMUN,1,10.1039/c2ce26338f,10.1039/c2ce26338f,10.1039/c2ce26338f,normalized_source_doi,calibration,calibration,,0.54288520888910563,0.99468683473013164,1.6806788214893338,1.1204525476595559,0.56022627382977797,0.72590081292051301,train_fit_logistic_C_selected_by_train_internal_CV,normalized_binary_entropy_proxy_not_calibrated,1_plus_mean_absolute_train_standardized_descriptor_value,0.5*(1-predicted_success)+0.5*uncertainty; benchmark-defined uncalibrated proxy; descriptive in the primary cost-only comparison and constrained only in the legacy stress test
mofsimplify_solvent_test_00315_RESSAK,calibration,test,MOFSimplify-main/model/solvent/ANN/dropped_connectivity_dupes/test.csv,315,RESSAK,1,10.1021/cg060343u,10.1021/cg060343u,10.1021/cg060343u,normalized_source_doi,calibration,calibration,,0.50119576677807809,0.99999587429743442,1.4086032835849935,0.93906885572332899,0.46953442786166449,0.74940005375967811,train_fit_logistic_C_selected_by_train_internal_CV,normalized_binary_entropy_proxy_not_calibrated,1_plus_mean_absolute_train_standardized_descriptor_value,0.5*(1-predicted_success)+0.5*uncertainty; benchmark-defined uncalibrated proxy; descriptive in the primary cost-only comparison and constrained only in the legacy stress test
mofsimplify_solvent_test_00324_RUDQUD,calibration,test,MOFSimplify-main/model/solvent/ANN/dropped_connectivity_dupes/test.csv,324,RUDQUD,1,10.1021/ic900346p,10.1021/ic900346p,10.1021/ic900346p,normalized_source_doi,calibration,calibration,,0.37246846483772766,0.95254860646066974,1.695826406544366,1.1305509376962439,0.56527546884812196,0.79004007081147098,train_fit_logistic_C_selected_by_train_internal_CV,normalized_binary_entropy_proxy_not_calibrated,1_plus_mean_absolute_train_standardized_descriptor_value,0.5*(1-predicted_success)+0.5*uncertainty; benchmark-defined uncalibrated proxy; descriptive in the primary cost-only comparison and constrained only in the legacy stress test
mofsimplify_solvent_test_00334_SUSZIQ,calibration,test,MOFSimplify-main/model/solvent/ANN/dropped_connectivity_dupes/test.csv,334,SUSZIQ,1,10.1021/cm902528y,10.1021/cm902528y,10.1021/cm902528y,normalized_source_doi,calibration,calibration,,0.40124445215003535,0.97167389922090219,2.0667366260274296,1.3778244173516196,0.68891220867580982,0.78521472353543342,train_fit_logistic_C_selected_by_train_internal_CV,normalized_binary_entropy_proxy_not_calibrated,1_plus_mean_absolute_train_standardized_descriptor_value,0.5*(1-predicted_success)+0.5*uncertainty; benchmark-defined uncalibrated proxy; descriptive in the primary cost-only comparison and constrained only in the legacy stress test
mofsimplify_solvent_test_00337_TATPOV,calibration,test,MOFSimplify-main/model/solvent/ANN/dropped_connectivity_dupes/test.csv,337,TATPOV,1,10.1002/chem.201102734,10.1002/chem.201102734,10.1002/chem.201102734,normalized_source_doi,calibration,calibration,,0.53140588028172486,0.9971521808547581,1.7349543735952455,1.1566362490634969,0.57831812453174847,0.73287315028651667,train_fit_logistic_C_selected_by_train_internal_CV,normalized_binary_entropy_proxy_not_calibrated,1_plus_mean_absolute_train_standardized_descriptor_value,0.5*(1-predicted_success)+0.5*uncertainty; benchmark-defined uncalibrated proxy; descriptive in the primary cost-only comparison and constrained only in the legacy stress test
mofsimplify_solvent_test_00342_TOHYUL,calibration,test,MOFSimplify-main/model/solvent/ANN/dropped_connectivity_dupes/test.csv,342,TOHYUL,0,10.1039/b812645c,10.1039/b812645c,10.1039/b812645c,normalized_source_doi,calibration,calibration,,0.5901409633884831,0.97642639088832239,1.5263067009779088,1.0175378006519391,0.50876890032596955,0.69314271374991965,train_fit_logistic_C_selected_by_train_internal_CV,normalized_binary_entropy_proxy_not_calibrated,1_plus_mean_absolute_train_standardized_descriptor_value,0.5*(1-predicted_success)+0.5*uncertainty; benchmark-defined uncalibrated proxy; descriptive in the primary cost-only comparison and constrained only in the legacy stress test
mofsimplify_solvent_test_00353_UBULIO,calibration,test,MOFSimplify-main/model/solvent/ANN/dropped_connectivity_dupes/test.csv,353,UBULIO,1,10.1039/c1cc14893a,10.1039/c1cc14893a,10.1039/c1cc14893a,normalized_source_doi,calibration,calibration,,0.67841030025185389,0.90610182692037045,1.6431359917128749,1.09542399447525,0.54771199723762498,0.61384576333425822,train_fit_logistic_C_selected_by_train_internal_CV,normalized_binary_entropy_proxy_not_calibrated,1_plus_mean_absolute_train_standardized_descriptor_value,0.5*(1-predicted_success)+0.5*uncertainty; benchmark-defined uncalibrated proxy; descriptive in the primary cost-only comparison and constrained only in the legacy stress test
mofsimplify_solvent_test_00360_UMIGAA,calibration,test,MOFSimplify-main/model/solvent/ANN/dropped_connectivity_dupes/test.csv,360,UMIGAA,1,10.1002/zaac.201600033,10.1002/zaac.201600033,10.1002/zaac.201600033,normalized_source_doi,calibration,calibration,,0.54812121176724204,0.99330809033228507,1.4258439630186472,0.95056264201243146,0.47528132100621573,0.72259343928252151,train_fit_logistic_C_selected_by_train_internal_CV,normalized_binary_entropy_proxy_not_calibrated,1_plus_mean_absolute_train_standardized_descriptor_value,0.5*(1-predicted_success)+0.5*uncertainty; benchmark-defined uncalibrated proxy; descriptive in the primary cost-only comparison and constrained only in the legacy stress test
mofsimplify_solvent_test_00366_VAMQAE,calibration,test,MOFSimplify-main/model/solvent/ANN/dropped_connectivity_dupes/test.csv,366,VAMQAE,1,10.1039/C7SC00449D,10.1039/c7sc00449d,10.1039/c7sc00449d,normalized_source_doi,calibration,calibration,,0.48019784317137609,0.99886826925460814,1.4990433049776855,0.99936220331845693,0.49968110165922847,0.759335213041616,train_fit_logistic_C_selected_by_train_internal_CV,normalized_binary_entropy_proxy_not_calibrated,1_plus_mean_absolute_train_standardized_descriptor_value,0.5*(1-predicted_success)+0.5*uncertainty; benchmark-defined uncalibrated proxy; descriptive in the primary cost-only comparison and constrained only in the legacy stress test
mofsimplify_solvent_test_00367_VANHEA,calibration,test,MOFSimplify-main/model/solvent/ANN/dropped_connectivity_dupes/test.csv,367,VANHEA,1,10.1039/C7CE00361G,10.1039/c7ce00361g,10.1039/c7ce00361g,normalized_source_doi,calibration,calibration,,0.57971067420211442,0.98158837565390389,1.8304485688676011,1.220299045911734,0.610149522955867,0.70093885072589468,train_fit_logistic_C_selected_by_train_internal_CV,normalized_binary_entropy_proxy_not_calibrated,1_plus_mean_absolute_train_standardized_descriptor_value,0.5*(1-predicted_success)+0.5*uncertainty; benchmark-defined uncalibrated proxy; descriptive in the primary cost-only comparison and constrained only in the legacy stress test
mofsimplify_solvent_test_00375_VOGPEO,calibration,test,MOFSimplify-main/model/solvent/ANN/dropped_connectivity_dupes/test.csv,375,VOGPEO,1,10.1039/C4RA07246D,10.1039/c4ra07246d,10.1039/c4ra07246d,normalized_source_doi,calibration,calibration,,0.53505769203203846,0.99645082366415672,1.5937037031255117,1.0624691354170077,0.53123456770850386,0.73069656581605913,train_fit_logistic_C_selected_by_train_internal_CV,normalized_binary_entropy_proxy_not_calibrated,1_plus_mean_absolute_train_standardized_descriptor_value,0.5*(1-predicted_success)+0.5*uncertainty; benchmark-defined uncalibrated proxy; descriptive in the primary cost-only comparison and constrained only in the legacy stress test
mofsimplify_solvent_test_00377_VUWRUC,calibration,test,MOFSimplify-main/model/solvent/ANN/dropped_connectivity_dupes/test.csv,377,VUWRUC,1,10.1039/C5RA10799G,10.1039/c5ra10799g,10.1039/c5ra10799g,normalized_source_doi,calibration,calibration,,0.54290896624517004,0.99468093911098621,1.5233743097841961,1.0155828731894641,0.50779143659473203,0.72588598643290814,train_fit_logistic_C_selected_by_train_internal_CV,normalized_binary_entropy_proxy_not_calibrated,1_plus_mean_absolute_train_standardized_descriptor_value,0.5*(1-predicted_success)+0.5*uncertainty; benchmark-defined uncalibrated proxy; descriptive in the primary cost-only comparison and constrained only in the legacy stress test
mofsimplify_solvent_test_00378_VUWSAJ,calibration,test,MOFSimplify-main/model/solvent/ANN/dropped_connectivity_dupes/test.csv,378,VUWSAJ,1,10.1039/C5RA10799G,10.1039/c5ra10799g,10.1039/c5ra10799g,normalized_source_doi,calibration,calibration,,0.49549891264149437,0.99994154182076966,1.4895137758874772,0.99300918392498483,0.49650459196249241,0.7522213145896377,train_fit_logistic_C_selected_by_train_internal_CV,normalized_binary_entropy_proxy_not_calibrated,1_plus_mean_absolute_train_standardized_descriptor_value,0.5*(1-predicted_success)+0.5*uncertainty; benchmark-defined uncalibrated proxy; descriptive in the primary cost-only comparison and constrained only in the legacy stress test
mofsimplify_solvent_test_00379_WAQFAX,calibration,test,MOFSimplify-main/model/solvent/ANN/dropped_connectivity_dupes/test.csv,379,WAQFAX,1,10.1039/c2dt12261h,10.1039/c2dt12261h,10.1039/c2dt12261h,normalized_source_doi,calibration,calibration,,0.54516663969925949,0.99410569944244265,1.4979804916833901,0.99865366112226006,0.49932683056113003,0.72446952987159152,train_fit_logistic_C_selected_by_train_internal_CV,normalized_binary_entropy_proxy_not_calibrated,1_plus_mean_absolute_train_standardized_descriptor_value,0.5*(1-predicted_success)+0.5*uncertainty; benchmark-defined uncalibrated proxy; descriptive in the primary cost-only comparison and constrained only in the legacy stress test
mofsimplify_solvent_test_00389_WOPDEL,calibration,test,MOFSimplify-main/model/solvent/ANN/dropped_connectivity_dupes/test.csv,389,WOPDEL,1,10.1039/b811725j,10.1039/b811725j,10.1039/b811725j,normalized_source_doi,calibration,calibration,,0.51168731552316593,0.99960583902183275,1.3626452078160345,0.90843013854402299,0.4542150692720115,0.74395926174933336,train_fit_logistic_C_selected_by_train_internal_CV,normalized_binary_entropy_proxy_not_calibrated,1_plus_mean_absolute_train_standardized_descriptor_value,0.5*(1-predicted_success)+0.5*uncertainty; benchmark-defined uncalibrated proxy; descriptive in the primary cost-only comparison and constrained only in the legacy stress test
mofsimplify_solvent_test_00391_WOZWEP,calibration,test,MOFSimplify-main/model/solvent/ANN/dropped_connectivity_dupes/test.csv,391,WOZWEP,1,10.1039/C4DT03502J,10.1039/c4dt03502j,10.1039/c4dt03502j,normalized_source_doi,calibration,calibration,,0.49411115301654956,0.99989993663237853,1.51383377482402,1.0092225165493467,0.50461125827467335,0.75289439180791451,train_fit_logistic_C_selected_by_train_internal_CV,normalized_binary_entropy_proxy_not_calibrated,1_plus_mean_absolute_train_standardized_descriptor_value,0.5*(1-predicted_success)+0.5*uncertainty; benchmark-defined uncalibrated proxy; descriptive in the primary cost-only comparison and constrained only in the legacy stress test
mofsimplify_solvent_test_00401_XAWZOM,calibration,test,MOFSimplify-main/model/solvent/ANN/dropped_connectivity_dupes/test.csv,401,XAWZOM,0,10.1039/c2ce06705f,10.1039/c2ce06705f,10.1039/c2ce06705f,normalized_source_doi,calibration,calibration,,0.44623129356960484,0.99164197153551203,1.3960586472438703,0.93070576482924683,0.46535288241462341,0.77270533898295357,train_fit_logistic_C_selected_by_train_internal_CV,normalized_binary_entropy_proxy_not_calibrated,1_plus_mean_absolute_train_standardized_descriptor_value,0.5*(1-predicted_success)+0.5*uncertainty; benchmark-defined uncalibrated proxy; descriptive in the primary cost-only comparison and constrained only in the legacy stress test
mofsimplify_solvent_test_00402_XEDGIY,calibration,test,MOFSimplify-main/model/solvent/ANN/dropped_connectivity_dupes/test.csv,402,XEDGIY,1,10.1039/c2cc31792c,10.1039/c2cc31792c,10.1039/c2cc31792c,normalized_source_doi,calibration,calibration,,0.50959224248938828,0.99973449575092466,1.6525530944375499,1.1017020629583667,0.55085103147918335,0.74507112663076813,train_fit_logistic_C_selected_by_train_internal_CV,normalized_binary_entropy_proxy_not_calibrated,1_plus_mean_absolute_train_standardized_descriptor_value,0.5*(1-predicted_success)+0.5*uncertainty; benchmark-defined uncalibrated proxy; descriptive in the primary cost-only comparison and constrained only in the legacy stress test
mofsimplify_solvent_test_00404_XEJTIR,calibration,test,MOFSimplify-main/model/solvent/ANN/dropped_connectivity_dupes/test.csv,404,XEJTIR,0,10.1002/ejic.201200427,10.1002/ejic.201200427,10.1002/ejic.201200427,normalized_source_doi,calibration,calibration,,0.42624229372997224,0.98424547146864194,1.6949992314300923,1.1299994876200616,0.56499974381003082,0.7790015888693349,train_fit_logistic_C_selected_by_train_internal_CV,normalized_binary_entropy_proxy_not_calibrated,1_plus_mean_absolute_train_standardized_descriptor_value,0.5*(1-predicted_success)+0.5*uncertainty; benchmark-defined uncalibrated proxy; descriptive in the primary cost-only comparison and constrained only in the legacy stress test
mofsimplify_solvent_test_00418_YEKXET,calibration,test,MOFSimplify-main/model/solvent/ANN/dropped_connectivity_dupes/test.csv,418,YEKXET,1,10.1039/c2ce25780g,10.1039/c2ce25780g,10.1039/c2ce25780g,normalized_source_doi,calibration,calibration,,0.52774973220175236,0.99777697013760758,1.3161621940185815,0.87744146267905432,0.43872073133952716,0.73501361896792761,train_fit_logistic_C_selected_by_train_internal_CV,normalized_binary_entropy_proxy_not_calibrated,1_plus_mean_absolute_train_standardized_descriptor_value,0.5*(1-predicted_success)+0.5*uncertainty; benchmark-defined uncalibrated proxy; descriptive in the primary cost-only comparison and constrained only in the legacy stress test
mofsimplify_solvent_test_00419_YEZFIU,calibration,test,MOFSimplify-main/model/solvent/ANN/dropped_connectivity_dupes/test.csv,419,YEZFIU,1,10.1021/ja3063138,10.1021/ja3063138,10.1021/ja3063138,normalized_source_doi,calibration,calibration,,0.49420012971434696,0.99990293764245153,1.551249103762498,1.0341660691749988,0.51708303458749938,0.75285140396405226,train_fit_logistic_C_selected_by_train_internal_CV,normalized_binary_entropy_proxy_not_calibrated,1_plus_mean_absolute_train_standardized_descriptor_value,0.5*(1-predicted_success)+0.5*uncertainty; benchmark-defined uncalibrated proxy; descriptive in the primary cost-only comparison and constrained only in the legacy stress test
mofsimplify_solvent_test_00422_YOTROQ,calibration,test,MOFSimplify-main/model/solvent/ANN/dropped_connectivity_dupes/test.csv,422,YOTROQ,0,10.1021/cg5008236,10.1021/cg5008236,10.1021/cg5008236,normalized_source_doi,calibration,calibration,,0.62960384225104105,0.95097578753230394,1.7256472887923044,1.1504315258615363,0.57521576293076815,0.66068597264063145,train_fit_logistic_C_selected_by_train_internal_CV,normalized_binary_entropy_proxy_not_calibrated,1_plus_mean_absolute_train_standardized_descriptor_value,0.5*(1-predicted_success)+0.5*uncertainty; benchmark-defined uncalibrated proxy; descriptive in the primary cost-only comparison and constrained only in the legacy stress test
mofsimplify_solvent_test_00423_YOYBUL,calibration,test,MOFSimplify-main/model/solvent/ANN/dropped_connectivity_dupes/test.csv,423,YOYBUL,1,10.1021/cg500942g,10.1021/cg500942g,10.1021/cg500942g,normalized_source_doi,calibration,calibration,,0.49133347075793643,0.99978327116507726,1.4367917996169655,0.95786119974464368,0.47893059987232184,0.75422490020357036,train_fit_logistic_C_selected_by_train_internal_CV,normalized_binary_entropy_proxy_not_calibrated,1_plus_mean_absolute_train_standardized_descriptor_value,0.5*(1-predicted_success)+0.5*uncertainty; benchmark-defined uncalibrated proxy; descriptive in the primary cost-only comparison and constrained only in the legacy stress test
mofsimplify_solvent_test_00428_YOZBAS,calibration,test,MOFSimplify-main/model/solvent/ANN/dropped_connectivity_dupes/test.csv,428,YOZBAS,1,10.1021/cg501231v,10.1021/cg501231v,10.1021/cg501231v,normalized_source_doi,calibration,calibration,,0.59097811642292808,0.97598401496794729,4.139242520043755,2.7594950133625034,1.3797475066812517,0.69250294927250966,train_fit_logistic_C_selected_by_train_internal_CV,normalized_binary_entropy_proxy_not_calibrated,1_plus_mean_absolute_train_standardized_descriptor_value,0.5*(1-predicted_success)+0.5*uncertainty; benchmark-defined uncalibrated proxy; descriptive in the primary cost-only comparison and constrained only in the legacy stress test
mofsimplify_solvent_test_00429_YOZKOP,calibration,test,MOFSimplify-main/model/solvent/ANN/dropped_connectivity_dupes/test.csv,429,YOZKOP,0,10.1021/cg5018328,10.1021/cg5018328,10.1021/cg5018328,normalized_source_doi,calibration,calibration,,0.5341563452391116,0.99663111950374561,1.4800955875344306,0.9867303916896204,0.4933651958448102,0.73123738713231701,train_fit_logistic_C_selected_by_train_internal_CV,normalized_binary_entropy_proxy_not_calibrated,1_plus_mean_absolute_train_standardized_descriptor_value,0.5*(1-predicted_success)+0.5*uncertainty; benchmark-defined uncalibrated proxy; descriptive in the primary cost-only comparison and constrained only in the legacy stress test
mofsimplify_solvent_test_00434_ZIMTAS,calibration,test,MOFSimplify-main/model/solvent/ANN/dropped_connectivity_dupes/test.csv,434,ZIMTAS,1,10.1039/C3DT51863A,10.1039/c3dt51863a,10.1039/c3dt51863a,normalized_source_doi,calibration,calibration,,0.60395397502872727,0.96859062559198295,1.9110616182697946,1.2740410788465297,0.63702053942326486,0.68231832528162784,train_fit_logistic_C_selected_by_train_internal_CV,normalized_binary_entropy_proxy_not_calibrated,1_plus_mean_absolute_train_standardized_descriptor_value,0.5*(1-predicted_success)+0.5*uncertainty; benchmark-defined uncalibrated proxy; descriptive in the primary cost-only comparison and constrained only in the legacy stress test
mofsimplify_solvent_test_00436_ZURQOS,calibration,test,MOFSimplify-main/model/solvent/ANN/dropped_connectivity_dupes/test.csv,436,ZURQOS,1,10.1021/ic950382n,10.1021/ic950382n,10.1021/ic950382n,normalized_source_doi,calibration,calibration,,0.30812755430076111,0.89100020477214681,1.842467108807639,1.2283114058717592,0.61415570293587962,0.79143632523569285,train_fit_logistic_C_selected_by_train_internal_CV,normalized_binary_entropy_proxy_not_calibrated,1_plus_mean_absolute_train_standardized_descriptor_value,0.5*(1-predicted_success)+0.5*uncertainty; benchmark-defined uncalibrated proxy; descriptive in the primary cost-only comparison and constrained only in the legacy stress test
mofsimplify_solvent_val_00013_AVIPAX,test,val,MOFSimplify-main/model/solvent/ANN/dropped_connectivity_dupes/val.csv,13,AVIPAX,0,10.1021/cg200327y,10.1021/cg200327y,10.1021/cg200327y,normalized_source_doi,test,test,,0.53791399281846719,0.99584835192818133,1.3802372098307858,0.92015813988719053,0.46007906994359526,0.72896717955485713,train_fit_logistic_C_selected_by_train_internal_CV,normalized_binary_entropy_proxy_not_calibrated,1_plus_mean_absolute_train_standardized_descriptor_value,0.5*(1-predicted_success)+0.5*uncertainty; benchmark-defined uncalibrated proxy; descriptive in the primary cost-only comparison and constrained only in the legacy stress test
mofsimplify_solvent_val_00031_CAWZUX,test,val,MOFSimplify-main/model/solvent/ANN/dropped_connectivity_dupes/val.csv,31,CAWZUX,0,10.1021/ic201951e,10.1021/ic201951e,10.1021/ic201951e,normalized_source_doi,test,test,,0.46850959856423835,0.99713682165492168,2.2303222687181883,1.4868815124787922,0.74344075623939609,0.76431361154534172,train_fit_logistic_C_selected_by_train_internal_CV,normalized_binary_entropy_proxy_not_calibrated,1_plus_mean_absolute_train_standardized_descriptor_value,0.5*(1-predicted_success)+0.5*uncertainty; benchmark-defined uncalibrated proxy; descriptive in the primary cost-only comparison and constrained only in the legacy stress test
mofsimplify_solvent_val_00033_COJHIT,test,val,MOFSimplify-main/model/solvent/ANN/dropped_connectivity_dupes/val.csv,33,COJHIT,0,10.1021/ja8024092,10.1021/ja8024092,10.1021/ja8024092,normalized_source_doi,test,test,,0.49054822311134461,0.99974221518822126,1.594709092826339,1.0631393952175594,0.5315696976087797,0.75459699603843833,train_fit_logistic_C_selected_by_train_internal_CV,normalized_binary_entropy_proxy_not_calibrated,1_plus_mean_absolute_train_standardized_descriptor_value,0.5*(1-predicted_success)+0.5*uncertainty; benchmark-defined uncalibrated proxy; descriptive in the primary cost-only comparison and constrained only in the legacy stress test
mofsimplify_solvent_val_00034_COPXOV,test,val,MOFSimplify-main/model/solvent/ANN/dropped_connectivity_dupes/val.csv,34,COPXOV,1,10.1021/ic801278j,10.1021/ic801278j,10.1021/ic801278j,normalized_source_doi,test,test,,0.50524452111367057,0.9999206358855508,1.3704024927828489,0.91360166185523262,0.45680083092761631,0.74733805738594006,train_fit_logistic_C_selected_by_train_internal_CV,normalized_binary_entropy_proxy_not_calibrated,1_plus_mean_absolute_train_standardized_descriptor_value,0.5*(1-predicted_success)+0.5*uncertainty; benchmark-defined uncalibrated proxy; descriptive in the primary cost-only comparison and constrained only in the legacy stress test
mofsimplify_solvent_val_00038_DAMYOI,test,val,MOFSimplify-main/model/solvent/ANN/dropped_connectivity_dupes/val.csv,38,DAMYOI,0,10.1039/C6DT03755K,10.1039/c6dt03755k,10.1039/c6dt03755k,normalized_source_doi,test,test,,0.51976729878312711,0.9988722511923076,1.5586444359230573,1.0390962906153716,0.51954814530768578,0.73955247620459019,train_fit_logistic_C_selected_by_train_internal_CV,normalized_binary_entropy_proxy_not_calibrated,1_plus_mean_absolute_train_standardized_descriptor_value,0.5*(1-predicted_success)+0.5*uncertainty; benchmark-defined uncalibrated proxy; descriptive in the primary cost-only comparison and constrained only in the legacy stress test
mofsimplify_solvent_val_00046_DUBBEI,test,val,MOFSimplify-main/model/solvent/ANN/dropped_connectivity_dupes/val.csv,46,DUBBEI,1,10.1021/ic801817e,10.1021/ic801817e,10.1021/ic801817e,normalized_source_doi,test,test,,0.49059782537326918,0.99974491392091236,1.6984626808358547,1.1323084538905699,0.56615422694528494,0.75457354427382151,train_fit_logistic_C_selected_by_train_internal_CV,normalized_binary_entropy_proxy_not_calibrated,1_plus_mean_absolute_train_standardized_descriptor_value,0.5*(1-predicted_success)+0.5*uncertainty; benchmark-defined uncalibrated proxy; descriptive in the primary cost-only comparison and constrained only in the legacy stress test
mofsimplify_solvent_val_00048_DUDZOT,test,val,MOFSimplify-main/model/solvent/ANN/dropped_connectivity_dupes/val.csv,48,DUDZOT,1,10.1039/C4TA06209D,10.1039/c4ta06209d,10.1039/c4ta06209d,normalized_source_doi,test,test,,0.5057077289964762,0.99990599722885432,1.5216157514994739,1.0144105009996494,0.50720525049982468,0.747099134116189,train_fit_logistic_C_selected_by_train_internal_CV,normalized_binary_entropy_proxy_not_calibrated,1_plus_mean_absolute_train_standardized_descriptor_value,0.5*(1-predicted_success)+0.5*uncertainty; benchmark-defined uncalibrated proxy; descriptive in the primary cost-only comparison and constrained only in the legacy stress test
mofsimplify_solvent_val_00056_EBUREA,test,val,MOFSimplify-main/model/solvent/ANN/dropped_connectivity_dupes/val.csv,56,EBUREA,1,10.1039/c1ce05817g,10.1039/c1ce05817g,10.1039/c1ce05817g,normalized_source_doi,test,test,,0.54425563211128014,0.99434138554238283,1.4144685303701674,0.94297902024677827,0.47148951012338913,0.72504287671555134,train_fit_logistic_C_selected_by_train_internal_CV,normalized_binary_entropy_proxy_not_calibrated,1_plus_mean_absolute_train_standardized_descriptor_value,0.5*(1-predicted_success)+0.5*uncertainty; benchmark-defined uncalibrated proxy; descriptive in the primary cost-only comparison and constrained only in the legacy stress test
mofsimplify_solvent_val_00058_ECEZAO01,test,val,MOFSimplify-main/model/solvent/ANN/dropped_connectivity_dupes/val.csv,58,ECEZAO01,1,10.1021/cg050363g,10.1021/cg050363g,10.1021/cg050363g,normalized_source_doi,test,test,,0.49378598577888838,0.9998885807577077,1.5489902826066508,1.032660188404434,0.51633009420221698,0.75305129748940969,train_fit_logistic_C_selected_by_train_internal_CV,normalized_binary_entropy_proxy_not_calibrated,1_plus_mean_absolute_train_standardized_descriptor_value,0.5*(1-predicted_success)+0.5*uncertainty; benchmark-defined uncalibrated proxy; descriptive in the primary cost-only comparison and constrained only in the legacy stress test
mofsimplify_solvent_val_00059_EDIKIL,test,val,MOFSimplify-main/model/solvent/ANN/dropped_connectivity_dupes/val.csv,59,EDIKIL,1,10.1021/cm000419o,10.1021/cm000419o,10.1021/cm000419o,normalized_source_doi,test,test,,0.46350208886592775,0.99615295835478201,1.7047962558054981,1.1365308372036653,0.56826541860183266,0.76632543474442705,train_fit_logistic_C_selected_by_train_internal_CV,normalized_binary_entropy_proxy_not_calibrated,1_plus_mean_absolute_train_standardized_descriptor_value,0.5*(1-predicted_success)+0.5*uncertainty; benchmark-defined uncalibrated proxy; descriptive in the primary cost-only comparison and constrained only in the legacy stress test
mofsimplify_solvent_val_00072_EXAXAE,test,val,MOFSimplify-main/model/solvent/ANN/dropped_connectivity_dupes/val.csv,72,EXAXAE,1,10.1021/acs.inorgchem.6b01592,10.1021/acs.inorgchem.6b01592,10.1021/acs.inorgchem.6b01592,normalized_source_doi,test,test,,0.50144467548860738,0.99999397793071987,1.5151498080705696,1.0100998720470464,0.50504993602352322,0.74927465122105619,train_fit_logistic_C_selected_by_train_internal_CV,normalized_binary_entropy_proxy_not_calibrated,1_plus_mean_absolute_train_standardized_descriptor_value,0.5*(1-predicted_success)+0.5*uncertainty; benchmark-defined uncalibrated proxy; descriptive in the primary cost-only comparison and constrained only in the legacy stress test
mofsimplify_solvent_val_00076_FATQID,test,val,MOFSimplify-main/model/solvent/ANN/dropped_connectivity_dupes/val.csv,76,FATQID,1,10.1039/C7DT00192D,10.1039/c7dt00192d,10.1039/c7dt00192d,normalized_source_doi,test,test,,0.5475216980998292,0.99347404366608449,1.5429143276657087,1.0286095517771392,0.5143047758885696,0.72297617278312765,train_fit_logistic_C_selected_by_train_internal_CV,normalized_binary_entropy_proxy_not_calibrated,1_plus_mean_absolute_train_standardized_descriptor_value,0.5*(1-predicted_success)+0.5*uncertainty; benchmark-defined uncalibrated proxy; descriptive in the primary cost-only comparison and constrained only in the legacy stress test
mofsimplify_solvent_val_00081_FIFNUE,test,val,MOFSimplify-main/model/solvent/ANN/dropped_connectivity_dupes/val.csv,81,FIFNUE,1,10.1021/ic049170t,10.1021/ic049170t,10.1021/ic049170t,normalized_source_doi,test,test,,0.40063397539064771,0.97132023846586169,1.5882289478553784,1.0588192985702523,0.52940964928512613,0.78534313153760693,train_fit_logistic_C_selected_by_train_internal_CV,normalized_binary_entropy_proxy_not_calibrated,1_plus_mean_absolute_train_standardized_descriptor_value,0.5*(1-predicted_success)+0.5*uncertainty; benchmark-defined uncalibrated proxy; descriptive in the primary cost-only comparison and constrained only in the legacy stress test
mofsimplify_solvent_val_00082_FIFPAM,test,val,MOFSimplify-main/model/solvent/ANN/dropped_connectivity_dupes/val.csv,82,FIFPAM,1,10.1021/ic049170t,10.1021/ic049170t,10.1021/ic049170t,normalized_source_doi,test,test,,0.39961950303933735,0.97072758280830795,1.5932834402911882,1.0621889601941255,0.53109448009706273,0.78555403988448536,train_fit_logistic_C_selected_by_train_internal_CV,normalized_binary_entropy_proxy_not_calibrated,1_plus_mean_absolute_train_standardized_descriptor_value,0.5*(1-predicted_success)+0.5*uncertainty; benchmark-defined uncalibrated proxy; descriptive in the primary cost-only comparison and constrained only in the legacy stress test
mofsimplify_solvent_val_00090_GARQAU,test,val,MOFSimplify-main/model/solvent/ANN/dropped_connectivity_dupes/val.csv,90,GARQAU,0,10.1021/acs.cgd.7b00100,10.1021/acs.cgd.7b00100,10.1021/acs.cgd.7b00100,normalized_source_doi,test,test,,0.51217754260590209,0.9995720758534119,1.4077280136185539,0.93848534241236925,0.46924267120618463,0.7436972666237549,train_fit_logistic_C_selected_by_train_internal_CV,normalized_binary_entropy_proxy_not_calibrated,1_plus_mean_absolute_train_standardized_descriptor_value,0.5*(1-predicted_success)+0.5*uncertainty; benchmark-defined uncalibrated proxy; descriptive in the primary cost-only comparison and constrained only in the legacy stress test
mofsimplify_solvent_val_00097_GIXGOK,test,val,MOFSimplify-main/model/solvent/ANN/dropped_connectivity_dupes/val.csv,97,GIXGOK,0,10.1039/b717233h,10.1039/b717233h,10.1039/b717233h,normalized_source_doi,test,test,,0.57258237529559186,0.98474534203964115,1.7902089485496968,1.1934726323664646,0.59673631618323231,0.70608148337202459,train_fit_logistic_C_selected_by_train_internal_CV,normalized_binary_entropy_proxy_not_calibrated,1_plus_mean_absolute_train_standardized_descriptor_value,0.5*(1-predicted_success)+0.5*uncertainty; benchmark-defined uncalibrated proxy; descriptive in the primary cost-only comparison and constrained only in the legacy stress test
mofsimplify_solvent_val_00099_GUKFEY,test,val,MOFSimplify-main/model/solvent/ANN/dropped_connectivity_dupes/val.csv,99,GUKFEY,0,10.1021/cg900119a,10.1021/cg900119a,10.1021/cg900119a,normalized_source_doi,test,test,,0.46612343440192211,0.99668612563439252,1.9449716424144983,1.2966477616096654,0.64832388080483272,0.76528134561623529,train_fit_logistic_C_selected_by_train_internal_CV,normalized_binary_entropy_proxy_not_calibrated,1_plus_mean_absolute_train_standardized_descriptor_value,0.5*(1-predicted_success)+0.5*uncertainty; benchmark-defined uncalibrated proxy; descriptive in the primary cost-only comparison and constrained only in the legacy stress test
mofsimplify_solvent_val_00100_GUPBEZ02,test,val,MOFSimplify-main/model/solvent/ANN/dropped_connectivity_dupes/val.csv,100,GUPBEZ02,1,10.1021/ja308801n,10.1021/ja308801n,10.1021/ja308801n,normalized_source_doi,test,test,,0.38288216105788209,0.96005219387689,5.42822567356201,3.6188171157080067,1.8094085578540033,0.78858501640950396,train_fit_logistic_C_selected_by_train_internal_CV,normalized_binary_entropy_proxy_not_calibrated,1_plus_mean_absolute_train_standardized_descriptor_value,0.5*(1-predicted_success)+0.5*uncertainty; benchmark-defined uncalibrated proxy; descriptive in the primary cost-only comparison and constrained only in the legacy stress test
mofsimplify_solvent_val_00102_HADQUA,test,val,MOFSimplify-main/model/solvent/ANN/dropped_connectivity_dupes/val.csv,102,HADQUA,0,10.1039/c1sc00421b,10.1039/c1sc00421b,10.1039/c1sc00421b,normalized_source_doi,test,test,,0.59499731742756601,0.97380185815789966,1.6929357097385656,1.128623806492377,0.56431190324618852,0.68940227036516677,train_fit_logistic_C_selected_by_train_internal_CV,normalized_binary_entropy_proxy_not_calibrated,1_plus_mean_absolute_train_standardized_descriptor_value,0.5*(1-predicted_success)+0.5*uncertainty; benchmark-defined uncalibrated proxy; descriptive in the primary cost-only comparison and constrained only in the legacy stress test
mofsimplify_solvent_val_00107_HIMSAY,test,val,MOFSimplify-main/model/solvent/ANN/dropped_connectivity_dupes/val.csv,107,HIMSAY,0,10.1021/ja073505z,10.1021/ja073505z,10.1021/ja073505z,normalized_source_doi,test,test,,0.46317990159089062,0.99608467676783907,1.392994902927243,0.92866326861816206,0.46433163430908103,0.76645238758847423,train_fit_logistic_C_selected_by_train_internal_CV,normalized_binary_entropy_proxy_not_calibrated,1_plus_mean_absolute_train_standardized_descriptor_value,0.5*(1-predicted_success)+0.5*uncertainty; benchmark-defined uncalibrated proxy; descriptive in the primary cost-only comparison and constrained only in the legacy stress test
mofsimplify_solvent_val_00118_IPIHIA,test,val,MOFSimplify-main/model/solvent/ANN/dropped_connectivity_dupes/val.csv,118,IPIHIA,1,10.1039/C6RA10664A,10.1039/c6ra10664a,10.1039/c6ra10664a,normalized_source_doi,test,test,,0.48489777488545599,0.99934180819905682,1.3517828962545955,0.90118859750306368,0.45059429875153184,0.75722201665680045,train_fit_logistic_C_selected_by_train_internal_CV,normalized_binary_entropy_proxy_not_calibrated,1_plus_mean_absolute_train_standardized_descriptor_value,0.5*(1-predicted_success)+0.5*uncertainty; benchmark-defined uncalibrated proxy; descriptive in the primary cost-only comparison and constrained only in the legacy stress test
mofsimplify_solvent_val_00139_KAVTUY,test,val,MOFSimplify-main/model/solvent/ANN/dropped_connectivity_dupes/val.csv,139,KAVTUY,1,10.1039/c0ce00439a,10.1039/c0ce00439a,10.1039/c0ce00439a,normalized_source_doi,test,test,,0.36005342807026658,0.94272752962384399,2.0037378510891632,1.3358252340594421,0.66791261702972105,0.79133705077678873,train_fit_logistic_C_selected_by_train_internal_CV,normalized_binary_entropy_proxy_not_calibrated,1_plus_mean_absolute_train_standardized_descriptor_value,0.5*(1-predicted_success)+0.5*uncertainty; benchmark-defined uncalibrated proxy; descriptive in the primary cost-only comparison and constrained only in the legacy stress test
mofsimplify_solvent_val_00141_KEGZOL,test,val,MOFSimplify-main/model/solvent/ANN/dropped_connectivity_dupes/val.csv,141,KEGZOL,0,10.1021/ja00160a038,10.1021/ja00160a038,10.1021/ja00160a038,normalized_source_doi,test,test,,0.26383189551140646,0.8324738778153804,2.0323835783676967,1.3549223855784644,0.67746119278923222,0.78432099115198695,train_fit_logistic_C_selected_by_train_internal_CV,normalized_binary_entropy_proxy_not_calibrated,1_plus_mean_absolute_train_standardized_descriptor_value,0.5*(1-predicted_success)+0.5*uncertainty; benchmark-defined uncalibrated proxy; descriptive in the primary cost-only comparison and constrained only in the legacy stress test
mofsimplify_solvent_val_00145_KILJEV,test,val,MOFSimplify-main/model/solvent/ANN/dropped_connectivity_dupes/val.csv,145,KILJEV,0,10.1021/ic070132u,10.1021/ic070132u,10.1021/ic070132u,normalized_source_doi,test,test,,0.43176434210558667,0.98652330479694084,1.8239996674309795,1.2159997782873198,0.60799988914365988,0.77737948134567714,train_fit_logistic_C_selected_by_train_internal_CV,normalized_binary_entropy_proxy_not_calibrated,1_plus_mean_absolute_train_standardized_descriptor_value,0.5*(1-predicted_success)+0.5*uncertainty; benchmark-defined uncalibrated proxy; descriptive in the primary cost-only comparison and constrained only in the legacy stress test
mofsimplify_solvent_val_00149_KIYJAF,test,val,MOFSimplify-main/model/solvent/ANN/dropped_connectivity_dupes/val.csv,149,KIYJAF,1,10.1021/cg4011967,10.1021/cg4011967,10.1021/cg4011967,normalized_source_doi,test,test,,0.49507278020534379,0.99992994882318742,1.3868829114588062,0.92458860763920414,0.46229430381960207,0.75242858430892179,train_fit_logistic_C_selected_by_train_internal_CV,normalized_binary_entropy_proxy_not_calibrated,1_plus_mean_absolute_train_standardized_descriptor_value,0.5*(1-predicted_success)+0.5*uncertainty; benchmark-defined uncalibrated proxy; descriptive in the primary cost-only comparison and constrained only in the legacy stress test
mofsimplify_solvent_val_00150_KOMHAW,test,val,MOFSimplify-main/model/solvent/ANN/dropped_connectivity_dupes/val.csv,150,KOMHAW,1,10.1021/cg800289c,10.1021/cg800289c,10.1021/cg800289c,normalized_source_doi,test,test,,0.46797328435152746,0.99703839794587379,1.5163445207367185,1.0108963471578123,0.50544817357890615,0.76453255679717325,train_fit_logistic_C_selected_by_train_internal_CV,normalized_binary_entropy_proxy_not_calibrated,1_plus_mean_absolute_train_standardized_descriptor_value,0.5*(1-predicted_success)+0.5*uncertainty; benchmark-defined uncalibrated proxy; descriptive in the primary cost-only comparison and constrained only in the legacy stress test
mofsimplify_solvent_val_00152_KUKPOX,test,val,MOFSimplify-main/model/solvent/ANN/dropped_connectivity_dupes/val.csv,152,KUKPOX,0,10.1039/C5DT00994D,10.1039/c5dt00994d,10.1039/c5dt00994d,normalized_source_doi,test,test,,0.56243816386098311,0.98872181701443229,1.4948164710060796,0.99654431400405308,0.49827215700202654,0.71314182657672465,train_fit_logistic_C_selected_by_train_internal_CV,normalized_binary_entropy_proxy_not_calibrated,1_plus_mean_absolute_train_standardized_descriptor_value,0.5*(1-predicted_success)+0.5*uncertainty; benchmark-defined uncalibrated proxy; descriptive in the primary cost-only comparison and constrained only in the legacy stress test
mofsimplify_solvent_val_00161_LIXWEV,test,val,MOFSimplify-main/model/solvent/ANN/dropped_connectivity_dupes/val.csv,161,LIXWEV,0,10.1002/ejic.200700940,10.1002/ejic.200700940,10.1002/ejic.200700940,normalized_source_doi,test,test,,0.40208771878959998,0.9721587390283889,1.9909086358257748,1.3272724238838498,0.6636362119419249,0.78503551011939443,train_fit_logistic_C_selected_by_train_internal_CV,normalized_binary_entropy_proxy_not_calibrated,1_plus_mean_absolute_train_standardized_descriptor_value,0.5*(1-predicted_success)+0.5*uncertainty; benchmark-defined uncalibrated proxy; descriptive in the primary cost-only comparison and constrained only in the legacy stress test
mofsimplify_solvent_val_00162_LUJBAV,test,val,MOFSimplify-main/model/solvent/ANN/dropped_connectivity_dupes/val.csv,162,LUJBAV,0,10.1021/acs.cgd.5b01124,10.1021/acs.cgd.5b01124,10.1021/acs.cgd.5b01124,normalized_source_doi,test,test,,0.53421775556109063,0.99661898517684833,1.3895403139495199,0.92636020929967999,0.46318010464984,0.7312006148078789,train_fit_logistic_C_selected_by_train_internal_CV,normalized_binary_entropy_proxy_not_calibrated,1_plus_mean_absolute_train_standardized_descriptor_value,0.5*(1-predicted_success)+0.5*uncertainty; benchmark-defined uncalibrated proxy; descriptive in the primary cost-only comparison and constrained only in the legacy stress test
mofsimplify_solvent_val_00171_MAPHAP,test,val,MOFSimplify-main/model/solvent/ANN/dropped_connectivity_dupes/val.csv,171,MAPHAP,0,10.1039/C7CE00481H,10.1039/c7ce00481h,10.1039/c7ce00481h,normalized_source_doi,test,test,,0.4641049361030431,0.9962791029625917,1.5720587837590845,1.048039189172723,0.52401959458636149,0.76608708342977427,train_fit_logistic_C_selected_by_train_internal_CV,normalized_binary_entropy_proxy_not_calibrated,1_plus_mean_absolute_train_standardized_descriptor_value,0.5*(1-predicted_success)+0.5*uncertainty; benchmark-defined uncalibrated proxy; descriptive in the primary cost-only comparison and constrained only in the legacy stress test
mofsimplify_solvent_val_00174_MONQIR,test,val,MOFSimplify-main/model/solvent/ANN/dropped_connectivity_dupes/val.csv,174,MONQIR,1,10.1021/jp412601x,10.1021/jp412601x,10.1021/jp412601x,normalized_source_doi,test,test,,0.50813172392289097,0.99980919535958357,1.6591910402193273,1.1061273601462183,0.55306368007310913,0.74583873571834625,train_fit_logistic_C_selected_by_train_internal_CV,normalized_binary_entropy_proxy_not_calibrated,1_plus_mean_absolute_train_standardized_descriptor_value,0.5*(1-predicted_success)+0.5*uncertainty; benchmark-defined uncalibrated proxy; descriptive in the primary cost-only comparison and constrained only in the legacy stress test
mofsimplify_solvent_val_00175_MONWET,test,val,MOFSimplify-main/model/solvent/ANN/dropped_connectivity_dupes/val.csv,175,MONWET,0,10.1039/C4CE01035C,10.1039/c4ce01035c,10.1039/c4ce01035c,normalized_source_doi,test,test,,0.4216277240678446,0.98220402396996342,1.6926228960720908,1.1284152640480605,0.56420763202403024,0.78028814995105944,train_fit_logistic_C_selected_by_train_internal_CV,normalized_binary_entropy_proxy_not_calibrated,1_plus_mean_absolute_train_standardized_descriptor_value,0.5*(1-predicted_success)+0.5*uncertainty; benchmark-defined uncalibrated proxy; descriptive in the primary cost-only comparison and constrained only in the legacy stress test
mofsimplify_solvent_val_00177_MOYYEF,test,val,MOFSimplify-main/model/solvent/ANN/dropped_connectivity_dupes/val.csv,177,MOYYEF,0,10.1021/cg801026y,10.1021/cg801026y,10.1021/cg801026y,normalized_source_doi,test,test,,0.49549609641037767,0.99994146864490752,1.5250056278683668,1.0166704185789113,0.50833520928945564,0.75222268611726495,train_fit_logistic_C_selected_by_train_internal_CV,normalized_binary_entropy_proxy_not_calibrated,1_plus_mean_absolute_train_standardized_descriptor_value,0.5*(1-predicted_success)+0.5*uncertainty; benchmark-defined uncalibrated proxy; descriptive in the primary cost-only comparison and constrained only in the legacy stress test
mofsimplify_solvent_val_00180_NATHUO,test,val,MOFSimplify-main/model/solvent/ANN/dropped_connectivity_dupes/val.csv,180,NATHUO,1,10.1021/acs.cgd.7b00086,10.1021/acs.cgd.7b00086,10.1021/acs.cgd.7b00086,normalized_source_doi,test,test,,0.53392754570592649,0.9966761364924559,1.5001594356800261,1.0001062904533506,0.50005314522667532,0.73137429539326471,train_fit_logistic_C_selected_by_train_internal_CV,normalized_binary_entropy_proxy_not_calibrated,1_plus_mean_absolute_train_standardized_descriptor_value,0.5*(1-predicted_success)+0.5*uncertainty; benchmark-defined uncalibrated proxy; descriptive in the primary cost-only comparison and constrained only in the legacy stress test
mofsimplify_solvent_val_00184_NEXVET,test,val,MOFSimplify-main/model/solvent/ANN/dropped_connectivity_dupes/val.csv,184,NEXVET,0,10.1039/C2SC20306E,10.1039/c2sc20306e,10.1039/c2sc20306e,normalized_source_doi,test,test,,0.55627115487149525,0.99084419212572161,1.6102479954373699,1.0734986636249133,0.53674933181245665,0.71728651862711312,train_fit_logistic_C_selected_by_train_internal_CV,normalized_binary_entropy_proxy_not_calibrated,1_plus_mean_absolute_train_standardized_descriptor_value,0.5*(1-predicted_success)+0.5*uncertainty; benchmark-defined uncalibrated proxy; descriptive in the primary cost-only comparison and constrained only in the legacy stress test
mofsimplify_solvent_val_00191_NUNCEG,test,val,MOFSimplify-main/model/solvent/ANN/dropped_connectivity_dupes/val.csv,191,NUNCEG,0,10.1039/C5DT00690B,10.1039/c5dt00690b,10.1039/c5dt00690b,normalized_source_doi,test,test,,0.54102860897717098,0.99513742243343994,2.7676178067030062,1.845078537802004,0.92253926890100202,0.72705440672813448,train_fit_logistic_C_selected_by_train_internal_CV,normalized_binary_entropy_proxy_not_calibrated,1_plus_mean_absolute_train_standardized_descriptor_value,0.5*(1-predicted_success)+0.5*uncertainty; benchmark-defined uncalibrated proxy; descriptive in the primary cost-only comparison and constrained only in the legacy stress test
mofsimplify_solvent_val_00200_OMAMEU,test,val,MOFSimplify-main/model/solvent/ANN/dropped_connectivity_dupes/val.csv,200,OMAMEU,0,10.1002/chem.200305040,10.1002/chem.200305040,10.1002/chem.200305040,normalized_source_doi,test,test,,0.43838561965042444,0.98901820882165625,1.8734381596476037,1.2489587730984024,0.62447938654920121,0.77531629458561591,train_fit_logistic_C_selected_by_train_internal_CV,normalized_binary_entropy_proxy_not_calibrated,1_plus_mean_absolute_train_standardized_descriptor_value,0.5*(1-predicted_success)+0.5*uncertainty; benchmark-defined uncalibrated proxy; descriptive in the primary cost-only comparison and constrained only in the legacy stress test
mofsimplify_solvent_val_00202_OMOVET,test,val,MOFSimplify-main/model/solvent/ANN/dropped_connectivity_dupes/val.csv,202,OMOVET,0,10.1021/jacs.6b01093,10.1021/jacs.6b01093,10.1021/jacs.6b01093,normalized_source_doi,test,test,,0.47253642408930335,0.99782260466051076,1.4379131040557969,0.95860873603719787,0.47930436801859894,0.76264309028560373,train_fit_logistic_C_selected_by_train_internal_CV,normalized_binary_entropy_proxy_not_calibrated,1_plus_mean_absolute_train_standardized_descriptor_value,0.5*(1-predicted_success)+0.5*uncertainty; benchmark-defined uncalibrated proxy; descriptive in the primary cost-only comparison and constrained only in the legacy stress test
mofsimplify_solvent_val_00203_ORANAY,test,val,MOFSimplify-main/model/solvent/ANN/dropped_connectivity_dupes/val.csv,203,ORANAY,1,10.1039/C6NJ01231K,10.1039/c6nj01231k,10.1039/c6nj01231k,normalized_source_doi,test,test,,0.54200986351346514,0.99490177272339997,1.7553444877976698,1.17022965853178,0.58511482926588998,0.72644595460496741,train_fit_logistic_C_selected_by_train_internal_CV,normalized_binary_entropy_proxy_not_calibrated,1_plus_mean_absolute_train_standardized_descriptor_value,0.5*(1-predicted_success)+0.5*uncertainty; benchmark-defined uncalibrated proxy; descriptive in the primary cost-only comparison and constrained only in the legacy stress test
mofsimplify_solvent_val_00210_OVIWIA,test,val,MOFSimplify-main/model/solvent/ANN/dropped_connectivity_dupes/val.csv,210,OVIWIA,1,10.1021/cg101668f,10.1021/cg101668f,10.1021/cg101668f,normalized_source_doi,test,test,,0.40355475295137455,0.97299204899130309,2.050496655288403,1.3669977701922686,0.68349888509613432,0.78471864801996427,train_fit_logistic_C_selected_by_train_internal_CV,normalized_binary_entropy_proxy_not_calibrated,1_plus_mean_absolute_train_standardized_descriptor_value,0.5*(1-predicted_success)+0.5*uncertainty; benchmark-defined uncalibrated proxy; descriptive in the primary cost-only comparison and constrained only in the legacy stress test
mofsimplify_solvent_val_00219_PAMHIW,test,val,MOFSimplify-main/model/solvent/ANN/dropped_connectivity_dupes/val.csv,219,PAMHIW,0,10.1021/cg200983y,10.1021/cg200983y,10.1021/cg200983y,normalized_source_doi,test,test,,0.57490409340261228,0.98375006025501155,1.4318968631475728,0.95459790876504858,0.47729895438252429,0.70442298342619969,train_fit_logistic_C_selected_by_train_internal_CV,normalized_binary_entropy_proxy_not_calibrated,1_plus_mean_absolute_train_standardized_descriptor_value,0.5*(1-predicted_success)+0.5*uncertainty; benchmark-defined uncalibrated proxy; descriptive in the primary cost-only comparison and constrained only in the legacy stress test
mofsimplify_solvent_val_00225_POZHUI,test,val,MOFSimplify-main/model/solvent/ANN/dropped_connectivity_dupes/val.csv,225,POZHUI,0,10.1021/ja807229a,10.1021/ja807229a,10.1021/ja807229a,normalized_source_doi,test,test,,0.47012593199044045,0.9974233706376181,1.6425185168423706,1.0950123445615805,0.54750617228079024,0.7636487193235888,train_fit_logistic_C_selected_by_train_internal_CV,normalized_binary_entropy_proxy_not_calibrated,1_plus_mean_absolute_train_standardized_descriptor_value,0.5*(1-predicted_success)+0.5*uncertainty; benchmark-defined uncalibrated proxy; descriptive in the primary cost-only comparison and constrained only in the legacy stress test
mofsimplify_solvent_val_00231_QITZIE,test,val,MOFSimplify-main/model/solvent/ANN/dropped_connectivity_dupes/val.csv,231,QITZIE,0,10.1039/C3CE42545B,10.1039/c3ce42545b,10.1039/c3ce42545b,normalized_source_doi,test,test,,0.51051596892239326,0.99968089387159043,1.3316768435194568,0.88778456234630454,0.44389228117315227,0.74458246247459858,train_fit_logistic_C_selected_by_train_internal_CV,normalized_binary_entropy_proxy_not_calibrated,1_plus_mean_absolute_train_standardized_descriptor_value,0.5*(1-predicted_success)+0.5*uncertainty; benchmark-defined uncalibrated proxy; descriptive in the primary cost-only comparison and constrained only in the legacy stress test
mofsimplify_solvent_val_00238_QOPPOC,test,val,MOFSimplify-main/model/solvent/ANN/dropped_connectivity_dupes/val.csv,238,QOPPOC,1,10.1021/cm502189c,10.1021/cm502189c,10.1021/cm502189c,normalized_source_doi,test,test,,0.39694494049414919,0.96913542261771912,1.662264392751752,1.1081762618345012,0.55408813091725062,0.78609524106178497,train_fit_logistic_C_selected_by_train_internal_CV,normalized_binary_entropy_proxy_not_calibrated,1_plus_mean_absolute_train_standardized_descriptor_value,0.5*(1-predicted_success)+0.5*uncertainty; benchmark-defined uncalibrated proxy; descriptive in the primary cost-only comparison and constrained only in the legacy stress test
mofsimplify_solvent_val_00239_QOXFIU,test,val,MOFSimplify-main/model/solvent/ANN/dropped_connectivity_dupes/val.csv,239,QOXFIU,0,10.1021/ic5018906,10.1021/ic5018906,10.1021/ic5018906,normalized_source_doi,test,test,,0.46148645338751493,0.99571587801526862,2.3770378814836444,1.5846919209890962,0.79234596049454808,0.76711471231387685,train_fit_logistic_C_selected_by_train_internal_CV,normalized_binary_entropy_proxy_not_calibrated,1_plus_mean_absolute_train_standardized_descriptor_value,0.5*(1-predicted_success)+0.5*uncertainty; benchmark-defined uncalibrated proxy; descriptive in the primary cost-only comparison and constrained only in the legacy stress test
mofsimplify_solvent_val_00245_REWNEO01,test,val,MOFSimplify-main/model/solvent/ANN/dropped_connectivity_dupes/val.csv,245,REWNEO01,1,10.1038/srep01149,10.1038/srep01149,10.1038/srep01149,normalized_source_doi,test,test,,0.57270827782036615,0.9846921849900746,1.8514496238257081,1.2342997492171388,0.6171498746085694,0.70599195358485423,train_fit_logistic_C_selected_by_train_internal_CV,normalized_binary_entropy_proxy_not_calibrated,1_plus_mean_absolute_train_standardized_descriptor_value,0.5*(1-predicted_success)+0.5*uncertainty; benchmark-defined uncalibrated proxy; descriptive in the primary cost-only comparison and constrained only in the legacy stress test
mofsimplify_solvent_val_00258_SENVIR,test,val,MOFSimplify-main/model/solvent/ANN/dropped_connectivity_dupes/val.csv,258,SENVIR,0,10.1021/ja063538z,10.1021/ja063538z,10.1021/ja063538z,normalized_source_doi,test,test,,0.57039705363134363,0.98565312112758652,1.6147920390314858,1.0765280260209906,0.53826401301049531,0.70762803374812144,train_fit_logistic_C_selected_by_train_internal_CV,normalized_binary_entropy_proxy_not_calibrated,1_plus_mean_absolute_train_standardized_descriptor_value,0.5*(1-predicted_success)+0.5*uncertainty; benchmark-defined uncalibrated proxy; descriptive in the primary cost-only comparison and constrained only in the legacy stress test
mofsimplify_solvent_val_00260_SEVLEM,test,val,MOFSimplify-main/model/solvent/ANN/dropped_connectivity_dupes/val.csv,260,SEVLEM,1,10.1039/C3CC39287B,10.1039/c3cc39287b,10.1039/c3cc39287b,normalized_source_doi,test,test,,0.58239378214379356,0.98032222069405772,3.3568594892229697,2.2379063261486465,1.1189531630743232,0.69896421927513208,train_fit_logistic_C_selected_by_train_internal_CV,normalized_binary_entropy_proxy_not_calibrated,1_plus_mean_absolute_train_standardized_descriptor_value,0.5*(1-predicted_success)+0.5*uncertainty; benchmark-defined uncalibrated proxy; descriptive in the primary cost-only comparison and constrained only in the legacy stress test
mofsimplify_solvent_val_00261_SIYXIH10,test,val,MOFSimplify-main/model/solvent/ANN/dropped_connectivity_dupes/val.csv,261,SIYXIH10,0,10.1002/zaac.19915980134,10.1002/zaac.19915980134,10.1002/zaac.19915980134,normalized_source_doi,test,test,,0.57032179133699157,0.98568388391996709,1.5818028212457627,1.0545352141638418,0.52726760708192089,0.70768104629148776,train_fit_logistic_C_selected_by_train_internal_CV,normalized_binary_entropy_proxy_not_calibrated,1_plus_mean_absolute_train_standardized_descriptor_value,0.5*(1-predicted_success)+0.5*uncertainty; benchmark-defined uncalibrated proxy; descriptive in the primary cost-only comparison and constrained only in the legacy stress test
mofsimplify_solvent_val_00262_SOCNAB,test,val,MOFSimplify-main/model/solvent/ANN/dropped_connectivity_dupes/val.csv,262,SOCNAB,0,10.1021/cg401519w,10.1021/cg401519w,10.1021/cg401519w,normalized_source_doi,test,test,,0.4767297137729819,0.99843697877784288,1.6081540097638984,1.0721026731759322,0.53605133658796611,0.76085363250243043,train_fit_logistic_C_selected_by_train_internal_CV,normalized_binary_entropy_proxy_not_calibrated,1_plus_mean_absolute_train_standardized_descriptor_value,0.5*(1-predicted_success)+0.5*uncertainty; benchmark-defined uncalibrated proxy; descriptive in the primary cost-only comparison and constrained only in the legacy stress test
mofsimplify_solvent_val_00269_TEYLIU,test,val,MOFSimplify-main/model/solvent/ANN/dropped_connectivity_dupes/val.csv,269,TEYLIU,1,10.1002/zaac.201200325,10.1002/zaac.201200325,10.1002/zaac.201200325,normalized_source_doi,test,test,,0.48445976152567072,0.99930306891573262,1.5181633385572124,1.0121088923714749,0.50605444618573747,0.75742165369503089,train_fit_logistic_C_selected_by_train_internal_CV,normalized_binary_entropy_proxy_not_calibrated,1_plus_mean_absolute_train_standardized_descriptor_value,0.5*(1-predicted_success)+0.5*uncertainty; benchmark-defined uncalibrated proxy; descriptive in the primary cost-only comparison and constrained only in the legacy stress test
mofsimplify_solvent_val_00271_TIXCIO,test,val,MOFSimplify-main/model/solvent/ANN/dropped_connectivity_dupes/val.csv,271,TIXCIO,1,10.1039/C3DT53388C,10.1039/c3dt53388c,10.1039/c3dt53388c,normalized_source_doi,test,test,,0.51923226110395693,0.99893248897498865,1.7975077165824271,1.1983384777216182,0.59916923886080908,0.73985011393551581,train_fit_logistic_C_selected_by_train_internal_CV,normalized_binary_entropy_proxy_not_calibrated,1_plus_mean_absolute_train_standardized_descriptor_value,0.5*(1-predicted_success)+0.5*uncertainty; benchmark-defined uncalibrated proxy; descriptive in the primary cost-only comparison and constrained only in the legacy stress test
mofsimplify_solvent_val_00277_UDEGIW,test,val,MOFSimplify-main/model/solvent/ANN/dropped_connectivity_dupes/val.csv,277,UDEGIW,1,10.1021/acs.cgd.6b01484,10.1021/acs.cgd.6b01484,10.1021/acs.cgd.6b01484,normalized_source_doi,test,test,,0.54658550928782679,0.99372900716156853,1.4285953996886929,0.95239693312579521,0.4761984665628976,0.72357174893687093,train_fit_logistic_C_selected_by_train_internal_CV,normalized_binary_entropy_proxy_not_calibrated,1_plus_mean_absolute_train_standardized_descriptor_value,0.5*(1-predicted_success)+0.5*uncertainty; benchmark-defined uncalibrated proxy; descriptive in the primary cost-only comparison and constrained only in the legacy stress test
mofsimplify_solvent_val_00278_UDEPIE,test,val,MOFSimplify-main/model/solvent/ANN/dropped_connectivity_dupes/val.csv,278,UDEPIE,1,10.1039/C3DT51203G,10.1039/c3dt51203g,10.1039/c3dt51203g,normalized_source_doi,test,test,,0.44589864676354435,0.99153803173985544,1.8257837667934345,1.2171891778622896,0.60859458893114482,0.77281969248815552,train_fit_logistic_C_selected_by_train_internal_CV,normalized_binary_entropy_proxy_not_calibrated,1_plus_mean_absolute_train_standardized_descriptor_value,0.5*(1-predicted_success)+0.5*uncertainty; benchmark-defined uncalibrated proxy; descriptive in the primary cost-only comparison and constrained only in the legacy stress test
mofsimplify_solvent_val_00281_UJEFOE01,test,val,MOFSimplify-main/model/solvent/ANN/dropped_connectivity_dupes/val.csv,281,UJEFOE01,1,10.1002/ejic.200400176,10.1002/ejic.200400176,10.1002/ejic.200400176,normalized_source_doi,test,test,,0.50861077225509588,0.99978605102532225,1.5730983798049194,1.0487322532032797,0.52436612660163984,0.74558763938511319,train_fit_logistic_C_selected_by_train_internal_CV,normalized_binary_entropy_proxy_not_calibrated,1_plus_mean_absolute_train_standardized_descriptor_value,0.5*(1-predicted_success)+0.5*uncertainty; benchmark-defined uncalibrated proxy; descriptive in the primary cost-only comparison and constrained only in the legacy stress test
mofsimplify_solvent_val_00284_UMOKIS,test,val,MOFSimplify-main/model/solvent/ANN/dropped_connectivity_dupes/val.csv,284,UMOKIS,1,10.1039/C6DT00568C,10.1039/c6dt00568c,10.1039/c6dt00568c,normalized_source_doi,test,test,,0.49048728897181998,0.9997388804756161,1.548515160959675,1.0323434406397833,0.51617172031989167,0.75462579575189803,train_fit_logistic_C_selected_by_train_internal_CV,normalized_binary_entropy_proxy_not_calibrated,1_plus_mean_absolute_train_standardized_descriptor_value,0.5*(1-predicted_success)+0.5*uncertainty; benchmark-defined uncalibrated proxy; descriptive in the primary cost-only comparison and constrained only in the legacy stress test
mofsimplify_solvent_val_00285_UNABIV,test,val,MOFSimplify-main/model/solvent/ANN/dropped_connectivity_dupes/val.csv,285,UNABIV,1,10.1021/cg1009779,10.1021/cg1009779,10.1021/cg1009779,normalized_source_doi,test,test,,0.37379913545549309,0.95354456682406763,1.5902832994819616,1.0601888663213077,0.53009443316065386,0.7898727156842873,train_fit_logistic_C_selected_by_train_internal_CV,normalized_binary_entropy_proxy_not_calibrated,1_plus_mean_absolute_train_standardized_descriptor_value,0.5*(1-predicted_success)+0.5*uncertainty; benchmark-defined uncalibrated proxy; descriptive in the primary cost-only comparison and constrained only in the legacy stress test
mofsimplify_solvent_val_00290_VACLIX,test,val,MOFSimplify-main/model/solvent/ANN/dropped_connectivity_dupes/val.csv,290,VACLIX,1,10.1039/C6CE00358C,10.1039/c6ce00358c,10.1039/c6ce00358c,normalized_source_doi,test,test,,0.70318791116705515,0.87735904060183079,1.9839882983989821,1.3226588655993214,0.66132943279966072,0.58708556471738782,train_fit_logistic_C_selected_by_train_internal_CV,normalized_binary_entropy_proxy_not_calibrated,1_plus_mean_absolute_train_standardized_descriptor_value,0.5*(1-predicted_success)+0.5*uncertainty; benchmark-defined uncalibrated proxy; descriptive in the primary cost-only comparison and constrained only in the legacy stress test
mofsimplify_solvent_val_00294_VAYWEZ,test,val,MOFSimplify-main/model/solvent/ANN/dropped_connectivity_dupes/val.csv,294,VAYWEZ,0,10.1039/c2dt30152k,10.1039/c2dt30152k,10.1039/c2dt30152k,normalized_source_doi,test,test,,0.45424281029602875,0.9939503391312996,1.7448028757938081,1.1632019171958721,0.58160095859793604,0.76985376441763542,train_fit_logistic_C_selected_by_train_internal_CV,normalized_binary_entropy_proxy_not_calibrated,1_plus_mean_absolute_train_standardized_descriptor_value,0.5*(1-predicted_success)+0.5*uncertainty; benchmark-defined uncalibrated proxy; descriptive in the primary cost-only comparison and constrained only in the legacy stress test
mofsimplify_solvent_val_00295_VAYWID,test,val,MOFSimplify-main/model/solvent/ANN/dropped_connectivity_dupes/val.csv,295,VAYWID,0,10.1039/c2dt30152k,10.1039/c2dt30152k,10.1039/c2dt30152k,normalized_source_doi,test,test,,0.45455311486489031,0.99403222623380072,1.7447015712309231,1.1631343808206154,0.58156719041030769,0.76973955568445529,train_fit_logistic_C_selected_by_train_internal_CV,normalized_binary_entropy_proxy_not_calibrated,1_plus_mean_absolute_train_standardized_descriptor_value,0.5*(1-predicted_success)+0.5*uncertainty; benchmark-defined uncalibrated proxy; descriptive in the primary cost-only comparison and constrained only in the legacy stress test
mofsimplify_solvent_val_00311_WEFCAN,test,val,MOFSimplify-main/model/solvent/ANN/dropped_connectivity_dupes/val.csv,311,WEFCAN,0,10.1039/c2ce25607j,10.1039/c2ce25607j,10.1039/c2ce25607j,normalized_source_doi,test,test,,0.55147277855017618,0.99234175173750816,1.6367279347248336,1.0911519564832224,0.54557597824161119,0.72043448659366605,train_fit_logistic_C_selected_by_train_internal_CV,normalized_binary_entropy_proxy_not_calibrated,1_plus_mean_absolute_train_standardized_descriptor_value,0.5*(1-predicted_success)+0.5*uncertainty; benchmark-defined uncalibrated proxy; descriptive in the primary cost-only comparison and constrained only in the legacy stress test
mofsimplify_solvent_val_00313_WOZGUP,test,val,MOFSimplify-main/model/solvent/ANN/dropped_connectivity_dupes/val.csv,313,WOZGUP,1,10.1002/chem.201405825,10.1002/chem.201405825,10.1002/chem.201405825,normalized_source_doi,test,test,,0.55646656719995291,0.99078035462148573,1.7849676746716896,1.1899784497811263,0.59498922489056316,0.71715689371076641,train_fit_logistic_C_selected_by_train_internal_CV,normalized_binary_entropy_proxy_not_calibrated,1_plus_mean_absolute_train_standardized_descriptor_value,0.5*(1-predicted_success)+0.5*uncertainty; benchmark-defined uncalibrated proxy; descriptive in the primary cost-only comparison and constrained only in the legacy stress test
mofsimplify_solvent_val_00315_WURNOO,test,val,MOFSimplify-main/model/solvent/ANN/dropped_connectivity_dupes/val.csv,315,WURNOO,1,10.1039/C5CC06931A,10.1039/c5cc06931a,10.1039/c5cc06931a,normalized_source_doi,test,test,,0.53886458500302203,0.99563734605742238,1.379027267194473,0.919351511462982,0.459675755731491,0.72838638052720017,train_fit_logistic_C_selected_by_train_internal_CV,normalized_binary_entropy_proxy_not_calibrated,1_plus_mean_absolute_train_standardized_descriptor_value,0.5*(1-predicted_success)+0.5*uncertainty; benchmark-defined uncalibrated proxy; descriptive in the primary cost-only comparison and constrained only in the legacy stress test
mofsimplify_solvent_val_00316_WUSLED,test,val,MOFSimplify-main/model/solvent/ANN/dropped_connectivity_dupes/val.csv,316,WUSLED,1,10.1039/C5DT02337H,10.1039/c5dt02337h,10.1039/c5dt02337h,normalized_source_doi,test,test,,0.46020445537897836,0.99542561318309253,2.0889328252584196,1.392621883505613,0.6963109417528065,0.76761057890205708,train_fit_logistic_C_selected_by_train_internal_CV,normalized_binary_entropy_proxy_not_calibrated,1_plus_mean_absolute_train_standardized_descriptor_value,0.5*(1-predicted_success)+0.5*uncertainty; benchmark-defined uncalibrated proxy; descriptive in the primary cost-only comparison and constrained only in the legacy stress test
mofsimplify_solvent_val_00318_XADDAJ,test,val,MOFSimplify-main/model/solvent/ANN/dropped_connectivity_dupes/val.csv,318,XADDAJ,0,10.1002/ejic.201000353,10.1002/ejic.201000353,10.1002/ejic.201000353,normalized_source_doi,test,test,,0.48222870709549476,0.99908854745905429,1.3837635625237183,0.92250904168247894,0.46125452084123947,0.75842992018177979,train_fit_logistic_C_selected_by_train_internal_CV,normalized_binary_entropy_proxy_not_calibrated,1_plus_mean_absolute_train_standardized_descriptor_value,0.5*(1-predicted_success)+0.5*uncertainty; benchmark-defined uncalibrated proxy; descriptive in the primary cost-only comparison and constrained only in the legacy stress test
mofsimplify_solvent_val_00319_XADDOX,test,val,MOFSimplify-main/model/solvent/ANN/dropped_connectivity_dupes/val.csv,319,XADDOX,0,10.1002/ejic.201000146,10.1002/ejic.201000146,10.1002/ejic.201000146,normalized_source_doi,test,test,,0.54564059949869892,0.9939811721463927,1.4863204714771818,0.99088031431812118,0.49544015715906059,0.72417028632384683,train_fit_logistic_C_selected_by_train_internal_CV,normalized_binary_entropy_proxy_not_calibrated,1_plus_mean_absolute_train_standardized_descriptor_value,0.5*(1-predicted_success)+0.5*uncertainty; benchmark-defined uncalibrated proxy; descriptive in the primary cost-only comparison and constrained only in the legacy stress test
mofsimplify_solvent_val_00323_XAPTEQ,test,val,MOFSimplify-main/model/solvent/ANN/dropped_connectivity_dupes/val.csv,323,XAPTEQ,1,10.1039/C7TA00256D,10.1039/c7ta00256d,10.1039/c7ta00256d,normalized_source_doi,test,test,,0.53413556447221033,0.99663522071257271,1.4981984126211607,0.99879894174744044,0.49939947087372022,0.73124982812018113,train_fit_logistic_C_selected_by_train_internal_CV,normalized_binary_entropy_proxy_not_calibrated,1_plus_mean_absolute_train_standardized_descriptor_value,0.5*(1-predicted_success)+0.5*uncertainty; benchmark-defined uncalibrated proxy; descriptive in the primary cost-only comparison and constrained only in the legacy stress test
mofsimplify_solvent_val_00332_YARBUQ,test,val,MOFSimplify-main/model/solvent/ANN/dropped_connectivity_dupes/val.csv,332,YARBUQ,0,10.1021/cg2008057,10.1021/cg2008057,10.1021/cg2008057,normalized_source_doi,test,test,,0.46696779553480594,0.99684938017179092,1.4629162048125834,0.97527746987505559,0.4876387349375278,0.76494079231849255,train_fit_logistic_C_selected_by_train_internal_CV,normalized_binary_entropy_proxy_not_calibrated,1_plus_mean_absolute_train_standardized_descriptor_value,0.5*(1-predicted_success)+0.5*uncertainty; benchmark-defined uncalibrated proxy; descriptive in the primary cost-only comparison and constrained only in the legacy stress test
mofsimplify_solvent_val_00333_YEGKOM,test,val,MOFSimplify-main/model/solvent/ANN/dropped_connectivity_dupes/val.csv,333,YEGKOM,0,10.1021/ic301463z,10.1021/ic301463z,10.1021/ic301463z,normalized_source_doi,test,test,,0.43890130232218,0.98920172411435803,1.6492958711678365,1.0995305807785576,0.54976529038927879,0.77515021089608904,train_fit_logistic_C_selected_by_train_internal_CV,normalized_binary_entropy_proxy_not_calibrated,1_plus_mean_absolute_train_standardized_descriptor_value,0.5*(1-predicted_success)+0.5*uncertainty; benchmark-defined uncalibrated proxy; descriptive in the primary cost-only comparison and constrained only in the legacy stress test
mofsimplify_solvent_val_00334_YEKXOD,test,val,MOFSimplify-main/model/solvent/ANN/dropped_connectivity_dupes/val.csv,334,YEKXOD,1,10.1039/c2cc35340g,10.1039/c2cc35340g,10.1039/c2cc35340g,normalized_source_doi,test,test,,0.53508176093425563,0.99644594459592861,1.5854548449670971,1.0569698966447314,0.5284849483223657,0.73068209183083654,train_fit_logistic_C_selected_by_train_internal_CV,normalized_binary_entropy_proxy_not_calibrated,1_plus_mean_absolute_train_standardized_descriptor_value,0.5*(1-predicted_success)+0.5*uncertainty; benchmark-defined uncalibrated proxy; descriptive in the primary cost-only comparison and constrained only in the legacy stress test
mofsimplify_solvent_val_00335_YEKXUJ,test,val,MOFSimplify-main/model/solvent/ANN/dropped_connectivity_dupes/val.csv,335,YEKXUJ,1,10.1039/c2cc35340g,10.1039/c2cc35340g,10.1039/c2cc35340g,normalized_source_doi,test,test,,0.53057178505287528,0.9973015333519506,1.694250600147051,1.129500400098034,0.56475020004901699,0.73336487414953766,train_fit_logistic_C_selected_by_train_internal_CV,normalized_binary_entropy_proxy_not_calibrated,1_plus_mean_absolute_train_standardized_descriptor_value,0.5*(1-predicted_success)+0.5*uncertainty; benchmark-defined uncalibrated proxy; descriptive in the primary cost-only comparison and constrained only in the legacy stress test
mofsimplify_solvent_val_00341_YUBFOR,test,val,MOFSimplify-main/model/solvent/ANN/dropped_connectivity_dupes/val.csv,341,YUBFOR,1,10.1021/ic802446m,10.1021/ic802446m,10.1021/ic802446m,normalized_source_doi,test,test,,0.45687868621383598,0.99462809726259704,1.8160137720501432,1.2106758480334288,0.60533792401671438,0.76887470552438053,train_fit_logistic_C_selected_by_train_internal_CV,normalized_binary_entropy_proxy_not_calibrated,1_plus_mean_absolute_train_standardized_descriptor_value,0.5*(1-predicted_success)+0.5*uncertainty; benchmark-defined uncalibrated proxy; descriptive in the primary cost-only comparison and constrained only in the legacy stress test
mofsimplify_solvent_val_00342_ZAGHAT,test,val,MOFSimplify-main/model/solvent/ANN/dropped_connectivity_dupes/val.csv,342,ZAGHAT,1,10.1021/acs.inorgchem.5b02030,10.1021/acs.inorgchem.5b02030,10.1021/acs.inorgchem.5b02030,normalized_source_doi,test,test,,0.43478471605918739,0.98769330654435994,1.7112429864457004,1.1408286576304669,0.57041432881523346,0.77645429524258636,train_fit_logistic_C_selected_by_train_internal_CV,normalized_binary_entropy_proxy_not_calibrated,1_plus_mean_absolute_train_standardized_descriptor_value,0.5*(1-predicted_success)+0.5*uncertainty; benchmark-defined uncalibrated proxy; descriptive in the primary cost-only comparison and constrained only in the legacy stress test
mofsimplify_solvent_val_00343_ZAHLEC,test,val,MOFSimplify-main/model/solvent/ANN/dropped_connectivity_dupes/val.csv,343,ZAHLEC,0,10.1021/acs.cgd.5b01632,10.1021/acs.cgd.5b01632,10.1021/acs.cgd.5b01632,normalized_source_doi,test,test,,0.49894082732557976,0.99999676303208118,1.6019915507845122,1.0679943671896748,0.53399718359483739,0.75052796785325071,train_fit_logistic_C_selected_by_train_internal_CV,normalized_binary_entropy_proxy_not_calibrated,1_plus_mean_absolute_train_standardized_descriptor_value,0.5*(1-predicted_success)+0.5*uncertainty; benchmark-defined uncalibrated proxy; descriptive in the primary cost-only comparison and constrained only in the legacy stress test
mofsimplify_solvent_val_00344_ZALMIL,test,val,MOFSimplify-main/model/solvent/ANN/dropped_connectivity_dupes/val.csv,344,ZALMIL,1,10.1039/C6DT04626F,10.1039/c6dt04626f,10.1039/c6dt04626f,normalized_source_doi,test,test,,0.4937880817585813,0.99988865591012388,1.4053528548996685,0.93690190326644573,0.46845095163322287,0.75305028707577126,train_fit_logistic_C_selected_by_train_internal_CV,normalized_binary_entropy_proxy_not_calibrated,1_plus_mean_absolute_train_standardized_descriptor_value,0.5*(1-predicted_success)+0.5*uncertainty; benchmark-defined uncalibrated proxy; descriptive in the primary cost-only comparison and constrained only in the legacy stress test
mofsimplify_solvent_val_00347_ZUKNAW,test,val,MOFSimplify-main/model/solvent/ANN/dropped_connectivity_dupes/val.csv,347,ZUKNAW,0,10.1002/anie.201602087,10.1002/anie.201602087,10.1002/anie.201602087,normalized_source_doi,test,test,,0.48357217606712011,0.99922116981168752,1.6146456206488633,1.0764304137659089,0.53821520688295443,0.7578244968722837,train_fit_logistic_C_selected_by_train_internal_CV,normalized_binary_entropy_proxy_not_calibrated,1_plus_mean_absolute_train_standardized_descriptor_value,0.5*(1-predicted_success)+0.5*uncertainty; benchmark-defined uncalibrated proxy; descriptive in the primary cost-only comparison and constrained only in the legacy stress test
mofsimplify_solvent_val_00348_ZUQMAB,test,val,MOFSimplify-main/model/solvent/ANN/dropped_connectivity_dupes/val.csv,348,ZUQMAB,1,10.1002/ejic.201500715,10.1002/ejic.201500715,10.1002/ejic.201500715,normalized_source_doi,test,test,,0.53569428088290394,0.99632064841332135,1.3129377724046507,0.87529184826976714,0.43764592413488357,0.73031318376520871,train_fit_logistic_C_selected_by_train_internal_CV,normalized_binary_entropy_proxy_not_calibrated,1_plus_mean_absolute_train_standardized_descriptor_value,0.5*(1-predicted_success)+0.5*uncertainty; benchmark-defined uncalibrated proxy; descriptive in the primary cost-only comparison and constrained only in the legacy stress test
mofsimplify_solvent_test_00002_ACOLEL,test,test,MOFSimplify-main/model/solvent/ANN/dropped_connectivity_dupes/test.csv,2,ACOLEL,1,10.1039/c2jm34349e,10.1039/c2jm34349e,10.1039/c2jm34349e,normalized_source_doi,test,test,,0.48465426825631758,0.9993204084958649,1.4464301615401731,0.96428677436011545,0.48214338718005773,0.75733307011977369,train_fit_logistic_C_selected_by_train_internal_CV,normalized_binary_entropy_proxy_not_calibrated,1_plus_mean_absolute_train_standardized_descriptor_value,0.5*(1-predicted_success)+0.5*uncertainty; benchmark-defined uncalibrated proxy; descriptive in the primary cost-only comparison and constrained only in the legacy stress test
mofsimplify_solvent_test_00003_ACOLIP,test,test,MOFSimplify-main/model/solvent/ANN/dropped_connectivity_dupes/test.csv,3,ACOLIP,1,10.1039/c2jm34349e,10.1039/c2jm34349e,10.1039/c2jm34349e,normalized_source_doi,test,test,,0.50647556311769326,0.99987900379257866,1.4432942957220725,0.96219619714804827,0.48109809857402414,0.74670172033744264,train_fit_logistic_C_selected_by_train_internal_CV,normalized_binary_entropy_proxy_not_calibrated,1_plus_mean_absolute_train_standardized_descriptor_value,0.5*(1-predicted_success)+0.5*uncertainty; benchmark-defined uncalibrated proxy; descriptive in the primary cost-only comparison and constrained only in the legacy stress test
mofsimplify_solvent_test_00004_ACOLOV,test,test,MOFSimplify-main/model/solvent/ANN/dropped_connectivity_dupes/test.csv,4,ACOLOV,1,10.1039/c2jm35273g,10.1039/c2jm35273g,10.1039/c2jm35273g,normalized_source_doi,test,test,,0.60064815602073574,0.97057018458271604,1.9291418797511954,1.2860945865007969,0.64304729325039844,0.6849610142809901,train_fit_logistic_C_selected_by_train_internal_CV,normalized_binary_entropy_proxy_not_calibrated,1_plus_mean_absolute_train_standardized_descriptor_value,0.5*(1-predicted_success)+0.5*uncertainty; benchmark-defined uncalibrated proxy; descriptive in the primary cost-only comparison and constrained only in the legacy stress test
mofsimplify_solvent_test_00006_AGUWUV,test,test,MOFSimplify-main/model/solvent/ANN/dropped_connectivity_dupes/test.csv,6,AGUWUV,0,10.1002/zaac.200900278,10.1002/zaac.200900278,10.1002/zaac.200900278,normalized_source_doi,test,test,,0.50592222347304472,0.99989879912388391,1.3965271892609294,0.93101812617395296,0.46550906308697648,0.74698828782541959,train_fit_logistic_C_selected_by_train_internal_CV,normalized_binary_entropy_proxy_not_calibrated,1_plus_mean_absolute_train_standardized_descriptor_value,0.5*(1-predicted_success)+0.5*uncertainty; benchmark-defined uncalibrated proxy; descriptive in the primary cost-only comparison and constrained only in the legacy stress test
mofsimplify_solvent_test_00008_AMOYOR,test,test,MOFSimplify-main/model/solvent/ANN/dropped_connectivity_dupes/test.csv,8,AMOYOR,1,10.1039/c0ce00575d,10.1039/c0ce00575d,10.1039/c0ce00575d,normalized_source_doi,test,test,,0.45822504763122424,0.99495869638420276,1.4177095884418645,0.9451397256279096,0.4725698628139548,0.76836682437648929,train_fit_logistic_C_selected_by_train_internal_CV,normalized_binary_entropy_proxy_not_calibrated,1_plus_mean_absolute_train_standardized_descriptor_value,0.5*(1-predicted_success)+0.5*uncertainty; benchmark-defined uncalibrated proxy; descriptive in the primary cost-only comparison and constrained only in the legacy stress test
mofsimplify_solvent_test_00010_ANEHEI,test,test,MOFSimplify-main/model/solvent/ANN/dropped_connectivity_dupes/test.csv,10,ANEHEI,1,10.1002/ejic.201600111,10.1002/ejic.201600111,10.1002/ejic.201600111,normalized_source_doi,test,test,,0.54736246955975865,0.99351776844629869,1.4873210935531525,0.9915473957021016,0.4957736978510508,0.72307764944327002,train_fit_logistic_C_selected_by_train_internal_CV,normalized_binary_entropy_proxy_not_calibrated,1_plus_mean_absolute_train_standardized_descriptor_value,0.5*(1-predicted_success)+0.5*uncertainty; benchmark-defined uncalibrated proxy; descriptive in the primary cost-only comparison and constrained only in the legacy stress test
mofsimplify_solvent_test_00013_ASUBIB,test,test,MOFSimplify-main/model/solvent/ANN/dropped_connectivity_dupes/test.csv,13,ASUBIB,0,10.1021/acs.inorgchem.6b01385,10.1021/acs.inorgchem.6b01385,10.1021/acs.inorgchem.6b01385,normalized_source_doi,test,test,,0.52617080301675123,0.99802286144040275,1.4164989346350563,0.94433262309003752,0.47216631154501876,0.73592602921182571,train_fit_logistic_C_selected_by_train_internal_CV,normalized_binary_entropy_proxy_not_calibrated,1_plus_mean_absolute_train_standardized_descriptor_value,0.5*(1-predicted_success)+0.5*uncertainty; benchmark-defined uncalibrated proxy; descriptive in the primary cost-only comparison and constrained only in the legacy stress test
mofsimplify_solvent_test_00015_AVILEY,test,test,MOFSimplify-main/model/solvent/ANN/dropped_connectivity_dupes/test.csv,15,AVILEY,1,10.1039/C6SC03288E,10.1039/c6sc03288e,10.1039/c6sc03288e,normalized_source_doi,test,test,,0.67308702233106199,0.91174123669367169,2.0428489508449816,1.3618993005633211,0.68094965028166055,0.6193271071813049,train_fit_logistic_C_selected_by_train_internal_CV,normalized_binary_entropy_proxy_not_calibrated,1_plus_mean_absolute_train_standardized_descriptor_value,0.5*(1-predicted_success)+0.5*uncertainty; benchmark-defined uncalibrated proxy; descriptive in the primary cost-only comparison and constrained only in the legacy stress test
mofsimplify_solvent_test_00016_AVIPOL,test,test,MOFSimplify-main/model/solvent/ANN/dropped_connectivity_dupes/test.csv,16,AVIPOL,0,10.1021/cg200327y,10.1021/cg200327y,10.1021/cg200327y,normalized_source_doi,test,test,,0.51943093808036811,0.99891031383295514,1.3947177575743699,0.92981183838291326,0.46490591919145663,0.73973968787629352,train_fit_logistic_C_selected_by_train_internal_CV,normalized_binary_entropy_proxy_not_calibrated,1_plus_mean_absolute_train_standardized_descriptor_value,0.5*(1-predicted_success)+0.5*uncertainty; benchmark-defined uncalibrated proxy; descriptive in the primary cost-only comparison and constrained only in the legacy stress test
mofsimplify_solvent_test_00017_AVUJIL,test,test,MOFSimplify-main/model/solvent/ANN/dropped_connectivity_dupes/test.csv,17,AVUJIL,0,10.1021/cg101736e,10.1021/cg101736e,10.1021/cg101736e,normalized_source_doi,test,test,,0.48106014707986933,0.99896471089049155,1.8126261257927676,1.2084174171951785,0.60420870859758924,0.75895228190531117,train_fit_logistic_C_selected_by_train_internal_CV,normalized_binary_entropy_proxy_not_calibrated,1_plus_mean_absolute_train_standardized_descriptor_value,0.5*(1-predicted_success)+0.5*uncertainty; benchmark-defined uncalibrated proxy; descriptive in the primary cost-only comparison and constrained only in the legacy stress test
mofsimplify_solvent_test_00021_BADYAJ,test,test,MOFSimplify-main/model/solvent/ANN/dropped_connectivity_dupes/test.csv,21,BADYAJ,1,10.1002/chem.201502033,10.1002/chem.201502033,10.1002/chem.201502033,normalized_source_doi,test,test,,0.69798925080609964,0.88373495341559982,1.9574520008393663,1.3049680005595776,0.65248400027978881,0.59287285130475009,train_fit_logistic_C_selected_by_train_internal_CV,normalized_binary_entropy_proxy_not_calibrated,1_plus_mean_absolute_train_standardized_descriptor_value,0.5*(1-predicted_success)+0.5*uncertainty; benchmark-defined uncalibrated proxy; descriptive in the primary cost-only comparison and constrained only in the legacy stress test
mofsimplify_solvent_test_00029_BIDPOV,test,test,MOFSimplify-main/model/solvent/ANN/dropped_connectivity_dupes/test.csv,29,BIDPOV,1,10.1039/C3DT50704A,10.1039/c3dt50704a,10.1039/c3dt50704a,normalized_source_doi,test,test,,0.51937663660861222,0.99891639729495996,1.7769059081437433,1.1846039387624956,0.59230196938124779,0.73976988034317381,train_fit_logistic_C_selected_by_train_internal_CV,normalized_binary_entropy_proxy_not_calibrated,1_plus_mean_absolute_train_standardized_descriptor_value,0.5*(1-predicted_success)+0.5*uncertainty; benchmark-defined uncalibrated proxy; descriptive in the primary cost-only comparison and constrained only in the legacy stress test
mofsimplify_solvent_test_00034_BOWNUY,test,test,MOFSimplify-main/model/solvent/ANN/dropped_connectivity_dupes/test.csv,34,BOWNUY,1,10.1039/C4RA16350H,10.1039/c4ra16350h,10.1039/c4ra16350h,normalized_source_doi,test,test,,0.55410828765337639,0.99153585811695177,1.5784350055774232,1.0522900037182821,0.52614500185914104,0.71871378523178775,train_fit_logistic_C_selected_by_train_internal_CV,normalized_binary_entropy_proxy_not_calibrated,1_plus_mean_absolute_train_standardized_descriptor_value,0.5*(1-predicted_success)+0.5*uncertainty; benchmark-defined uncalibrated proxy; descriptive in the primary cost-only comparison and constrained only in the legacy stress test
mofsimplify_solvent_test_00036_BUPVEP,test,test,MOFSimplify-main/model/solvent/ANN/dropped_connectivity_dupes/test.csv,36,BUPVEP,1,10.1039/c5cc02606g,10.1039/c5cc02606g,10.1039/c5cc02606g,normalized_source_doi,test,test,,0.68750773175355229,0.89602943743693186,1.9997463251244583,1.3331642167496389,0.66658210837481946,0.60426085284168973,train_fit_logistic_C_selected_by_train_internal_CV,normalized_binary_entropy_proxy_not_calibrated,1_plus_mean_absolute_train_standardized_descriptor_value,0.5*(1-predicted_success)+0.5*uncertainty; benchmark-defined uncalibrated proxy; descriptive in the primary cost-only comparison and constrained only in the legacy stress test
mofsimplify_solvent_test_00037_BUSQEM,test,test,MOFSimplify-main/model/solvent/ANN/dropped_connectivity_dupes/test.csv,37,BUSQEM,0,10.1021/cm101410h,10.1021/cm101410h,10.1021/cm101410h,normalized_source_doi,test,test,,0.47246660532769347,0.99781151409006374,1.4040874140277571,0.93605827601850466,0.46802913800925233,0.76267245438118514,train_fit_logistic_C_selected_by_train_internal_CV,normalized_binary_entropy_proxy_not_calibrated,1_plus_mean_absolute_train_standardized_descriptor_value,0.5*(1-predicted_success)+0.5*uncertainty; benchmark-defined uncalibrated proxy; descriptive in the primary cost-only comparison and constrained only in the legacy stress test
mofsimplify_solvent_test_00038_BUSQIQ,test,test,MOFSimplify-main/model/solvent/ANN/dropped_connectivity_dupes/test.csv,38,BUSQIQ,1,10.1021/cm9023106,10.1021/cm9023106,10.1021/cm9023106,normalized_source_doi,test,test,,0.55176329650540923,0.99225490389359483,1.495919450320639,0.9972796335470927,0.49863981677354635,0.72024580369409286,train_fit_logistic_C_selected_by_train_internal_CV,normalized_binary_entropy_proxy_not_calibrated,1_plus_mean_absolute_train_standardized_descriptor_value,0.5*(1-predicted_success)+0.5*uncertainty; benchmark-defined uncalibrated proxy; descriptive in the primary cost-only comparison and constrained only in the legacy stress test
mofsimplify_solvent_test_00040_CAHQOS,test,test,MOFSimplify-main/model/solvent/ANN/dropped_connectivity_dupes/test.csv,40,CAHQOS,1,10.1021/ja010575b,10.1021/ja010575b,10.1021/ja010575b,normalized_source_doi,test,test,,0.43002647851867798,0.98582580195003322,2.0685446312575984,1.3790297541717322,0.68951487708586612,0.77789966171567759,train_fit_logistic_C_selected_by_train_internal_CV,normalized_binary_entropy_proxy_not_calibrated,1_plus_mean_absolute_train_standardized_descriptor_value,0.5*(1-predicted_success)+0.5*uncertainty; benchmark-defined uncalibrated proxy; descriptive in the primary cost-only comparison and constrained only in the legacy stress test
mofsimplify_solvent_test_00041_CANYIB,test,test,MOFSimplify-main/model/solvent/ANN/dropped_connectivity_dupes/test.csv,41,CANYIB,1,10.1002/chem.201103687,10.1002/chem.201103687,10.1002/chem.201103687,normalized_source_doi,test,test,,0.56106802547944867,0.98921259029797315,1.9420488911617835,1.2946992607745222,0.64734963038726112,0.71407228240926224,train_fit_logistic_C_selected_by_train_internal_CV,normalized_binary_entropy_proxy_not_calibrated,1_plus_mean_absolute_train_standardized_descriptor_value,0.5*(1-predicted_success)+0.5*uncertainty; benchmark-defined uncalibrated proxy; descriptive in the primary cost-only comparison and constrained only in the legacy stress test
mofsimplify_solvent_test_00044_CAYKEU,test,test,MOFSimplify-main/model/solvent/ANN/dropped_connectivity_dupes/test.csv,44,CAYKEU,1,10.1021/ic2023727,10.1021/ic2023727,10.1021/ic2023727,normalized_source_doi,test,test,,0.57865960057601729,0.98207275147676731,1.5653486901667999,1.0435657934445333,0.52178289672226663,0.70170657545037507,train_fit_logistic_C_selected_by_train_internal_CV,normalized_binary_entropy_proxy_not_calibrated,1_plus_mean_absolute_train_standardized_descriptor_value,0.5*(1-predicted_success)+0.5*uncertainty; benchmark-defined uncalibrated proxy; descriptive in the primary cost-only comparison and constrained only in the legacy stress test
mofsimplify_solvent_test_00045_CEFLEF,test,test,MOFSimplify-main/model/solvent/ANN/dropped_connectivity_dupes/test.csv,45,CEFLEF,1,10.1002/chem.200500754,10.1002/chem.200500754,10.1002/chem.200500754,normalized_source_doi,test,test,,0.53127337863881396,0.99717617577772488,1.7574534995417839,1.1716356663611893,0.58581783318059466,0.73295139856945546,train_fit_logistic_C_selected_by_train_internal_CV,normalized_binary_entropy_proxy_not_calibrated,1_plus_mean_absolute_train_standardized_descriptor_value,0.5*(1-predicted_success)+0.5*uncertainty; benchmark-defined uncalibrated proxy; descriptive in the primary cost-only comparison and constrained only in the legacy stress test
mofsimplify_solvent_test_00052_COTVIS,test,test,MOFSimplify-main/model/solvent/ANN/dropped_connectivity_dupes/test.csv,52,COTVIS,1,10.1039/C4DT03794D,10.1039/c4dt03794d,10.1039/c4dt03794d,normalized_source_doi,test,test,,0.48719788557730581,0.99952704980843576,1.6711582356624302,1.1141054904416201,0.55705274522081005,0.75616458211556492,train_fit_logistic_C_selected_by_train_internal_CV,normalized_binary_entropy_proxy_not_calibrated,1_plus_mean_absolute_train_standardized_descriptor_value,0.5*(1-predicted_success)+0.5*uncertainty; benchmark-defined uncalibrated proxy; descriptive in the primary cost-only comparison and constrained only in the legacy stress test
mofsimplify_solvent_test_00053_COTVOY,test,test,MOFSimplify-main/model/solvent/ANN/dropped_connectivity_dupes/test.csv,53,COTVOY,1,10.1039/C4DT03794D,10.1039/c4dt03794d,10.1039/c4dt03794d,normalized_source_doi,test,test,,0.45529692930649174,0.99422623234488816,1.5409846766819104,1.0273231177879403,0.51366155889397014,0.76946465151919829,train_fit_logistic_C_selected_by_train_internal_CV,normalized_binary_entropy_proxy_not_calibrated,1_plus_mean_absolute_train_standardized_descriptor_value,0.5*(1-predicted_success)+0.5*uncertainty; benchmark-defined uncalibrated proxy; descriptive in the primary cost-only comparison and constrained only in the legacy stress test
mofsimplify_solvent_test_00054_COTVUE,test,test,MOFSimplify-main/model/solvent/ANN/dropped_connectivity_dupes/test.csv,54,COTVUE,1,10.1039/C4DT03794D,10.1039/c4dt03794d,10.1039/c4dt03794d,normalized_source_doi,test,test,,0.44943240716309574,0.99260919308218087,1.542172492262406,1.028114994841604,0.51405749742080198,0.77158839295954262,train_fit_logistic_C_selected_by_train_internal_CV,normalized_binary_entropy_proxy_not_calibrated,1_plus_mean_absolute_train_standardized_descriptor_value,0.5*(1-predicted_success)+0.5*uncertainty; benchmark-defined uncalibrated proxy; descriptive in the primary cost-only comparison and constrained only in the legacy stress test
mofsimplify_solvent_test_00058_CUYHIO,test,test,MOFSimplify-main/model/solvent/ANN/dropped_connectivity_dupes/test.csv,58,CUYHIO,1,10.1039/b915889h,10.1039/b915889h,10.1039/b915889h,normalized_source_doi,test,test,,0.44991488350277353,0.99274979108310757,1.4669349251990143,0.97795661679934287,0.48897830839967144,0.77141745379016702,train_fit_logistic_C_selected_by_train_internal_CV,normalized_binary_entropy_proxy_not_calibrated,1_plus_mean_absolute_train_standardized_descriptor_value,0.5*(1-predicted_success)+0.5*uncertainty; benchmark-defined uncalibrated proxy; descriptive in the primary cost-only comparison and constrained only in the legacy stress test
mofsimplify_solvent_test_00061_DAMYUO,test,test,MOFSimplify-main/model/solvent/ANN/dropped_connectivity_dupes/test.csv,61,DAMYUO,0,10.1039/C6DT03755K,10.1039/c6dt03755k,10.1039/c6dt03755k,normalized_source_doi,test,test,,0.52140261019490719,0.99867788047011996,1.5603897092344838,1.0402598061563226,0.52012990307816132,0.73863763513760639,train_fit_logistic_C_selected_by_train_internal_CV,normalized_binary_entropy_proxy_not_calibrated,1_plus_mean_absolute_train_standardized_descriptor_value,0.5*(1-predicted_success)+0.5*uncertainty; benchmark-defined uncalibrated proxy; descriptive in the primary cost-only comparison and constrained only in the legacy stress test
mofsimplify_solvent_test_00065_DIKJUD,test,test,MOFSimplify-main/model/solvent/ANN/dropped_connectivity_dupes/test.csv,65,DIKJUD,0,10.1021/cg070100h,10.1021/cg070100h,10.1021/cg070100h,normalized_source_doi,test,test,,0.48428852115570725,0.99928762256005488,1.6059333892657301,1.0706222595104868,0.53531112975524342,0.75749955070217379,train_fit_logistic_C_selected_by_train_internal_CV,normalized_binary_entropy_proxy_not_calibrated,1_plus_mean_absolute_train_standardized_descriptor_value,0.5*(1-predicted_success)+0.5*uncertainty; benchmark-defined uncalibrated proxy; descriptive in the primary cost-only comparison and constrained only in the legacy stress test
mofsimplify_solvent_test_00073_DUPVER,test,test,MOFSimplify-main/model/solvent/ANN/dropped_connectivity_dupes/test.csv,73,DUPVER,1,10.1002/anie.201502045,10.1002/anie.201502045,10.1002/anie.201502045,normalized_source_doi,test,test,,0.50402606727203703,0.99995322957866006,1.4542278394730064,0.96948522631533762,0.48474261315766881,0.74796358115331152,train_fit_logistic_C_selected_by_train_internal_CV,normalized_binary_entropy_proxy_not_calibrated,1_plus_mean_absolute_train_standardized_descriptor_value,0.5*(1-predicted_success)+0.5*uncertainty; benchmark-defined uncalibrated proxy; descriptive in the primary cost-only comparison and constrained only in the legacy stress test
mofsimplify_solvent_test_00075_EBIJAC,test,test,MOFSimplify-main/model/solvent/ANN/dropped_connectivity_dupes/test.csv,75,EBIJAC,1,10.1039/c1ce05888f,10.1039/c1ce05888f,10.1039/c1ce05888f,normalized_source_doi,test,test,,0.55353572152549835,0.99171438597996708,1.3598999059924015,0.90659993732826771,0.45329996866413386,0.71908933222723437,train_fit_logistic_C_selected_by_train_internal_CV,normalized_binary_entropy_proxy_not_calibrated,1_plus_mean_absolute_train_standardized_descriptor_value,0.5*(1-predicted_success)+0.5*uncertainty; benchmark-defined uncalibrated proxy; descriptive in the primary cost-only comparison and constrained only in the legacy stress test
mofsimplify_solvent_test_00077_EJAXIW,test,test,MOFSimplify-main/model/solvent/ANN/dropped_connectivity_dupes/test.csv,77,EJAXIW,0,10.1039/b304201d,10.1039/b304201d,10.1039/b304201d,normalized_source_doi,test,test,,0.46961169927853841,0.9973338471440254,1.5429419850591168,1.0286279900394113,0.51431399501970565,0.7638610739327435,train_fit_logistic_C_selected_by_train_internal_CV,normalized_binary_entropy_proxy_not_calibrated,1_plus_mean_absolute_train_standardized_descriptor_value,0.5*(1-predicted_success)+0.5*uncertainty; benchmark-defined uncalibrated proxy; descriptive in the primary cost-only comparison and constrained only in the legacy stress test
mofsimplify_solvent_test_00083_ENOSAD,test,test,MOFSimplify-main/model/solvent/ANN/dropped_connectivity_dupes/test.csv,83,ENOSAD,0,10.1039/C6CE00600K,10.1039/c6ce00600k,10.1039/c6ce00600k,normalized_source_doi,test,test,,0.45717431183249008,0.99470159096837585,1.4942394985701608,0.9961596657134405,0.49807983285672025,0.76876363956794291,train_fit_logistic_C_selected_by_train_internal_CV,normalized_binary_entropy_proxy_not_calibrated,1_plus_mean_absolute_train_standardized_descriptor_value,0.5*(1-predicted_success)+0.5*uncertainty; benchmark-defined uncalibrated proxy; descriptive in the primary cost-only comparison and constrained only in the legacy stress test
mofsimplify_solvent_test_00085_EPISOM,test,test,MOFSimplify-main/model/solvent/ANN/dropped_connectivity_dupes/test.csv,85,EPISOM,1,10.1039/c1cc10378d,10.1039/c1cc10378d,10.1039/c1cc10378d,normalized_source_doi,test,test,,0.55541018061582803,0.9911227983752473,2.0030535696758971,1.3353690464505981,0.66768452322529903,0.71785630887970964,train_fit_logistic_C_selected_by_train_internal_CV,normalized_binary_entropy_proxy_not_calibrated,1_plus_mean_absolute_train_standardized_descriptor_value,0.5*(1-predicted_success)+0.5*uncertainty; benchmark-defined uncalibrated proxy; descriptive in the primary cost-only comparison and constrained only in the legacy stress test
mofsimplify_solvent_test_00093_EWESAC,test,test,MOFSimplify-main/model/solvent/ANN/dropped_connectivity_dupes/test.csv,93,EWESAC,1,10.1002/ejic.201600134,10.1002/ejic.201600134,10.1002/ejic.201600134,normalized_source_doi,test,test,,0.51601252116808949,0.99926005706455312,1.3402399385641983,0.89349329237613218,0.44674664618806609,0.74162376794823182,train_fit_logistic_C_selected_by_train_internal_CV,normalized_binary_entropy_proxy_not_calibrated,1_plus_mean_absolute_train_standardized_descriptor_value,0.5*(1-predicted_success)+0.5*uncertainty; benchmark-defined uncalibrated proxy; descriptive in the primary cost-only comparison and constrained only in the legacy stress test
mofsimplify_solvent_test_00094_EXEWIO,test,test,MOFSimplify-main/model/solvent/ANN/dropped_connectivity_dupes/test.csv,94,EXEWIO,1,10.1002/chem.201100226,10.1002/chem.201100226,10.1002/chem.201100226,normalized_source_doi,test,test,,0.45570795482984283,0.99433205777293532,1.3834954339735093,0.92233028931567285,0.46116514465783642,0.76931205147154624,train_fit_logistic_C_selected_by_train_internal_CV,normalized_binary_entropy_proxy_not_calibrated,1_plus_mean_absolute_train_standardized_descriptor_value,0.5*(1-predicted_success)+0.5*uncertainty; benchmark-defined uncalibrated proxy; descriptive in the primary cost-only comparison and constrained only in the legacy stress test
mofsimplify_solvent_test_00095_EYULOA,test,test,MOFSimplify-main/model/solvent/ANN/dropped_connectivity_dupes/test.csv,95,EYULOA,1,10.1039/c1ce05103b,10.1039/c1ce05103b,10.1039/c1ce05103b,normalized_source_doi,test,test,,0.53649846340017182,0.99615284182756536,1.4552894839540742,0.97019298930271614,0.48509649465135807,0.72982718921369671,train_fit_logistic_C_selected_by_train_internal_CV,normalized_binary_entropy_proxy_not_calibrated,1_plus_mean_absolute_train_standardized_descriptor_value,0.5*(1-predicted_success)+0.5*uncertainty; benchmark-defined uncalibrated proxy; descriptive in the primary cost-only comparison and constrained only in the legacy stress test
mofsimplify_solvent_test_00103_FUXXIH,test,test,MOFSimplify-main/model/solvent/ANN/dropped_connectivity_dupes/test.csv,103,FUXXIH,0,10.1021/jacs.5b07925,10.1021/jacs.5b07925,10.1021/jacs.5b07925,normalized_source_doi,test,test,,0.51913200461933207,0.99894359240354058,1.420502823705627,0.94700188247041794,0.47350094123520897,0.73990579389210431,train_fit_logistic_C_selected_by_train_internal_CV,normalized_binary_entropy_proxy_not_calibrated,1_plus_mean_absolute_train_standardized_descriptor_value,0.5*(1-predicted_success)+0.5*uncertainty; benchmark-defined uncalibrated proxy; descriptive in the primary cost-only comparison and constrained only in the legacy stress test
mofsimplify_solvent_test_00104_FUYCEJ,test,test,MOFSimplify-main/model/solvent/ANN/dropped_connectivity_dupes/test.csv,104,FUYCEJ,1,10.1021/jacs.5b10999,10.1021/jacs.5b10999,10.1021/jacs.5b10999,normalized_source_doi,test,test,,0.47399795455469029,0.99804828912819255,1.612294732658762,1.0748631551058414,0.5374315775529207,0.76202516728675107,train_fit_logistic_C_selected_by_train_internal_CV,normalized_binary_entropy_proxy_not_calibrated,1_plus_mean_absolute_train_standardized_descriptor_value,0.5*(1-predicted_success)+0.5*uncertainty; benchmark-defined uncalibrated proxy; descriptive in the primary cost-only comparison and constrained only in the legacy stress test
mofsimplify_solvent_test_00105_FUYCIN,test,test,MOFSimplify-main/model/solvent/ANN/dropped_connectivity_dupes/test.csv,105,FUYCIN,1,10.1021/jacs.5b10999,10.1021/jacs.5b10999,10.1021/jacs.5b10999,normalized_source_doi,test,test,,0.50504224287148058,0.99992663998402453,1.7307183997487954,1.153812266499197,0.5769061332495985,0.74744219855627203,train_fit_logistic_C_selected_by_train_internal_CV,normalized_binary_entropy_proxy_not_calibrated,1_plus_mean_absolute_train_standardized_descriptor_value,0.5*(1-predicted_success)+0.5*uncertainty; benchmark-defined uncalibrated proxy; descriptive in the primary cost-only comparison and constrained only in the legacy stress test
mofsimplify_solvent_test_00123_GUKYUI,test,test,MOFSimplify-main/model/solvent/ANN/dropped_connectivity_dupes/test.csv,123,GUKYUI,1,10.1039/C5DT00480B,10.1039/c5dt00480b,10.1039/c5dt00480b,normalized_source_doi,test,test,,0.57942872992829297,0.98171894843159779,2.1191027478583,1.4127351652388667,0.70636758261943333,0.70114510925165241,train_fit_logistic_C_selected_by_train_internal_CV,normalized_binary_entropy_proxy_not_calibrated,1_plus_mean_absolute_train_standardized_descriptor_value,0.5*(1-predicted_success)+0.5*uncertainty; benchmark-defined uncalibrated proxy; descriptive in the primary cost-only comparison and constrained only in the legacy stress test
mofsimplify_solvent_test_00125_GUVCOP,test,test,MOFSimplify-main/model/solvent/ANN/dropped_connectivity_dupes/test.csv,125,GUVCOP,0,10.1021/ic0204777,10.1021/ic0204777,10.1021/ic0204777,normalized_source_doi,test,test,,0.40225895951212337,0.97225667327532961,1.4904939944090025,0.99366266293933503,0.49683133146966751,0.78499885688160309,train_fit_logistic_C_selected_by_train_internal_CV,normalized_binary_entropy_proxy_not_calibrated,1_plus_mean_absolute_train_standardized_descriptor_value,0.5*(1-predicted_success)+0.5*uncertainty; benchmark-defined uncalibrated proxy; descriptive in the primary cost-only comparison and constrained only in the legacy stress test
mofsimplify_solvent_test_00136_HELDOT,test,test,MOFSimplify-main/model/solvent/ANN/dropped_connectivity_dupes/test.csv,136,HELDOT,0,10.1021/cg300686n,10.1021/cg300686n,10.1021/cg300686n,normalized_source_doi,test,test,,0.53524963650148405,0.99641182067727074,1.6100058350110296,1.0733372233406864,0.53666861167034319,0.73058109208789335,train_fit_logistic_C_selected_by_train_internal_CV,normalized_binary_entropy_proxy_not_calibrated,1_plus_mean_absolute_train_standardized_descriptor_value,0.5*(1-predicted_success)+0.5*uncertainty; benchmark-defined uncalibrated proxy; descriptive in the primary cost-only comparison and constrained only in the legacy stress test
mofsimplify_solvent_test_00137_HOMRIL,test,test,MOFSimplify-main/model/solvent/ANN/dropped_connectivity_dupes/test.csv,137,HOMRIL,1,10.1021/ic801338b,10.1021/ic801338b,10.1021/ic801338b,normalized_source_doi,test,test,,0.47830215556894512,0.99864114189948872,1.6737691199829041,1.1158460799886027,0.55792303999430137,0.76016949316527183,train_fit_logistic_C_selected_by_train_internal_CV,normalized_binary_entropy_proxy_not_calibrated,1_plus_mean_absolute_train_standardized_descriptor_value,0.5*(1-predicted_success)+0.5*uncertainty; benchmark-defined uncalibrated proxy; descriptive in the primary cost-only comparison and constrained only in the legacy stress test
mofsimplify_solvent_test_00138_HOVGIK,test,test,MOFSimplify-main/model/solvent/ANN/dropped_connectivity_dupes/test.csv,138,HOVGIK,1,10.1039/C4DT03702B,10.1039/c4dt03702b,10.1039/c4dt03702b,normalized_source_doi,test,test,,0.49819803497513332,0.99999063089320428,1.2857677876137472,0.85717852507583148,0.42858926253791574,0.75089629795903545,train_fit_logistic_C_selected_by_train_internal_CV,normalized_binary_entropy_proxy_not_calibrated,1_plus_mean_absolute_train_standardized_descriptor_value,0.5*(1-predicted_success)+0.5*uncertainty; benchmark-defined uncalibrated proxy; descriptive in the primary cost-only comparison and constrained only in the legacy stress test
mofsimplify_solvent_test_00139_YUBQET,test,test,MOFSimplify-main/model/solvent/ANN/dropped_connectivity_dupes/test.csv,139,YUBQET,1,10.1039/C4DT03702B,10.1039/c4dt03702b,10.1039/c4dt03702b,normalized_source_doi,test,test,,0.51306284360605026,0.99950758711947807,1.2931607744515028,0.86210718296766853,0.43105359148383426,0.74322237175671391,train_fit_logistic_C_selected_by_train_internal_CV,normalized_binary_entropy_proxy_not_calibrated,1_plus_mean_absolute_train_standardized_descriptor_value,0.5*(1-predicted_success)+0.5*uncertainty; benchmark-defined uncalibrated proxy; descriptive in the primary cost-only comparison and constrained only in the legacy stress test
mofsimplify_solvent_test_00142_HUWLUI,test,test,MOFSimplify-main/model/solvent/ANN/dropped_connectivity_dupes/test.csv,142,HUWLUI,0,10.1039/C5DT03363B,10.1039/c5dt03363b,10.1039/c5dt03363b,normalized_source_doi,test,test,,0.47622451877599492,0.99836835021781523,2.9160434747224366,1.9440289831482911,0.97201449157414554,0.76107191572091015,train_fit_logistic_C_selected_by_train_internal_CV,normalized_binary_entropy_proxy_not_calibrated,1_plus_mean_absolute_train_standardized_descriptor_value,0.5*(1-predicted_success)+0.5*uncertainty; benchmark-defined uncalibrated proxy; descriptive in the primary cost-only comparison and constrained only in the legacy stress test
mofsimplify_solvent_test_00146_ICITEU,test,test,MOFSimplify-main/model/solvent/ANN/dropped_connectivity_dupes/test.csv,146,ICITEU,0,10.1002/anie.200600175,10.1002/anie.200600175,10.1002/anie.200600175,normalized_source_doi,test,test,,0.63568940861759415,0.94620322901488896,1.5729408469119459,1.0486272312746305,0.52431361563731527,0.6552569101986474,train_fit_logistic_C_selected_by_train_internal_CV,normalized_binary_entropy_proxy_not_calibrated,1_plus_mean_absolute_train_standardized_descriptor_value,0.5*(1-predicted_success)+0.5*uncertainty; benchmark-defined uncalibrated proxy; descriptive in the primary cost-only comparison and constrained only in the legacy stress test
mofsimplify_solvent_test_00152_IMEDOV,test,test,MOFSimplify-main/model/solvent/ANN/dropped_connectivity_dupes/test.csv,152,IMEDOV,1,10.1002/anie.201600185,10.1002/anie.201600185,10.1002/anie.201600185,normalized_source_doi,test,test,,0.51834942081592239,0.99902826737825512,1.8544624616681804,1.2363083077787869,0.61815415388939343,0.74033942328116642,train_fit_logistic_C_selected_by_train_internal_CV,normalized_binary_entropy_proxy_not_calibrated,1_plus_mean_absolute_train_standardized_descriptor_value,0.5*(1-predicted_success)+0.5*uncertainty; benchmark-defined uncalibrated proxy; descriptive in the primary cost-only comparison and constrained only in the legacy stress test
mofsimplify_solvent_test_00153_INIXOT,test,test,MOFSimplify-main/model/solvent/ANN/dropped_connectivity_dupes/test.csv,153,INIXOT,1,10.1002/zaac.201000215,10.1002/zaac.201000215,10.1002/zaac.201000215,normalized_source_doi,test,test,,0.61112149213566191,0.96407199525693288,2.2229508286705126,1.481967219113675,0.74098360955683751,0.67647525156063548,train_fit_logistic_C_selected_by_train_internal_CV,normalized_binary_entropy_proxy_not_calibrated,1_plus_mean_absolute_train_standardized_descriptor_value,0.5*(1-predicted_success)+0.5*uncertainty; benchmark-defined uncalibrated proxy; descriptive in the primary cost-only comparison and constrained only in the legacy stress test
mofsimplify_solvent_test_00155_IYUROK,test,test,MOFSimplify-main/model/solvent/ANN/dropped_connectivity_dupes/test.csv,155,IYUROK,1,10.1021/ic101089n,10.1021/ic101089n,10.1021/ic101089n,normalized_source_doi,test,test,,0.47550797773546993,0.99826847951111186,1.5256623834358551,1.0171082556239035,0.50855412781195175,0.76138025088782091,train_fit_logistic_C_selected_by_train_internal_CV,normalized_binary_entropy_proxy_not_calibrated,1_plus_mean_absolute_train_standardized_descriptor_value,0.5*(1-predicted_success)+0.5*uncertainty; benchmark-defined uncalibrated proxy; descriptive in the primary cost-only comparison and constrained only in the legacy stress test
mofsimplify_solvent_test_00161_JEJWOL,test,test,MOFSimplify-main/model/solvent/ANN/dropped_connectivity_dupes/test.csv,161,JEJWOL,1,10.1002/chem.200501340,10.1002/chem.200501340,10.1002/chem.200501340,normalized_source_doi,test,test,,0.64329607779180764,0.93991313776882524,2.0969690970219474,1.3979793980146316,0.69898969900731578,0.64830852998850874,train_fit_logistic_C_selected_by_train_internal_CV,normalized_binary_entropy_proxy_not_calibrated,1_plus_mean_absolute_train_standardized_descriptor_value,0.5*(1-predicted_success)+0.5*uncertainty; benchmark-defined uncalibrated proxy; descriptive in the primary cost-only comparison and constrained only in the legacy stress test
mofsimplify_solvent_test_00176_KEWBUL,test,test,MOFSimplify-main/model/solvent/ANN/dropped_connectivity_dupes/test.csv,176,KEWBUL,1,10.1039/C3DT00055A,10.1039/c3dt00055a,10.1039/c3dt00055a,normalized_source_doi,test,test,,0.51209426091507959,0.99957790951756587,1.4934826891563318,0.99565512610422113,0.49782756305211057,0.74374182430124314,train_fit_logistic_C_selected_by_train_internal_CV,normalized_binary_entropy_proxy_not_calibrated,1_plus_mean_absolute_train_standardized_descriptor_value,0.5*(1-predicted_success)+0.5*uncertainty; benchmark-defined uncalibrated proxy; descriptive in the primary cost-only comparison and constrained only in the legacy stress test
mofsimplify_solvent_test_00178_KIDXUR,test,test,MOFSimplify-main/model/solvent/ANN/dropped_connectivity_dupes/test.csv,178,KIDXUR,0,10.1021/cg060741x,10.1021/cg060741x,10.1021/cg060741x,normalized_source_doi,test,test,,0.52294286482310037,0.99848066924141476,1.4072125409699492,0.93814169397996616,0.46907084698998308,0.73776890220915714,train_fit_logistic_C_selected_by_train_internal_CV,normalized_binary_entropy_proxy_not_calibrated,1_plus_mean_absolute_train_standardized_descriptor_value,0.5*(1-predicted_success)+0.5*uncertainty; benchmark-defined uncalibrated proxy; descriptive in the primary cost-only comparison and constrained only in the legacy stress test
mofsimplify_solvent_test_00186_KIYMIP,test,test,MOFSimplify-main/model/solvent/ANN/dropped_connectivity_dupes/test.csv,186,KIYMIP,1,10.1039/b712024a,10.1039/b712024a,10.1039/b712024a,normalized_source_doi,test,test,,0.50047170850810119,0.9999993579748836,1.3689273121726597,0.91261820811510652,0.45630910405755326,0.7497638247333912,train_fit_logistic_C_selected_by_train_internal_CV,normalized_binary_entropy_proxy_not_calibrated,1_plus_mean_absolute_train_standardized_descriptor_value,0.5*(1-predicted_success)+0.5*uncertainty; benchmark-defined uncalibrated proxy; descriptive in the primary cost-only comparison and constrained only in the legacy stress test
mofsimplify_solvent_test_00188_KOMGUP,test,test,MOFSimplify-main/model/solvent/ANN/dropped_connectivity_dupes/test.csv,188,KOMGUP,1,10.1021/cg800289c,10.1021/cg800289c,10.1021/cg800289c,normalized_source_doi,test,test,,0.47408070257796636,0.99806069704283784,1.5722904222178387,1.0481936148118924,0.52409680740594622,0.76198999723243577,train_fit_logistic_C_selected_by_train_internal_CV,normalized_binary_entropy_proxy_not_calibrated,1_plus_mean_absolute_train_standardized_descriptor_value,0.5*(1-predicted_success)+0.5*uncertainty; benchmark-defined uncalibrated proxy; descriptive in the primary cost-only comparison and constrained only in the legacy stress test
mofsimplify_solvent_test_00196_LEDPIU,test,test,MOFSimplify-main/model/solvent/ANN/dropped_connectivity_dupes/test.csv,196,LEDPIU,1,10.1002/ejic.200500731,10.1002/ejic.200500731,10.1002/ejic.200500731,normalized_source_doi,test,test,,0.50741293405931454,0.99984143741414733,1.4660573138351134,0.9773715425567423,0.48868577127837115,0.7462142516774164,train_fit_logistic_C_selected_by_train_internal_CV,normalized_binary_entropy_proxy_not_calibrated,1_plus_mean_absolute_train_standardized_descriptor_value,0.5*(1-predicted_success)+0.5*uncertainty; benchmark-defined uncalibrated proxy; descriptive in the primary cost-only comparison and constrained only in the legacy stress test
mofsimplify_solvent_test_00197_LEDWUN,test,test,MOFSimplify-main/model/solvent/ANN/dropped_connectivity_dupes/test.csv,197,LEDWUN,1,10.1021/ic051284x,10.1021/ic051284x,10.1021/ic051284x,normalized_source_doi,test,test,,0.3709134799125644,0.95137090543723413,1.6705584910883142,1.1137056607255429,0.55685283036277144,0.79022871276233486,train_fit_logistic_C_selected_by_train_internal_CV,normalized_binary_entropy_proxy_not_calibrated,1_plus_mean_absolute_train_standardized_descriptor_value,0.5*(1-predicted_success)+0.5*uncertainty; benchmark-defined uncalibrated proxy; descriptive in the primary cost-only comparison and constrained only in the legacy stress test
mofsimplify_solvent_test_00200_LIFSAW,test,test,MOFSimplify-main/model/solvent/ANN/dropped_connectivity_dupes/test.csv,200,LIFSAW,0,10.1039/C2CE25169H,10.1039/c2ce25169h,10.1039/c2ce25169h,normalized_source_doi,test,test,,0.59086030959362912,0.97604652034159245,1.7675861438906053,1.1783907625937369,0.58919538129686844,0.69259310537398167,train_fit_logistic_C_selected_by_train_internal_CV,normalized_binary_entropy_proxy_not_calibrated,1_plus_mean_absolute_train_standardized_descriptor_value,0.5*(1-predicted_success)+0.5*uncertainty; benchmark-defined uncalibrated proxy; descriptive in the primary cost-only comparison and constrained only in the legacy stress test
mofsimplify_solvent_test_00201_LIFSEA,test,test,MOFSimplify-main/model/solvent/ANN/dropped_connectivity_dupes/test.csv,201,LIFSEA,0,10.1039/C2CE25169H,10.1039/c2ce25169h,10.1039/c2ce25169h,normalized_source_doi,test,test,,0.58999567586145907,0.97650273926849007,1.8064458835643307,1.2042972557095537,0.60214862785477685,0.69325353170351556,train_fit_logistic_C_selected_by_train_internal_CV,normalized_binary_entropy_proxy_not_calibrated,1_plus_mean_absolute_train_standardized_descriptor_value,0.5*(1-predicted_success)+0.5*uncertainty; benchmark-defined uncalibrated proxy; descriptive in the primary cost-only comparison and constrained only in the legacy stress test
mofsimplify_solvent_test_00206_LUYSEF,test,test,MOFSimplify-main/model/solvent/ANN/dropped_connectivity_dupes/test.csv,206,LUYSEF,1,10.1021/acs.inorgchem.5b01311,10.1021/acs.inorgchem.5b01311,10.1021/acs.inorgchem.5b01311,normalized_source_doi,test,test,,0.50013273255287816,0.99999994916539725,1.596916624317374,1.0646110828782493,0.53230554143912467,0.74993360830625955,train_fit_logistic_C_selected_by_train_internal_CV,normalized_binary_entropy_proxy_not_calibrated,1_plus_mean_absolute_train_standardized_descriptor_value,0.5*(1-predicted_success)+0.5*uncertainty; benchmark-defined uncalibrated proxy; descriptive in the primary cost-only comparison and constrained only in the legacy stress test
mofsimplify_solvent_test_00214_MAYJOM,test,test,MOFSimplify-main/model/solvent/ANN/dropped_connectivity_dupes/test.csv,214,MAYJOM,0,10.1021/ja055757a,10.1021/ja055757a,10.1021/ja055757a,normalized_source_doi,test,test,,0.56147270560454909,0.98906878165097267,1.6446187211791055,1.0964124807860702,0.54820624039303512,0.71379803802321184,train_fit_logistic_C_selected_by_train_internal_CV,normalized_binary_entropy_proxy_not_calibrated,1_plus_mean_absolute_train_standardized_descriptor_value,0.5*(1-predicted_success)+0.5*uncertainty; benchmark-defined uncalibrated proxy; descriptive in the primary cost-only comparison and constrained only in the legacy stress test
mofsimplify_solvent_test_00217_MIBMER,test,test,MOFSimplify-main/model/solvent/ANN/dropped_connectivity_dupes/test.csv,217,MIBMER,1,10.1021/cm300450x,10.1021/cm300450x,10.1021/cm300450x,normalized_source_doi,test,test,,0.54827286487877025,0.99326577899161617,1.4948180981326193,0.99654539875507953,0.49827269937753976,0.72249645705642296,train_fit_logistic_C_selected_by_train_internal_CV,normalized_binary_entropy_proxy_not_calibrated,1_plus_mean_absolute_train_standardized_descriptor_value,0.5*(1-predicted_success)+0.5*uncertainty; benchmark-defined uncalibrated proxy; descriptive in the primary cost-only comparison and constrained only in the legacy stress test
mofsimplify_solvent_test_00218_MITGUR01,test,test,MOFSimplify-main/model/solvent/ANN/dropped_connectivity_dupes/test.csv,218,MITGUR01,0,10.1002/crat.200310218,10.1002/crat.200310218,10.1002/crat.200310218,normalized_source_doi,test,test,,0.51217365060895459,0.99957234936966421,1.554577126516826,1.0363847510112174,0.5181923755056087,0.74369934938035476,train_fit_logistic_C_selected_by_train_internal_CV,normalized_binary_entropy_proxy_not_calibrated,1_plus_mean_absolute_train_standardized_descriptor_value,0.5*(1-predicted_success)+0.5*uncertainty; benchmark-defined uncalibrated proxy; descriptive in the primary cost-only comparison and constrained only in the legacy stress test
mofsimplify_solvent_test_00221_MOYYIJ,test,test,MOFSimplify-main/model/solvent/ANN/dropped_connectivity_dupes/test.csv,221,MOYYIJ,0,10.1021/cg801026y,10.1021/cg801026y,10.1021/cg801026y,normalized_source_doi,test,test,,0.51774275177707063,0.99909147335232618,1.5679900790231485,1.0453267193487656,0.52266335967438282,0.74067436078762783,train_fit_logistic_C_selected_by_train_internal_CV,normalized_binary_entropy_proxy_not_calibrated,1_plus_mean_absolute_train_standardized_descriptor_value,0.5*(1-predicted_success)+0.5*uncertainty; benchmark-defined uncalibrated proxy; descriptive in the primary cost-only comparison and constrained only in the legacy stress test
mofsimplify_solvent_test_00222_MUDLON,test,test,MOFSimplify-main/model/solvent/ANN/dropped_connectivity_dupes/test.csv,222,MUDLON,1,10.1039/b910228k,10.1039/b910228k,10.1039/b910228k,normalized_source_doi,test,test,,0.58101307368225685,0.98097910371694164,1.8177306815713683,1.2118204543809121,0.60591022719045606,0.69998301501734239,train_fit_logistic_C_selected_by_train_internal_CV,normalized_binary_entropy_proxy_not_calibrated,1_plus_mean_absolute_train_standardized_descriptor_value,0.5*(1-predicted_success)+0.5*uncertainty; benchmark-defined uncalibrated proxy; descriptive in the primary cost-only comparison and constrained only in the legacy stress test
mofsimplify_solvent_test_00226_MUTNAQ,test,test,MOFSimplify-main/model/solvent/ANN/dropped_connectivity_dupes/test.csv,226,MUTNAQ,1,10.1021/ic0204225,10.1021/ic0204225,10.1021/ic0204225,normalized_source_doi,test,test,,0.49154118796531465,0.99979353615937872,1.5623280412778857,1.0415520275185906,0.52077601375929528,0.75412617409703198,train_fit_logistic_C_selected_by_train_internal_CV,normalized_binary_entropy_proxy_not_calibrated,1_plus_mean_absolute_train_standardized_descriptor_value,0.5*(1-predicted_success)+0.5*uncertainty; benchmark-defined uncalibrated proxy; descriptive in the primary cost-only comparison and constrained only in the legacy stress test
mofsimplify_solvent_test_00232_NALYEG,test,test,MOFSimplify-main/model/solvent/ANN/dropped_connectivity_dupes/test.csv,232,NALYEG,1,10.1021/ic2021963,10.1021/ic2021963,10.1021/ic2021963,normalized_source_doi,test,test,,0.41574189863013572,0.97941731082322536,2.2364890351315374,1.4909926900876915,0.74549634504384577,0.78183770609654479,train_fit_logistic_C_selected_by_train_internal_CV,normalized_binary_entropy_proxy_not_calibrated,1_plus_mean_absolute_train_standardized_descriptor_value,0.5*(1-predicted_success)+0.5*uncertainty; benchmark-defined uncalibrated proxy; descriptive in the primary cost-only comparison and constrained only in the legacy stress test
mofsimplify_solvent_test_00237_NAWWUG,test,test,MOFSimplify-main/model/solvent/ANN/dropped_connectivity_dupes/test.csv,237,NAWWUG,0,10.1021/acs.cgd.7b00321,10.1021/acs.cgd.7b00321,10.1021/acs.cgd.7b00321,normalized_source_doi,test,test,,0.45537538106057912,0.99424650695218209,1.3587301030743197,0.90582006871621312,0.45291003435810656,0.7694355629458014,train_fit_logistic_C_selected_by_train_internal_CV,normalized_binary_entropy_proxy_not_calibrated,1_plus_mean_absolute_train_standardized_descriptor_value,0.5*(1-predicted_success)+0.5*uncertainty; benchmark-defined uncalibrated proxy; descriptive in the primary cost-only comparison and constrained only in the legacy stress test
mofsimplify_solvent_test_00238_NEGZUW,test,test,MOFSimplify-main/model/solvent/ANN/dropped_connectivity_dupes/test.csv,238,NEGZUW,0,10.1039/c2dt30532a,10.1039/c2dt30532a,10.1039/c2dt30532a,normalized_source_doi,test,test,,0.45941158332614196,0.9952413174924637,1.6935210915565968,1.1290140610377313,0.56450703051886564,0.76791486708316081,train_fit_logistic_C_selected_by_train_internal_CV,normalized_binary_entropy_proxy_not_calibrated,1_plus_mean_absolute_train_standardized_descriptor_value,0.5*(1-predicted_success)+0.5*uncertainty; benchmark-defined uncalibrated proxy; descriptive in the primary cost-only comparison and constrained only in the legacy stress test
mofsimplify_solvent_test_00244_NIRDAT,test,test,MOFSimplify-main/model/solvent/ANN/dropped_connectivity_dupes/test.csv,244,NIRDAT,0,10.1039/b102263f,10.1039/b102263f,10.1039/b102263f,normalized_source_doi,test,test,,0.42323594863614106,0.98292977239129542,2.0468015032177584,1.3645343354785056,0.68226716773925278,0.77984691187757726,train_fit_logistic_C_selected_by_train_internal_CV,normalized_binary_entropy_proxy_not_calibrated,1_plus_mean_absolute_train_standardized_descriptor_value,0.5*(1-predicted_success)+0.5*uncertainty; benchmark-defined uncalibrated proxy; descriptive in the primary cost-only comparison and constrained only in the legacy stress test
mofsimplify_solvent_test_00246_OCAWAT,test,test,MOFSimplify-main/model/solvent/ANN/dropped_connectivity_dupes/test.csv,246,OCAWAT,1,10.1039/C6NJ03470E,10.1039/c6nj03470e,10.1039/c6nj03470e,normalized_source_doi,test,test,,0.48319204779806135,0.99918470276988114,2.6104145778441445,1.7402763852294296,0.87013819261471481,0.75799632748590984,train_fit_logistic_C_selected_by_train_internal_CV,normalized_binary_entropy_proxy_not_calibrated,1_plus_mean_absolute_train_standardized_descriptor_value,0.5*(1-predicted_success)+0.5*uncertainty; benchmark-defined uncalibrated proxy; descriptive in the primary cost-only comparison and constrained only in the legacy stress test
mofsimplify_solvent_test_00247_OCOKUP,test,test,MOFSimplify-main/model/solvent/ANN/dropped_connectivity_dupes/test.csv,247,OCOKUP,0,10.1039/C6CE02178F,10.1039/c6ce02178f,10.1039/c6ce02178f,normalized_source_doi,test,test,,0.35386380929343125,0.93747150806490354,1.7285324235826569,1.1523549490551046,0.5761774745275523,0.79180384938573622,train_fit_logistic_C_selected_by_train_internal_CV,normalized_binary_entropy_proxy_not_calibrated,1_plus_mean_absolute_train_standardized_descriptor_value,0.5*(1-predicted_success)+0.5*uncertainty; benchmark-defined uncalibrated proxy; descriptive in the primary cost-only comparison and constrained only in the legacy stress test
mofsimplify_solvent_test_00252_OGAXUR,test,test,MOFSimplify-main/model/solvent/ANN/dropped_connectivity_dupes/test.csv,252,OGAXUR,1,10.1002/ejic.201300714,10.1002/ejic.201300714,10.1002/ejic.201300714,normalized_source_doi,test,test,,0.51099702713523076,0.99965102834950104,1.6478708228141143,1.0985805485427429,0.54929027427137145,0.74432700060713519,train_fit_logistic_C_selected_by_train_internal_CV,normalized_binary_entropy_proxy_not_calibrated,1_plus_mean_absolute_train_standardized_descriptor_value,0.5*(1-predicted_success)+0.5*uncertainty; benchmark-defined uncalibrated proxy; descriptive in the primary cost-only comparison and constrained only in the legacy stress test
mofsimplify_solvent_test_00253_OGECOU,test,test,MOFSimplify-main/model/solvent/ANN/dropped_connectivity_dupes/test.csv,253,OGECOU,1,10.1002/ejic.201300714,10.1002/ejic.201300714,10.1002/ejic.201300714,normalized_source_doi,test,test,,0.50835621807176357,0.99979851427440869,1.6530595550220699,1.1020397033480467,0.55101985167402334,0.74572114810132262,train_fit_logistic_C_selected_by_train_internal_CV,normalized_binary_entropy_proxy_not_calibrated,1_plus_mean_absolute_train_standardized_descriptor_value,0.5*(1-predicted_success)+0.5*uncertainty; benchmark-defined uncalibrated proxy; descriptive in the primary cost-only comparison and constrained only in the legacy stress test
mofsimplify_solvent_test_00257_OKUSUK,test,test,MOFSimplify-main/model/solvent/ANN/dropped_connectivity_dupes/test.csv,257,OKUSUK,0,10.1038/nature17430,10.1038/nature17430,10.1038/nature17430,normalized_source_doi,test,test,,0.65943224400908307,0.92536097251465199,2.1582000755243085,1.4388000503495391,0.71940002517476953,0.63296436425278446,train_fit_logistic_C_selected_by_train_internal_CV,normalized_binary_entropy_proxy_not_calibrated,1_plus_mean_absolute_train_standardized_descriptor_value,0.5*(1-predicted_success)+0.5*uncertainty; benchmark-defined uncalibrated proxy; descriptive in the primary cost-only comparison and constrained only in the legacy stress test
mofsimplify_solvent_test_00258_OKUTAR,test,test,MOFSimplify-main/model/solvent/ANN/dropped_connectivity_dupes/test.csv,258,OKUTAR,0,10.1038/nature17430,10.1038/nature17430,10.1038/nature17430,normalized_source_doi,test,test,,0.59256718447844636,0.97513279783514017,2.0379523952303886,1.3586349301535925,0.67931746507679625,0.69128280667834696,train_fit_logistic_C_selected_by_train_internal_CV,normalized_binary_entropy_proxy_not_calibrated,1_plus_mean_absolute_train_standardized_descriptor_value,0.5*(1-predicted_success)+0.5*uncertainty; benchmark-defined uncalibrated proxy; descriptive in the primary cost-only comparison and constrained only in the legacy stress test
mofsimplify_solvent_test_00259_OKUTEV,test,test,MOFSimplify-main/model/solvent/ANN/dropped_connectivity_dupes/test.csv,259,OKUTEV,0,10.1038/nature17430,10.1038/nature17430,10.1038/nature17430,normalized_source_doi,test,test,,0.65025197122677603,0.93384282237163907,2.3000464514985692,1.5333643009990461,0.76668215049952304,0.64179542557243152,train_fit_logistic_C_selected_by_train_internal_CV,normalized_binary_entropy_proxy_not_calibrated,1_plus_mean_absolute_train_standardized_descriptor_value,0.5*(1-predicted_success)+0.5*uncertainty; benchmark-defined uncalibrated proxy; descriptive in the primary cost-only comparison and constrained only in the legacy stress test
mofsimplify_solvent_test_00264_OQETEK,test,test,MOFSimplify-main/model/solvent/ANN/dropped_connectivity_dupes/test.csv,264,OQETEK,1,10.1039/c1cc10897b,10.1039/c1cc10897b,10.1039/c1cc10897b,normalized_source_doi,test,test,,0.50543048097110854,0.99991490781695336,1.5451523101207716,1.0301015400805145,0.51505077004025723,0.74724221342292241,train_fit_logistic_C_selected_by_train_internal_CV,normalized_binary_entropy_proxy_not_calibrated,1_plus_mean_absolute_train_standardized_descriptor_value,0.5*(1-predicted_success)+0.5*uncertainty; benchmark-defined uncalibrated proxy; descriptive in the primary cost-only comparison and constrained only in the legacy stress test
mofsimplify_solvent_test_00268_PACGIM,test,test,MOFSimplify-main/model/solvent/ANN/dropped_connectivity_dupes/test.csv,268,PACGIM,0,10.1039/C5DT04183J,10.1039/c5dt04183j,10.1039/c5dt04183j,normalized_source_doi,test,test,,0.56842208846197462,0.9864493303748838,2.1343075858571963,1.4228717239047974,0.71143586195239872,0.70901362095645459,train_fit_logistic_C_selected_by_train_internal_CV,normalized_binary_entropy_proxy_not_calibrated,1_plus_mean_absolute_train_standardized_descriptor_value,0.5*(1-predicted_success)+0.5*uncertainty; benchmark-defined uncalibrated proxy; descriptive in the primary cost-only comparison and constrained only in the legacy stress test
mofsimplify_solvent_test_00280_POMMAH,test,test,MOFSimplify-main/model/solvent/ANN/dropped_connectivity_dupes/test.csv,280,POMMAH,1,10.1039/C4CC07611G,10.1039/c4cc07611g,10.1039/c4cc07611g,normalized_source_doi,test,test,,0.54271580177367795,0.99472877963668327,1.5277727707488771,1.0185151804992514,0.50925759024962569,0.72600648893150266,train_fit_logistic_C_selected_by_train_internal_CV,normalized_binary_entropy_proxy_not_calibrated,1_plus_mean_absolute_train_standardized_descriptor_value,0.5*(1-predicted_success)+0.5*uncertainty; benchmark-defined uncalibrated proxy; descriptive in the primary cost-only comparison and constrained only in the legacy stress test
mofsimplify_solvent_test_00283_QAKFIU,test,test,MOFSimplify-main/model/solvent/ANN/dropped_connectivity_dupes/test.csv,283,QAKFIU,0,10.1039/C6QI00013D,10.1039/c6qi00013d,10.1039/c6qi00013d,normalized_source_doi,test,test,,0.47284543810688556,0.99787135212493439,1.471664919746825,0.9811099464978833,0.49055497324894165,0.76251295700902433,train_fit_logistic_C_selected_by_train_internal_CV,normalized_binary_entropy_proxy_not_calibrated,1_plus_mean_absolute_train_standardized_descriptor_value,0.5*(1-predicted_success)+0.5*uncertainty; benchmark-defined uncalibrated proxy; descriptive in the primary cost-only comparison and constrained only in the legacy stress test
mofsimplify_solvent_test_00288_QERWAL,test,test,MOFSimplify-main/model/solvent/ANN/dropped_connectivity_dupes/test.csv,288,QERWAL,0,10.1039/b009455m,10.1039/b009455m,10.1039/b009455m,normalized_source_doi,test,test,,0.51834007546382355,0.99902925715429658,1.4284526668629716,0.95230177790864767,0.47615088895432384,0.74034459084523652,train_fit_logistic_C_selected_by_train_internal_CV,normalized_binary_entropy_proxy_not_calibrated,1_plus_mean_absolute_train_standardized_descriptor_value,0.5*(1-predicted_success)+0.5*uncertainty; benchmark-defined uncalibrated proxy; descriptive in the primary cost-only comparison and constrained only in the legacy stress test
mofsimplify_solvent_test_00289_QEYWUN,test,test,MOFSimplify-main/model/solvent/ANN/dropped_connectivity_dupes/test.csv,289,QEYWUN,1,10.1002/chem.200600980,10.1002/chem.200600980,10.1002/chem.200600980,normalized_source_doi,test,test,,0.52380303966097841,0.99836456406549701,1.6350737890185789,1.0900491926790525,0.54502459633952627,0.73728076220225924,train_fit_logistic_C_selected_by_train_internal_CV,normalized_binary_entropy_proxy_not_calibrated,1_plus_mean_absolute_train_standardized_descriptor_value,0.5*(1-predicted_success)+0.5*uncertainty; benchmark-defined uncalibrated proxy; descriptive in the primary cost-only comparison and constrained only in the legacy stress test
mofsimplify_solvent_test_00297_QOKCID,test,test,MOFSimplify-main/model/solvent/ANN/dropped_connectivity_dupes/test.csv,297,QOKCID,1,10.1021/ic801221r,10.1021/ic801221r,10.1021/ic801221r,normalized_source_doi,test,test,,0.5485506871963749,0.9931879188169741,1.6761384049790276,1.1174256033193517,0.55871280165967585,0.72231861581029966,train_fit_logistic_C_selected_by_train_internal_CV,normalized_binary_entropy_proxy_not_calibrated,1_plus_mean_absolute_train_standardized_descriptor_value,0.5*(1-predicted_success)+0.5*uncertainty; benchmark-defined uncalibrated proxy; descriptive in the primary cost-only comparison and constrained only in the legacy stress test
mofsimplify_solvent_test_00298_QUBWIU,test,test,MOFSimplify-main/model/solvent/ANN/dropped_connectivity_dupes/test.csv,298,QUBWIU,0,10.1021/ic900566v,10.1021/ic900566v,10.1021/ic900566v,normalized_source_doi,test,test,,0.54732769760326405,0.9935272973208864,2.1331719104812557,1.4221146069875037,0.71105730349375185,0.72309979985881112,train_fit_logistic_C_selected_by_train_internal_CV,normalized_binary_entropy_proxy_not_calibrated,1_plus_mean_absolute_train_standardized_descriptor_value,0.5*(1-predicted_success)+0.5*uncertainty; benchmark-defined uncalibrated proxy; descriptive in the primary cost-only comparison and constrained only in the legacy stress test
mofsimplify_solvent_test_00306_RAHMAP,test,test,MOFSimplify-main/model/solvent/ANN/dropped_connectivity_dupes/test.csv,306,RAHMAP,1,10.1021/ic049363g,10.1021/ic049363g,10.1021/ic049363g,normalized_source_doi,test,test,,0.50135302085090838,0.99999471780969873,1.3872705347655612,0.92484702317704082,0.46242351158852041,0.74932084847939517,train_fit_logistic_C_selected_by_train_internal_CV,normalized_binary_entropy_proxy_not_calibrated,1_plus_mean_absolute_train_standardized_descriptor_value,0.5*(1-predicted_success)+0.5*uncertainty; benchmark-defined uncalibrated proxy; descriptive in the primary cost-only comparison and constrained only in the legacy stress test
mofsimplify_solvent_test_00316_RIWMUH,test,test,MOFSimplify-main/model/solvent/ANN/dropped_connectivity_dupes/test.csv,316,RIWMUH,1,10.1039/C3CE41428K,10.1039/c3ce41428k,10.1039/c3ce41428k,normalized_source_doi,test,test,,0.56007320468966282,0.98956203591590763,1.567114639704946,1.0447430931366306,0.5223715465683153,0.71474441561312241,train_fit_logistic_C_selected_by_train_internal_CV,normalized_binary_entropy_proxy_not_calibrated,1_plus_mean_absolute_train_standardized_descriptor_value,0.5*(1-predicted_success)+0.5*uncertainty; benchmark-defined uncalibrated proxy; descriptive in the primary cost-only comparison and constrained only in the legacy stress test
mofsimplify_solvent_test_00325_SARNOQ,test,test,MOFSimplify-main/model/solvent/ANN/dropped_connectivity_dupes/test.csv,325,SARNOQ,1,10.1039/c2sc00017b,10.1039/c2sc00017b,10.1039/c2sc00017b,normalized_source_doi,test,test,,0.51992129470078974,0.99885460676196391,1.5597272537889646,1.0398181691926431,0.51990908459632157,0.73946665603058714,train_fit_logistic_C_selected_by_train_internal_CV,normalized_binary_entropy_proxy_not_calibrated,1_plus_mean_absolute_train_standardized_descriptor_value,0.5*(1-predicted_success)+0.5*uncertainty; benchmark-defined uncalibrated proxy; descriptive in the primary cost-only comparison and constrained only in the legacy stress test
mofsimplify_solvent_test_00326_SEGBIR,test,test,MOFSimplify-main/model/solvent/ANN/dropped_connectivity_dupes/test.csv,326,SEGBIR,1,10.1039/c2cc37453f,10.1039/c2cc37453f,10.1039/c2cc37453f,normalized_source_doi,test,test,,0.51985842140975569,0.9988618271684071,1.4240761650759113,0.94938411005060752,0.47469205502530376,0.73950170287932571,train_fit_logistic_C_selected_by_train_internal_CV,normalized_binary_entropy_proxy_not_calibrated,1_plus_mean_absolute_train_standardized_descriptor_value,0.5*(1-predicted_success)+0.5*uncertainty; benchmark-defined uncalibrated proxy; descriptive in the primary cost-only comparison and constrained only in the legacy stress test
mofsimplify_solvent_test_00327_SERWAP,test,test,MOFSimplify-main/model/solvent/ANN/dropped_connectivity_dupes/test.csv,327,SERWAP,0,10.1039/c3cc41140k,10.1039/c3cc41140k,10.1039/c3cc41140k,normalized_source_doi,test,test,,0.64448557013042318,0.93889672019923287,1.7583035229238102,1.1722023486158735,0.58610117430793673,0.64720557503440479,train_fit_logistic_C_selected_by_train_internal_CV,normalized_binary_entropy_proxy_not_calibrated,1_plus_mean_absolute_train_standardized_descriptor_value,0.5*(1-predicted_success)+0.5*uncertainty; benchmark-defined uncalibrated proxy; descriptive in the primary cost-only comparison and constrained only in the legacy stress test
mofsimplify_solvent_test_00331_XIMPOA01,test,test,MOFSimplify-main/model/solvent/ANN/dropped_connectivity_dupes/test.csv,331,XIMPOA01,0,10.1021/cg401519w,10.1021/cg401519w,10.1021/cg401519w,normalized_source_doi,test,test,,0.46738290675345057,0.99692812539077225,1.4721218298812433,0.98141455325416216,0.49070727662708108,0.76477260931866087,train_fit_logistic_C_selected_by_train_internal_CV,normalized_binary_entropy_proxy_not_calibrated,1_plus_mean_absolute_train_standardized_descriptor_value,0.5*(1-predicted_success)+0.5*uncertainty; benchmark-defined uncalibrated proxy; descriptive in the primary cost-only comparison and constrained only in the legacy stress test
mofsimplify_solvent_test_00335_TACJIS,test,test,MOFSimplify-main/model/solvent/ANN/dropped_connectivity_dupes/test.csv,335,TACJIS,1,10.1039/c0dt00255k,10.1039/c0dt00255k,10.1039/c0dt00255k,normalized_source_doi,test,test,,0.522240820682917,0.99857225890963597,1.9093189878351291,1.2728793252234194,0.6364396626117097,0.73816571911335949,train_fit_logistic_C_selected_by_train_internal_CV,normalized_binary_entropy_proxy_not_calibrated,1_plus_mean_absolute_train_standardized_descriptor_value,0.5*(1-predicted_success)+0.5*uncertainty; benchmark-defined uncalibrated proxy; descriptive in the primary cost-only comparison and constrained only in the legacy stress test
mofsimplify_solvent_test_00338_TEBSAW,test,test,MOFSimplify-main/model/solvent/ANN/dropped_connectivity_dupes/test.csv,338,TEBSAW,0,10.1002/zaac.201100407,10.1002/zaac.201100407,10.1002/zaac.201100407,normalized_source_doi,test,test,,0.43647008497249773,0.98832288218434194,1.6380684285786691,1.0920456190524461,0.54602280952622306,0.77592639860592216,train_fit_logistic_C_selected_by_train_internal_CV,normalized_binary_entropy_proxy_not_calibrated,1_plus_mean_absolute_train_standardized_descriptor_value,0.5*(1-predicted_success)+0.5*uncertainty; benchmark-defined uncalibrated proxy; descriptive in the primary cost-only comparison and constrained only in the legacy stress test
mofsimplify_solvent_test_00352_UBOGAV,test,test,MOFSimplify-main/model/solvent/ANN/dropped_connectivity_dupes/test.csv,352,UBOGAV,1,10.1021/cg200978y,10.1021/cg200978y,10.1021/cg200978y,normalized_source_doi,test,test,,0.47322087397442203,0.99792983410436542,1.5624969962214053,1.0416646641476035,0.52083233207380175,0.76235448006497175,train_fit_logistic_C_selected_by_train_internal_CV,normalized_binary_entropy_proxy_not_calibrated,1_plus_mean_absolute_train_standardized_descriptor_value,0.5*(1-predicted_success)+0.5*uncertainty; benchmark-defined uncalibrated proxy; descriptive in the primary cost-only comparison and constrained only in the legacy stress test
mofsimplify_solvent_test_00356_ULASAD,test,test,MOFSimplify-main/model/solvent/ANN/dropped_connectivity_dupes/test.csv,356,ULASAD,1,10.1002/chem.201505131,10.1002/chem.201505131,10.1002/chem.201505131,normalized_source_doi,test,test,,0.29777156489687312,0.87854979490851026,1.9572206779641441,1.3048137853094295,0.65240689265471474,0.79038911500581865,train_fit_logistic_C_selected_by_train_internal_CV,normalized_binary_entropy_proxy_not_calibrated,1_plus_mean_absolute_train_standardized_descriptor_value,0.5*(1-predicted_success)+0.5*uncertainty; benchmark-defined uncalibrated proxy; descriptive in the primary cost-only comparison and constrained only in the legacy stress test
mofsimplify_solvent_test_00358_UMEKEE,test,test,MOFSimplify-main/model/solvent/ANN/dropped_connectivity_dupes/test.csv,358,UMEKEE,1,10.1021/acs.cgd.5b01772,10.1021/acs.cgd.5b01772,10.1021/acs.cgd.5b01772,normalized_source_doi,test,test,,0.45293839679962289,0.99359998450077336,1.5651417444919298,1.0434278296612864,0.52171391483064322,0.77033079385057524,train_fit_logistic_C_selected_by_train_internal_CV,normalized_binary_entropy_proxy_not_calibrated,1_plus_mean_absolute_train_standardized_descriptor_value,0.5*(1-predicted_success)+0.5*uncertainty; benchmark-defined uncalibrated proxy; descriptive in the primary cost-only comparison and constrained only in the legacy stress test
mofsimplify_solvent_test_00359_UMEKII,test,test,MOFSimplify-main/model/solvent/ANN/dropped_connectivity_dupes/test.csv,359,UMEKII,1,10.1021/acs.cgd.5b01772,10.1021/acs.cgd.5b01772,10.1021/acs.cgd.5b01772,normalized_source_doi,test,test,,0.47964403238711595,0.99880406363659169,1.5091630627045045,1.0061087084696696,0.5030543542348348,0.75958001562473787,train_fit_logistic_C_selected_by_train_internal_CV,normalized_binary_entropy_proxy_not_calibrated,1_plus_mean_absolute_train_standardized_descriptor_value,0.5*(1-predicted_success)+0.5*uncertainty; benchmark-defined uncalibrated proxy; descriptive in the primary cost-only comparison and constrained only in the legacy stress test
mofsimplify_solvent_test_00361_UQOWUU,test,test,MOFSimplify-main/model/solvent/ANN/dropped_connectivity_dupes/test.csv,361,UQOWUU,1,10.1007/s13738-013-0356-8,10.1007/s13738-013-0356-8,10.1007/s13738-013-0356-8,normalized_source_doi,test,test,,0.54301135020816926,0.99465549399283837,1.9941133132303848,1.3294088754869231,0.66470443774346155,0.7258220718923345,train_fit_logistic_C_selected_by_train_internal_CV,normalized_binary_entropy_proxy_not_calibrated,1_plus_mean_absolute_train_standardized_descriptor_value,0.5*(1-predicted_success)+0.5*uncertainty; benchmark-defined uncalibrated proxy; descriptive in the primary cost-only comparison and constrained only in the legacy stress test
mofsimplify_solvent_test_00363_UTOTUT,test,test,MOFSimplify-main/model/solvent/ANN/dropped_connectivity_dupes/test.csv,363,UTOTUT,1,10.1021/cg1015934,10.1021/cg1015934,10.1021/cg1015934,normalized_source_doi,test,test,,0.47550027857358801,0.998267390283335,1.3814277020822501,0.92095180138816668,0.46047590069408334,0.76138355585487349,train_fit_logistic_C_selected_by_train_internal_CV,normalized_binary_entropy_proxy_not_calibrated,1_plus_mean_absolute_train_standardized_descriptor_value,0.5*(1-predicted_success)+0.5*uncertainty; benchmark-defined uncalibrated proxy; descriptive in the primary cost-only comparison and constrained only in the legacy stress test
mofsimplify_solvent_test_00371_VEHPUU,test,test,MOFSimplify-main/model/solvent/ANN/dropped_connectivity_dupes/test.csv,371,VEHPUU,0,10.1002/anie.200600333,10.1002/anie.200600333,10.1002/anie.200600333,normalized_source_doi,test,test,,0.45972236290072477,0.99531399041464919,1.3792970087238641,0.91953133914924268,0.45976566957462134,0.76779581375696226,train_fit_logistic_C_selected_by_train_internal_CV,normalized_binary_entropy_proxy_not_calibrated,1_plus_mean_absolute_train_standardized_descriptor_value,0.5*(1-predicted_success)+0.5*uncertainty; benchmark-defined uncalibrated proxy; descriptive in the primary cost-only comparison and constrained only in the legacy stress test
mofsimplify_solvent_test_00376_VUMCEM,test,test,MOFSimplify-main/model/solvent/ANN/dropped_connectivity_dupes/test.csv,376,VUMCEM,0,10.1021/cg801250g,10.1021/cg801250g,10.1021/cg801250g,normalized_source_doi,test,test,,0.57727259130075115,0.98270193531519945,1.8352358164433065,1.2234905442955377,0.61174527214776886,0.70271467200722415,train_fit_logistic_C_selected_by_train_internal_CV,normalized_binary_entropy_proxy_not_calibrated,1_plus_mean_absolute_train_standardized_descriptor_value,0.5*(1-predicted_success)+0.5*uncertainty; benchmark-defined uncalibrated proxy; descriptive in the primary cost-only comparison and constrained only in the legacy stress test
mofsimplify_solvent_test_00381_WAQQUB,test,test,MOFSimplify-main/model/solvent/ANN/dropped_connectivity_dupes/test.csv,381,WAQQUB,1,10.1021/ic050354x,10.1021/ic050354x,10.1021/ic050354x,normalized_source_doi,test,test,,0.5786472726687375,0.98207839386376039,1.9724453397121047,1.3149635598080698,0.65748177990403489,0.70171556059751139,train_fit_logistic_C_selected_by_train_internal_CV,normalized_binary_entropy_proxy_not_calibrated,1_plus_mean_absolute_train_standardized_descriptor_value,0.5*(1-predicted_success)+0.5*uncertainty; benchmark-defined uncalibrated proxy; descriptive in the primary cost-only comparison and constrained only in the legacy stress test
mofsimplify_solvent_test_00384_WILHIK,test,test,MOFSimplify-main/model/solvent/ANN/dropped_connectivity_dupes/test.csv,384,WILHIK,1,10.1039/C3CC45689G,10.1039/c3cc45689g,10.1039/c3cc45689g,normalized_source_doi,test,test,,0.56517792812088896,0.98770744159815049,1.3911498291011313,0.92743321940075418,0.46371660970037709,0.71126475673863077,train_fit_logistic_C_selected_by_train_internal_CV,normalized_binary_entropy_proxy_not_calibrated,1_plus_mean_absolute_train_standardized_descriptor_value,0.5*(1-predicted_success)+0.5*uncertainty; benchmark-defined uncalibrated proxy; descriptive in the primary cost-only comparison and constrained only in the legacy stress test
mofsimplify_solvent_test_00386_WODVOB,test,test,MOFSimplify-main/model/solvent/ANN/dropped_connectivity_dupes/test.csv,386,WODVOB,1,10.1021/cg800187r,10.1021/cg800187r,10.1021/cg800187r,normalized_source_doi,test,test,,0.52373787029262375,0.99837351035702859,1.3696328546294598,0.91308856975297326,0.45654428487648663,0.73731782003220236,train_fit_logistic_C_selected_by_train_internal_CV,normalized_binary_entropy_proxy_not_calibrated,1_plus_mean_absolute_train_standardized_descriptor_value,0.5*(1-predicted_success)+0.5*uncertainty; benchmark-defined uncalibrated proxy; descriptive in the primary cost-only comparison and constrained only in the legacy stress test
mofsimplify_solvent_test_00387_WOHZAU,test,test,MOFSimplify-main/model/solvent/ANN/dropped_connectivity_dupes/test.csv,387,WOHZAU,1,10.1021/ic000209d,10.1021/ic000209d,10.1021/ic000209d,normalized_source_doi,test,test,,0.52007820565176166,0.99883648734839148,1.5937930794042114,1.0625287196028077,0.53126435980140385,0.73937914084831491,train_fit_logistic_C_selected_by_train_internal_CV,normalized_binary_entropy_proxy_not_calibrated,1_plus_mean_absolute_train_standardized_descriptor_value,0.5*(1-predicted_success)+0.5*uncertainty; benchmark-defined uncalibrated proxy; descriptive in the primary cost-only comparison and constrained only in the legacy stress test
mofsimplify_solvent_test_00388_WOJJOV,test,test,MOFSimplify-main/model/solvent/ANN/dropped_connectivity_dupes/test.csv,388,WOJJOV,1,10.1021/ja802589u,10.1021/ja802589u,10.1021/ja802589u,normalized_source_doi,test,test,,0.5328240955066591,0.99688898258760694,1.464426941157889,0.97628462743859268,0.48814231371929634,0.73203244354047392,train_fit_logistic_C_selected_by_train_internal_CV,normalized_binary_entropy_proxy_not_calibrated,1_plus_mean_absolute_train_standardized_descriptor_value,0.5*(1-predicted_success)+0.5*uncertainty; benchmark-defined uncalibrated proxy; descriptive in the primary cost-only comparison and constrained only in the legacy stress test
mofsimplify_solvent_test_00390_WORREC,test,test,MOFSimplify-main/model/solvent/ANN/dropped_connectivity_dupes/test.csv,390,WORREC,1,10.1039/C4CC09999K,10.1039/c4cc09999k,10.1039/c4cc09999k,normalized_source_doi,test,test,,0.46054456957669587,0.99550355053368367,1.5884328598638211,1.0589552399092141,0.52947761995460707,0.76747949047849384,train_fit_logistic_C_selected_by_train_internal_CV,normalized_binary_entropy_proxy_not_calibrated,1_plus_mean_absolute_train_standardized_descriptor_value,0.5*(1-predicted_success)+0.5*uncertainty; benchmark-defined uncalibrated proxy; descriptive in the primary cost-only comparison and constrained only in the legacy stress test
mofsimplify_solvent_test_00394_XADDUD,test,test,MOFSimplify-main/model/solvent/ANN/dropped_connectivity_dupes/test.csv,394,XADDUD,0,10.1002/ejic.201000146,10.1002/ejic.201000146,10.1002/ejic.201000146,normalized_source_doi,test,test,,0.55820418560574658,0.99020288843906057,1.5524468151702786,1.0349645434468524,0.5174822717234262,0.71599935141665694,train_fit_logistic_C_selected_by_train_internal_CV,normalized_binary_entropy_proxy_not_calibrated,1_plus_mean_absolute_train_standardized_descriptor_value,0.5*(1-predicted_success)+0.5*uncertainty; benchmark-defined uncalibrated proxy; descriptive in the primary cost-only comparison and constrained only in the legacy stress test
mofsimplify_solvent_test_00405_XICYAL,test,test,MOFSimplify-main/model/solvent/ANN/dropped_connectivity_dupes/test.csv,405,XICYAL,0,10.1021/cg3017358,10.1021/cg3017358,10.1021/cg3017358,normalized_source_doi,test,test,,0.48667017316808392,0.99948725078268541,1.3916652421802451,0.92777682812016338,0.46388841406008169,0.75640853880730075,train_fit_logistic_C_selected_by_train_internal_CV,normalized_binary_entropy_proxy_not_calibrated,1_plus_mean_absolute_train_standardized_descriptor_value,0.5*(1-predicted_success)+0.5*uncertainty; benchmark-defined uncalibrated proxy; descriptive in the primary cost-only comparison and constrained only in the legacy stress test
mofsimplify_solvent_test_00407_XOGXAU,test,test,MOFSimplify-main/model/solvent/ANN/dropped_connectivity_dupes/test.csv,407,XOGXAU,0,10.1021/cg500295r,10.1021/cg500295r,10.1021/cg500295r,normalized_source_doi,test,test,,0.56339971530913102,0.98837082531260179,1.4158767961177929,0.94391786407852862,0.47195893203926431,0.71248555500173538,train_fit_logistic_C_selected_by_train_internal_CV,normalized_binary_entropy_proxy_not_calibrated,1_plus_mean_absolute_train_standardized_descriptor_value,0.5*(1-predicted_success)+0.5*uncertainty; benchmark-defined uncalibrated proxy; descriptive in the primary cost-only comparison and constrained only in the legacy stress test
mofsimplify_solvent_test_00411_XUVQOW,test,test,MOFSimplify-main/model/solvent/ANN/dropped_connectivity_dupes/test.csv,411,XUVQOW,1,10.1039/C5DT03038B,10.1039/c5dt03038b,10.1039/c5dt03038b,normalized_source_doi,test,test,,0.52520749704690683,0.99816579401939387,1.4582735684995127,0.97218237899967519,0.48609118949983759,0.73647914848624352,train_fit_logistic_C_selected_by_train_internal_CV,normalized_binary_entropy_proxy_not_calibrated,1_plus_mean_absolute_train_standardized_descriptor_value,0.5*(1-predicted_success)+0.5*uncertainty; benchmark-defined uncalibrated proxy; descriptive in the primary cost-only comparison and constrained only in the legacy stress test
mofsimplify_solvent_test_00412_XUWKEH,test,test,MOFSimplify-main/model/solvent/ANN/dropped_connectivity_dupes/test.csv,412,XUWKEH,1,10.1021/ja9832717,10.1021/ja9832717,10.1021/ja9832717,normalized_source_doi,test,test,,0.28420949299567266,0.8611233285772385,1.9752465965224479,1.3168310643482986,0.65841553217414928,0.78845691779078297,train_fit_logistic_C_selected_by_train_internal_CV,normalized_binary_entropy_proxy_not_calibrated,1_plus_mean_absolute_train_standardized_descriptor_value,0.5*(1-predicted_success)+0.5*uncertainty; benchmark-defined uncalibrated proxy; descriptive in the primary cost-only comparison and constrained only in the legacy stress test
mofsimplify_solvent_test_00413_XUYXAR,test,test,MOFSimplify-main/model/solvent/ANN/dropped_connectivity_dupes/test.csv,413,XUYXAR,1,10.1039/b916984a,10.1039/b916984a,10.1039/b916984a,normalized_source_doi,test,test,,0.52442828983335044,0.99827748279719997,1.3313262164978568,0.88755081099857114,0.44377540549928557,0.73692459648192477,train_fit_logistic_C_selected_by_train_internal_CV,normalized_binary_entropy_proxy_not_calibrated,1_plus_mean_absolute_train_standardized_descriptor_value,0.5*(1-predicted_success)+0.5*uncertainty; benchmark-defined uncalibrated proxy; descriptive in the primary cost-only comparison and constrained only in the legacy stress test
mofsimplify_solvent_test_00414_YARBAW,test,test,MOFSimplify-main/model/solvent/ANN/dropped_connectivity_dupes/test.csv,414,YARBAW,0,10.1021/cg2008057,10.1021/cg2008057,10.1021/cg2008057,normalized_source_doi,test,test,,0.48751979199796813,0.99955053768268121,1.3750325405501069,0.91668836036673795,0.45834418018336898,0.75601537284235654,train_fit_logistic_C_selected_by_train_internal_CV,normalized_binary_entropy_proxy_not_calibrated,1_plus_mean_absolute_train_standardized_descriptor_value,0.5*(1-predicted_success)+0.5*uncertainty; benchmark-defined uncalibrated proxy; descriptive in the primary cost-only comparison and constrained only in the legacy stress test
mofsimplify_solvent_test_00415_YATDUV,test,test,MOFSimplify-main/model/solvent/ANN/dropped_connectivity_dupes/test.csv,415,YATDUV,1,10.1021/acs.cgd.7b00346,10.1021/acs.cgd.7b00346,10.1021/acs.cgd.7b00346,normalized_source_doi,test,test,,0.4895777802541883,0.99968655854119814,1.4808171627301911,0.98721144182012743,0.49360572091006372,0.75505438914350487,train_fit_logistic_C_selected_by_train_internal_CV,normalized_binary_entropy_proxy_not_calibrated,1_plus_mean_absolute_train_standardized_descriptor_value,0.5*(1-predicted_success)+0.5*uncertainty; benchmark-defined uncalibrated proxy; descriptive in the primary cost-only comparison and constrained only in the legacy stress test
mofsimplify_solvent_test_00431_ZASJAG,test,test,MOFSimplify-main/model/solvent/ANN/dropped_connectivity_dupes/test.csv,431,ZASJAG,1,10.1021/ic101412p,10.1021/ic101412p,10.1021/ic101412p,normalized_source_doi,test,test,,0.5627043760046474,0.98862518522553988,1.3667767557070327,0.91118450380468852,0.45559225190234426,0.7129604046104463,train_fit_logistic_C_selected_by_train_internal_CV,normalized_binary_entropy_proxy_not_calibrated,1_plus_mean_absolute_train_standardized_descriptor_value,0.5*(1-predicted_success)+0.5*uncertainty; benchmark-defined uncalibrated proxy; descriptive in the primary cost-only comparison and constrained only in the legacy stress test
mofsimplify_solvent_test_00433_ZIJVAR,test,test,MOFSimplify-main/model/solvent/ANN/dropped_connectivity_dupes/test.csv,433,ZIJVAR,1,10.1039/C3CE41056K,10.1039/c3ce41056k,10.1039/c3ce41056k,normalized_source_doi,test,test,,0.49200369425724838,0.99981549768005973,1.3868770230565004,0.92458468203766697,0.46229234101883349,0.7539059017114057,train_fit_logistic_C_selected_by_train_internal_CV,normalized_binary_entropy_proxy_not_calibrated,1_plus_mean_absolute_train_standardized_descriptor_value,0.5*(1-predicted_success)+0.5*uncertainty; benchmark-defined uncalibrated proxy; descriptive in the primary cost-only comparison and constrained only in the legacy stress test
mofsimplify_solvent_test_00435_ZISFEO,test,test,MOFSimplify-main/model/solvent/ANN/dropped_connectivity_dupes/test.csv,435,ZISFEO,0,10.1039/C3CC48325H,10.1039/c3cc48325h,10.1039/c3cc48325h,normalized_source_doi,test,test,,0.48459903935765697,0.99931550725290341,1.5432823641924132,1.0288549094616088,0.51442745473080442,0.75735823394762325,train_fit_logistic_C_selected_by_train_internal_CV,normalized_binary_entropy_proxy_not_calibrated,1_plus_mean_absolute_train_standardized_descriptor_value,0.5*(1-predicted_success)+0.5*uncertainty; benchmark-defined uncalibrated proxy; descriptive in the primary cost-only comparison and constrained only in the legacy stress test
