pool_seed,random_seed,pool_group_count,pool_size,policy_contract,risk_contract,method,batch_size,risk_budget_per_item,cost_budget_per_item,selected_candidate_ids,full_batch,full_batch_status,selection_event_count,stop_event_count,selected_count,hits,hit_fraction,total_proxy_cost,proxy_cost_normalized_yield,risk_used,mean_predicted_success,jaccard_to_full_test_selection
0,,86,95,cost_only,none,top_score,5,,2.3989165637663223,"[""mofsimplify_solvent_val_00290_VACLIX"",""mofsimplify_solvent_test_00021_BADYAJ"",""mofsimplify_solvent_test_00036_BUPVEP"",""mofsimplify_solvent_test_00161_JEJWOL"",""mofsimplify_solvent_test_00146_ICITEU""]",True,full_batch,5,0,5,4,0.80000000000000004,9.6110969999999991,0.416186,3.0877849999999998,0.67353399999999997,0.42857142857142855
0,,86,95,cost_only,none,uncertainty,5,,2.3989165637663223,"[""mofsimplify_solvent_val_00343_ZAHLEC"",""mofsimplify_solvent_test_00306_RAHMAP"",""mofsimplify_solvent_val_00072_EXAXAE"",""mofsimplify_solvent_test_00073_DUPVER"",""mofsimplify_solvent_test_00105_FUYCIN""]",True,full_batch,5,0,5,4,0.80000000000000004,7.6893580000000004,0.52019899999999997,3.744529,0.50216099999999997,0.42857142857142855
0,,86,95,cost_only,none,cost_aware,5,,2.3989165637663223,"[""mofsimplify_solvent_val_00348_ZUQMAB"",""mofsimplify_solvent_test_00075_EBIJAC"",""mofsimplify_solvent_test_00146_ICITEU"",""mofsimplify_solvent_test_00407_XOGXAU"",""mofsimplify_solvent_test_00413_XUYXAR""]",True,full_batch,5,0,5,3,0.59999999999999998,6.9929819999999996,0.42900199999999999,3.5540699999999998,0.56254899999999997,0.42857142857142855
0,,86,95,cost_only,none,portfolio_batch,5,,2.3989165637663223,"[""mofsimplify_solvent_test_00146_ICITEU"",""mofsimplify_solvent_test_00021_BADYAJ"",""mofsimplify_solvent_val_00290_VACLIX"",""mofsimplify_solvent_test_00036_BUPVEP"",""mofsimplify_solvent_test_00407_XOGXAU""]",True,full_batch,5,0,5,3,0.59999999999999998,8.9300040000000003,0.33594600000000002,3.1519620000000002,0.657555,0.66666666666666663
0,0,86,95,cost_only,none,random_baseline,5,,2.3989165637663223,"[""mofsimplify_solvent_test_00376_VUMCEM"",""mofsimplify_solvent_val_00260_SEVLEM"",""mofsimplify_solvent_val_00245_REWNEO01"",""mofsimplify_solvent_val_00333_YEGKOM"",""mofsimplify_solvent_test_00411_XUVQOW""]",True,full_batch,5,0,5,3,0.59999999999999998,10.151114,0.29553400000000002,3.6193,0.53929700000000003,0
0,1,86,95,cost_only,none,random_baseline,5,,2.3989165637663223,"[""mofsimplify_solvent_val_00100_GUPBEZ02"",""mofsimplify_solvent_test_00335_TACJIS"",""mofsimplify_solvent_test_00316_RIWMUH"",""mofsimplify_solvent_test_00356_ULASAD""]",False,stopped_before_requested_batch,4,1,4,4,1,10.861879999999999,0.36825999999999998,3.0318839999999998,0.44074200000000002,0
0,2,86,95,cost_only,none,random_baseline,5,,2.3989165637663223,"[""mofsimplify_solvent_test_00359_UMEKII"",""mofsimplify_solvent_val_00335_YEKXUJ"",""mofsimplify_solvent_test_00217_MIBMER"",""mofsimplify_solvent_test_00407_XOGXAU"",""mofsimplify_solvent_val_00203_ORANAY""]",True,full_batch,5,0,5,4,0.80000000000000004,7.869453,0.50829500000000005,3.6543730000000001,0.53278000000000003,0
0,3,86,95,cost_only,none,random_baseline,5,,2.3989165637663223,"[""mofsimplify_solvent_test_00073_DUPVER"",""mofsimplify_solvent_val_00076_FATQID"",""mofsimplify_solvent_test_00359_UMEKII"",""mofsimplify_solvent_val_00348_ZUQMAB"",""mofsimplify_solvent_test_00316_RIWMUH""]",True,full_batch,5,0,5,5,1,7.3863580000000004,0.67692399999999997,3.6755770000000001,0.52539199999999997,0
0,4,86,95,cost_only,none,random_baseline,5,,2.3989165637663223,"[""mofsimplify_solvent_val_00313_WOZGUP"",""mofsimplify_solvent_val_00323_XAPTEQ"",""mofsimplify_solvent_test_00394_XADDUD"",""mofsimplify_solvent_test_00021_BADYAJ"",""mofsimplify_solvent_test_00306_RAHMAP""]",True,full_batch,5,0,5,4,0.80000000000000004,8.1803349999999995,0.48897800000000002,3.5066000000000002,0.56962999999999997,0
0,5,86,95,cost_only,none,random_baseline,5,,2.3989165637663223,"[""mofsimplify_solvent_test_00288_QERWAL"",""mofsimplify_solvent_test_00407_XOGXAU"",""mofsimplify_solvent_test_00435_ZISFEO"",""mofsimplify_solvent_test_00244_NIRDAT"",""mofsimplify_solvent_val_00332_YARBUQ""]",True,full_batch,5,0,5,0,0,7.8973300000000002,0,3.7549760000000001,0.491309,0
0,6,86,95,cost_only,none,random_baseline,5,,2.3989165637663223,"[""mofsimplify_solvent_val_00100_GUPBEZ02"",""mofsimplify_solvent_test_00297_QOKCID"",""mofsimplify_solvent_test_00003_ACOLIP"",""mofsimplify_solvent_test_00413_XUYXAR"",""mofsimplify_solvent_val_00348_ZUQMAB""]",True,full_batch,5,0,5,5,1,11.191922,0.44675100000000001,3.7248429999999999,0.49960599999999999,0
0,7,86,95,cost_only,none,random_baseline,5,,2.3989165637663223,"[""mofsimplify_solvent_val_00013_AVIPAX"",""mofsimplify_solvent_test_00178_KIDXUR"",""mofsimplify_solvent_val_00348_ZUQMAB"",""mofsimplify_solvent_val_00076_FATQID"",""mofsimplify_solvent_val_00334_YEKXOD""]",True,full_batch,5,0,5,3,0.59999999999999998,7.2287569999999999,0.41500900000000002,3.6507079999999998,0.53583099999999995,0
0,8,86,95,cost_only,none,random_baseline,5,,2.3989165637663223,"[""mofsimplify_solvent_val_00323_XAPTEQ"",""mofsimplify_solvent_val_00316_WUSLED"",""mofsimplify_solvent_test_00104_FUYCEJ"",""mofsimplify_solvent_val_00343_ZAHLEC"",""mofsimplify_solvent_test_00176_KEWBUL""]",True,full_batch,5,0,5,4,0.80000000000000004,8.2949000000000002,0.48222399999999999,3.7551549999999998,0.49587500000000001,0
0,9,86,95,cost_only,none,random_baseline,5,,2.3989165637663223,"[""mofsimplify_solvent_test_00041_CANYIB"",""mofsimplify_solvent_val_00334_YEKXOD"",""mofsimplify_solvent_test_00016_AVIPOL"",""mofsimplify_solvent_val_00295_VAYWID"",""mofsimplify_solvent_test_00363_UTOTUT""]",True,full_batch,5,0,5,3,0.59999999999999998,8.0483510000000003,0.372747,3.7156169999999999,0.509127,0
1,,86,94,cost_only,none,top_score,5,,2.3989165637663223,"[""mofsimplify_solvent_val_00290_VACLIX"",""mofsimplify_solvent_test_00021_BADYAJ"",""mofsimplify_solvent_test_00036_BUPVEP"",""mofsimplify_solvent_test_00327_SERWAP"",""mofsimplify_solvent_test_00004_ACOLOV""]",True,full_batch,5,0,5,4,0.80000000000000004,9.6286319999999996,0.41542800000000002,3.1163859999999999,0.66676400000000002,0.42857142857142855
1,,86,94,cost_only,none,uncertainty,5,,2.3989165637663223,"[""mofsimplify_solvent_test_00206_LUYSEF"",""mofsimplify_solvent_val_00343_ZAHLEC"",""mofsimplify_solvent_test_00306_RAHMAP"",""mofsimplify_solvent_val_00072_EXAXAE"",""mofsimplify_solvent_test_00073_DUPVER""]",True,full_batch,5,0,5,4,0.80000000000000004,7.5555560000000002,0.52941199999999999,3.7470210000000002,0.50117900000000004,0.66666666666666663
1,,86,94,cost_only,none,cost_aware,5,,2.3989165637663223,"[""mofsimplify_solvent_test_00431_ZASJAG"",""mofsimplify_solvent_test_00075_EBIJAC"",""mofsimplify_solvent_val_00219_PAMHIW"",""mofsimplify_solvent_test_00093_EWESAC"",""mofsimplify_solvent_val_00162_LUJBAV""]",True,full_batch,5,0,5,3,0.59999999999999998,6.8883539999999996,0.43551800000000002,3.6092970000000002,0.54827499999999996,0.25
1,,86,94,cost_only,none,portfolio_batch,5,,2.3989165637663223,"[""mofsimplify_solvent_test_00021_BADYAJ"",""mofsimplify_solvent_val_00290_VACLIX"",""mofsimplify_solvent_test_00327_SERWAP"",""mofsimplify_solvent_test_00036_BUPVEP"",""mofsimplify_solvent_val_00219_PAMHIW""]",True,full_batch,5,0,5,3,0.59999999999999998,9.1313870000000001,0.32853700000000002,3.1358480000000002,0.66161499999999995,0.66666666666666663
1,0,86,94,cost_only,none,random_baseline,5,,2.3989165637663223,"[""mofsimplify_solvent_val_00033_COJHIT"",""mofsimplify_solvent_test_00283_QAKFIU"",""mofsimplify_solvent_test_00289_QEYWUN"",""mofsimplify_solvent_val_00099_GUKFEY"",""mofsimplify_solvent_test_00178_KIDXUR""]",True,full_batch,5,0,5,1,0.20000000000000001,8.0536320000000003,0.124168,3.757441,0.495253,0
1,1,86,94,cost_only,none,random_baseline,5,,2.3989165637663223,"[""mofsimplify_solvent_val_00334_YEKXOD"",""mofsimplify_solvent_test_00029_BIDPOV"",""mofsimplify_solvent_val_00258_SENVIR"",""mofsimplify_solvent_val_00332_YARBUQ"",""mofsimplify_solvent_test_00197_LEDWUN""]",True,full_batch,5,0,5,3,0.59999999999999998,8.1106269999999991,0.36988500000000002,3.73325,0.49254700000000001,0
1,2,86,94,cost_only,none,random_baseline,5,,2.3989165637663223,"[""mofsimplify_solvent_test_00371_VEHPUU"",""mofsimplify_solvent_test_00394_XADDUD"",""mofsimplify_solvent_test_00176_KEWBUL"",""mofsimplify_solvent_val_00081_FIFNUE"",""mofsimplify_solvent_val_00318_XADDAJ""]",True,full_batch,5,0,5,2,0.40000000000000002,7.3972189999999998,0.270372,3.7713100000000002,0.48257699999999998,0
1,3,86,94,cost_only,none,random_baseline,5,,2.3989165637663223,"[""mofsimplify_solvent_test_00371_VEHPUU"",""mofsimplify_solvent_test_00394_XADDUD"",""mofsimplify_solvent_val_00261_SIYXIH10"",""mofsimplify_solvent_val_00313_WOZGUP"",""mofsimplify_solvent_val_00343_ZAHLEC""]",True,full_batch,5,0,5,1,0.20000000000000001,7.900506,0.12657399999999999,3.6591610000000001,0.52873099999999995,0
1,4,86,94,cost_only,none,random_baseline,5,,2.3989165637663223,"[""mofsimplify_solvent_test_00297_QOKCID"",""mofsimplify_solvent_test_00197_LEDWUN"",""mofsimplify_solvent_val_00319_XADDOX"",""mofsimplify_solvent_val_00260_SEVLEM"",""mofsimplify_solvent_val_00239_QOXFIU""]",True,full_batch,5,0,5,3,0.59999999999999998,10.566915,0.28390500000000002,3.7027969999999999,0.50179700000000005,0
1,5,86,94,cost_only,none,random_baseline,5,,2.3989165637663223,"[""mofsimplify_solvent_val_00175_MONWET"",""mofsimplify_solvent_test_00289_QEYWUN"",""mofsimplify_solvent_val_00294_VAYWEZ"",""mofsimplify_solvent_test_00352_UBOGAV"",""mofsimplify_solvent_val_00239_QOXFIU""]",True,full_batch,5,0,5,2,0.40000000000000002,9.0120339999999999,0.22192500000000001,3.8168920000000002,0.46687600000000001,0.1111111111111111
1,6,86,94,cost_only,none,random_baseline,5,,2.3989165637663223,"[""mofsimplify_solvent_val_00175_MONWET"",""mofsimplify_solvent_test_00206_LUYSEF"",""mofsimplify_solvent_test_00058_CUYHIO"",""mofsimplify_solvent_test_00433_ZIJVAR"",""mofsimplify_solvent_test_00414_YARBAW""]",True,full_batch,5,0,5,3,0.59999999999999998,7.5183840000000002,0.39902199999999999,3.8115600000000001,0.47023999999999999,0.1111111111111111
1,7,86,94,cost_only,none,random_baseline,5,,2.3989165637663223,"[""mofsimplify_solvent_val_00162_LUJBAV"",""mofsimplify_solvent_val_00152_KUKPOX"",""mofsimplify_solvent_test_00298_QUBWIU"",""mofsimplify_solvent_test_00283_QAKFIU"",""mofsimplify_solvent_val_00323_XAPTEQ""]",True,full_batch,5,0,5,1,0.20000000000000001,7.9873919999999998,0.125197,3.6612049999999998,0.53019300000000003,0
1,8,86,94,cost_only,none,random_baseline,5,,2.3989165637663223,"[""mofsimplify_solvent_val_00313_WOZGUP"",""mofsimplify_solvent_val_00175_MONWET"",""mofsimplify_solvent_val_00258_SENVIR"",""mofsimplify_solvent_test_00094_EXEWIO"",""mofsimplify_solvent_val_00152_KUKPOX""]",True,full_batch,5,0,5,2,0.40000000000000002,7.9706950000000001,0.250919,3.6875270000000002,0.51332699999999998,0.1111111111111111
1,9,86,94,cost_only,none,random_baseline,5,,2.3989165637663223,"[""mofsimplify_solvent_test_00176_KEWBUL"",""mofsimplify_solvent_test_00306_RAHMAP"",""mofsimplify_solvent_test_00073_DUPVER"",""mofsimplify_solvent_val_00295_VAYWID"",""mofsimplify_solvent_test_00058_CUYHIO""]",True,full_batch,5,0,5,4,0.80000000000000004,7.5466179999999996,0.53003900000000004,3.7821829999999999,0.48438799999999999,0
2,,86,97,cost_only,none,top_score,5,,2.3989165637663223,"[""mofsimplify_solvent_test_00015_AVILEY"",""mofsimplify_solvent_test_00257_OKUSUK"",""mofsimplify_solvent_test_00259_OKUTEV"",""mofsimplify_solvent_test_00161_JEJWOL"",""mofsimplify_solvent_test_00004_ACOLOV""]",True,full_batch,5,0,5,3,0.59999999999999998,10.527206,0.28497600000000001,3.2273559999999999,0.645343,0.25
2,,86,97,cost_only,none,uncertainty,5,,2.3989165637663223,"[""mofsimplify_solvent_test_00186_KIYMIP"",""mofsimplify_solvent_val_00343_ZAHLEC"",""mofsimplify_solvent_test_00138_HOVGIK"",""mofsimplify_solvent_val_00177_MOYYEF"",""mofsimplify_solvent_val_00149_KIYJAF""]",True,full_batch,5,0,5,3,0.59999999999999998,7.1685749999999997,0.418493,3.7558389999999999,0.49763600000000002,0.25
2,,86,97,cost_only,none,cost_aware,5,,2.3989165637663223,"[""mofsimplify_solvent_test_00431_ZASJAG"",""mofsimplify_solvent_val_00348_ZUQMAB"",""mofsimplify_solvent_test_00075_EBIJAC"",""mofsimplify_solvent_test_00139_YUBQET"",""mofsimplify_solvent_test_00413_XUYXAR""]",True,full_batch,5,0,5,5,1,6.6641009999999996,0.75028899999999998,3.6425100000000001,0.53788499999999995,0.42857142857142855
2,,86,97,cost_only,none,portfolio_batch,5,,2.3989165637663223,"[""mofsimplify_solvent_test_00015_AVILEY"",""mofsimplify_solvent_test_00431_ZASJAG"",""mofsimplify_solvent_test_00075_EBIJAC"",""mofsimplify_solvent_val_00152_KUKPOX"",""mofsimplify_solvent_val_00348_ZUQMAB""]",True,full_batch,5,0,5,4,0.80000000000000004,7.57728,0.52789399999999997,3.4948320000000002,0.57749200000000001,0
2,0,86,97,cost_only,none,random_baseline,5,,2.3989165637663223,"[""mofsimplify_solvent_test_00221_MOYYIJ"",""mofsimplify_solvent_val_00152_KUKPOX"",""mofsimplify_solvent_test_00297_QOKCID"",""mofsimplify_solvent_test_00006_AGUWUV"",""mofsimplify_solvent_test_00244_NIRDAT""]",True,full_batch,5,0,5,1,0.20000000000000001,8.1822739999999996,0.122215,3.7029700000000001,0.51157799999999998,0
2,1,86,97,cost_only,none,random_baseline,5,,2.3989165637663223,"[""mofsimplify_solvent_val_00342_ZAGHAT"",""mofsimplify_solvent_val_00177_MOYYEF"",""mofsimplify_solvent_test_00289_QEYWUN"",""mofsimplify_solvent_test_00257_OKUSUK"",""mofsimplify_solvent_test_00390_WORREC""]",True,full_batch,5,0,5,3,0.59999999999999998,8.6179550000000003,0.34810999999999998,3.6664020000000002,0.51481200000000005,0
2,2,86,97,cost_only,none,random_baseline,5,,2.3989165637663223,"[""mofsimplify_solvent_test_00244_NIRDAT"",""mofsimplify_solvent_val_00152_KUKPOX"",""mofsimplify_solvent_val_00180_NATHUO"",""mofsimplify_solvent_val_00059_EDIKIL"",""mofsimplify_solvent_test_00331_XIMPOA01""]",True,full_batch,5,0,5,2,0.40000000000000002,8.2186950000000003,0.24334800000000001,3.7554609999999999,0.490097,0
2,3,86,97,cost_only,none,random_baseline,5,,2.3989165637663223,"[""mofsimplify_solvent_test_00139_YUBQET"",""mofsimplify_solvent_val_00210_OVIWIA"",""mofsimplify_solvent_test_00232_NALYEG"",""mofsimplify_solvent_test_00002_ACOLEL"",""mofsimplify_solvent_val_00262_SOCNAB""]",True,full_batch,5,0,5,4,0.80000000000000004,8.6347310000000004,0.46324500000000002,3.8279649999999998,0.45874900000000002,0
2,4,86,97,cost_only,none,random_baseline,5,,2.3989165637663223,"[""mofsimplify_solvent_test_00258_OKUTAR"",""mofsimplify_solvent_test_00006_AGUWUV"",""mofsimplify_solvent_val_00348_ZUQMAB"",""mofsimplify_solvent_test_00053_COTVOY"",""mofsimplify_solvent_test_00186_KIYMIP""]",True,full_batch,5,0,5,3,0.59999999999999998,7.6573289999999998,0.39178200000000002,3.6878129999999998,0.51798999999999995,0
2,5,86,97,cost_only,none,random_baseline,5,,2.3989165637663223,"[""mofsimplify_solvent_test_00004_ACOLOV"",""mofsimplify_solvent_test_00138_HOVGIK"",""mofsimplify_solvent_test_00258_OKUTAR"",""mofsimplify_solvent_val_00344_ZALMIL"",""mofsimplify_solvent_val_00261_SIYXIH10""]",True,full_batch,5,0,5,3,0.59999999999999998,8.2400179999999992,0.36407699999999998,3.5878709999999998,0.55110499999999996,0
2,6,86,97,cost_only,none,random_baseline,5,,2.3989165637663223,"[""mofsimplify_solvent_val_00107_HIMSAY"",""mofsimplify_solvent_test_00221_MOYYIJ"",""mofsimplify_solvent_test_00003_ACOLIP"",""mofsimplify_solvent_val_00152_KUKPOX"",""mofsimplify_solvent_test_00103_FUXXIH""]",True,full_batch,5,0,5,1,0.20000000000000001,7.3195990000000002,0.13661999999999999,3.7068759999999998,0.51379399999999997,0
2,7,86,97,cost_only,none,random_baseline,5,,2.3989165637663223,"[""mofsimplify_solvent_test_00075_EBIJAC"",""mofsimplify_solvent_val_00149_KIYJAF"",""mofsimplify_solvent_test_00338_TEBSAW"",""mofsimplify_solvent_val_00311_WEFCAN"",""mofsimplify_solvent_test_00186_KIYMIP""]",True,full_batch,5,0,5,3,0.59999999999999998,7.3905060000000002,0.40592600000000001,3.7176429999999998,0.50740499999999999,0.1111111111111111
2,8,86,97,cost_only,none,random_baseline,5,,2.3989165637663223,"[""mofsimplify_solvent_test_00237_NAWWUG"",""mofsimplify_solvent_test_00259_OKUTEV"",""mofsimplify_solvent_test_00105_FUYCIN"",""mofsimplify_solvent_test_00226_MUTNAQ"",""mofsimplify_solvent_val_00311_WEFCAN""]",True,full_batch,5,0,5,2,0.40000000000000002,8.5885510000000007,0.23286799999999999,3.6332339999999999,0.53073700000000001,0
2,9,86,97,cost_only,none,random_baseline,5,,2.3989165637663223,"[""mofsimplify_solvent_test_00325_SARNOQ"",""mofsimplify_solvent_val_00171_MAPHAP"",""mofsimplify_solvent_test_00008_AMOYOR"",""mofsimplify_solvent_val_00059_EDIKIL"",""mofsimplify_solvent_test_00041_CANYIB""]",True,full_batch,5,0,5,4,0.80000000000000004,8.1963410000000003,0.48802299999999998,3.754318,0.49336400000000002,0
3,,86,99,cost_only,none,top_score,5,,2.3989165637663223,"[""mofsimplify_solvent_test_00015_AVILEY"",""mofsimplify_solvent_test_00327_SERWAP"",""mofsimplify_solvent_test_00153_INIXOT"",""mofsimplify_solvent_test_00004_ACOLOV"",""mofsimplify_solvent_test_00123_GUKYUI""]",True,full_batch,5,0,5,4,0.80000000000000004,10.072348,0.39712700000000001,3.3291140000000001,0.62175400000000003,0.1111111111111111
3,,86,99,cost_only,none,uncertainty,5,,2.3989165637663223,"[""mofsimplify_solvent_test_00206_LUYSEF"",""mofsimplify_solvent_test_00186_KIYMIP"",""mofsimplify_solvent_test_00306_RAHMAP"",""mofsimplify_solvent_test_00138_HOVGIK"",""mofsimplify_solvent_val_00034_COPXOV""]",True,full_batch,5,0,5,5,1,7.0092850000000002,0.71333999999999997,3.7472530000000002,0.50107999999999997,0.42857142857142855
3,,86,99,cost_only,none,cost_aware,5,,2.3989165637663223,"[""mofsimplify_solvent_test_00431_ZASJAG"",""mofsimplify_solvent_test_00075_EBIJAC"",""mofsimplify_solvent_test_00384_WILHIK"",""mofsimplify_solvent_val_00219_PAMHIW"",""mofsimplify_solvent_test_00407_XOGXAU""]",True,full_batch,5,0,5,3,0.59999999999999998,6.9656000000000002,0.43068800000000002,3.5602230000000001,0.563944,0.42857142857142855
3,,86,99,cost_only,none,portfolio_batch,5,,2.3989165637663223,"[""mofsimplify_solvent_test_00327_SERWAP"",""mofsimplify_solvent_test_00015_AVILEY"",""mofsimplify_solvent_val_00219_PAMHIW"",""mofsimplify_solvent_test_00431_ZASJAG"",""mofsimplify_solvent_test_00384_WILHIK""]",True,full_batch,5,0,5,3,0.59999999999999998,7.9909759999999999,0.37542300000000001,3.395181,0.60407200000000005,0.1111111111111111
3,0,86,99,cost_only,none,random_baseline,5,,2.3989165637663223,"[""mofsimplify_solvent_test_00037_BUSQEM"",""mofsimplify_solvent_test_00384_WILHIK"",""mofsimplify_solvent_test_00061_DAMYUO"",""mofsimplify_solvent_test_00431_ZASJAG"",""mofsimplify_solvent_val_00333_YEGKOM""]",True,full_batch,5,0,5,2,0.40000000000000002,7.3716999999999997,0.27130799999999999,3.700685,0.512131,0.1111111111111111
3,1,86,99,cost_only,none,random_baseline,5,,2.3989165637663223,"[""mofsimplify_solvent_test_00061_DAMYUO"",""mofsimplify_solvent_test_00331_XIMPOA01"",""mofsimplify_solvent_test_00015_AVILEY"",""mofsimplify_solvent_val_00034_COPXOV"",""mofsimplify_solvent_val_00013_AVIPAX""]",True,full_batch,5,0,5,2,0.40000000000000002,7.8259999999999996,0.25555800000000001,3.599043,0.54100599999999999,0
3,2,86,99,cost_only,none,random_baseline,5,,2.3989165637663223,"[""mofsimplify_solvent_test_00414_YARBAW"",""mofsimplify_solvent_test_00054_COTVUE"",""mofsimplify_solvent_test_00152_IMEDOV"",""mofsimplify_solvent_val_00139_KAVTUY"",""mofsimplify_solvent_test_00196_LEDPIU""]",True,full_batch,5,0,5,4,0.80000000000000004,8.2414629999999995,0.48535099999999998,3.8054939999999999,0.46455400000000002,0
3,3,86,99,cost_only,none,random_baseline,5,,2.3989165637663223,"[""mofsimplify_solvent_val_00334_YEKXOD"",""mofsimplify_solvent_test_00061_DAMYUO"",""mofsimplify_solvent_test_00006_AGUWUV"",""mofsimplify_solvent_test_00237_NAWWUG"",""mofsimplify_solvent_test_00041_CANYIB""]",True,full_batch,5,0,5,2,0.40000000000000002,7.8431509999999998,0.255,3.6998160000000002,0.51576999999999995,0
3,4,86,99,cost_only,none,random_baseline,5,,2.3989165637663223,"[""mofsimplify_solvent_val_00238_QOPPOC"",""mofsimplify_solvent_test_00002_ACOLEL"",""mofsimplify_solvent_val_00285_UNABIV"",""mofsimplify_solvent_test_00013_ASUBIB"",""mofsimplify_solvent_test_00390_WORREC""]",True,full_batch,5,0,5,4,0.80000000000000004,7.7039099999999996,0.51921700000000004,3.8367070000000001,0.44842300000000002,0
3,5,86,99,cost_only,none,random_baseline,5,,2.3989165637663223,"[""mofsimplify_solvent_test_00075_EBIJAC"",""mofsimplify_solvent_val_00341_YUBFOR"",""mofsimplify_solvent_test_00283_QAKFIU"",""mofsimplify_solvent_test_00136_HELDOT"",""mofsimplify_solvent_test_00363_UTOTUT""]",True,full_batch,5,0,5,3,0.59999999999999998,7.6390120000000001,0.39272099999999999,3.742442,0.49880200000000002,0
3,6,86,99,cost_only,none,random_baseline,5,,2.3989165637663223,"[""mofsimplify_solvent_val_00191_NUNCEG"",""mofsimplify_solvent_val_00038_DAMYOI"",""mofsimplify_solvent_val_00335_YEKXUJ"",""mofsimplify_solvent_val_00318_XADDAJ"",""mofsimplify_solvent_test_00358_UMEKEE""]",True,full_batch,5,0,5,2,0.40000000000000002,8.9694179999999992,0.22298000000000001,3.7287319999999999,0.50530699999999995,0
3,7,86,99,cost_only,none,random_baseline,5,,2.3989165637663223,"[""mofsimplify_solvent_test_00138_HOVGIK"",""mofsimplify_solvent_val_00318_XADDAJ"",""mofsimplify_solvent_test_00016_AVIPOL"",""mofsimplify_solvent_val_00295_VAYWID"",""mofsimplify_solvent_test_00136_HELDOT""]",True,full_batch,5,0,5,1,0.20000000000000001,7.4189569999999998,0.13478999999999999,3.749387,0.49793199999999999,0
3,8,86,99,cost_only,none,random_baseline,5,,2.3989165637663223,"[""mofsimplify_solvent_test_00407_XOGXAU"",""mofsimplify_solvent_test_00288_QERWAL"",""mofsimplify_solvent_test_00226_MUTNAQ"",""mofsimplify_solvent_val_00139_KAVTUY"",""mofsimplify_solvent_test_00013_ASUBIB""]",True,full_batch,5,0,5,2,0.40000000000000002,7.8268940000000002,0.25552900000000001,3.734219,0.49190099999999998,0
3,9,86,99,cost_only,none,random_baseline,5,,2.3989165637663223,"[""mofsimplify_solvent_test_00316_RIWMUH"",""mofsimplify_solvent_test_00015_AVILEY"",""mofsimplify_solvent_test_00186_KIYMIP"",""mofsimplify_solvent_test_00388_WOJJOV"",""mofsimplify_solvent_test_00152_IMEDOV""]",True,full_batch,5,0,5,5,1,8.2977799999999995,0.60257099999999997,3.5562070000000001,0.55696100000000004,0
4,,86,97,cost_only,none,top_score,5,,2.3989165637663223,"[""mofsimplify_solvent_test_00021_BADYAJ"",""mofsimplify_solvent_test_00015_AVILEY"",""mofsimplify_solvent_test_00257_OKUSUK"",""mofsimplify_solvent_test_00259_OKUTEV"",""mofsimplify_solvent_test_00327_SERWAP""]",True,full_batch,5,0,5,2,0.40000000000000002,10.216851,0.19575500000000001,3.1341649999999999,0.665049,0.42857142857142855
4,,86,97,cost_only,none,uncertainty,5,,2.3989165637663223,"[""mofsimplify_solvent_test_00206_LUYSEF"",""mofsimplify_solvent_test_00186_KIYMIP"",""mofsimplify_solvent_val_00343_ZAHLEC"",""mofsimplify_solvent_test_00138_HOVGIK"",""mofsimplify_solvent_val_00149_KIYJAF""]",True,full_batch,5,0,5,4,0.80000000000000004,7.2404859999999998,0.55244899999999997,3.7535500000000002,0.49856299999999998,0.42857142857142855
4,,86,97,cost_only,none,cost_aware,5,,2.3989165637663223,"[""mofsimplify_solvent_test_00431_ZASJAG"",""mofsimplify_solvent_val_00348_ZUQMAB"",""mofsimplify_solvent_test_00075_EBIJAC"",""mofsimplify_solvent_test_00146_ICITEU"",""mofsimplify_solvent_test_00139_YUBQET""]",True,full_batch,5,0,5,4,0.80000000000000004,6.905716,0.57923000000000002,3.5608420000000001,0.560137,0.66666666666666663
4,,86,97,cost_only,none,portfolio_batch,5,,2.3989165637663223,"[""mofsimplify_solvent_test_00146_ICITEU"",""mofsimplify_solvent_test_00021_BADYAJ"",""mofsimplify_solvent_test_00327_SERWAP"",""mofsimplify_solvent_test_00015_AVILEY"",""mofsimplify_solvent_test_00431_ZASJAG""]",True,full_batch,5,0,5,3,0.59999999999999998,8.6983219999999992,0.34489399999999998,3.2276229999999999,0.642791,0.42857142857142855
4,0,86,97,cost_only,none,random_baseline,5,,2.3989165637663223,"[""mofsimplify_solvent_test_00232_NALYEG"",""mofsimplify_solvent_test_00244_NIRDAT"",""mofsimplify_solvent_test_00083_ENOSAD"",""mofsimplify_solvent_test_00226_MUTNAQ"",""mofsimplify_solvent_test_00280_POMMAH""]",True,full_batch,5,0,5,3,0.59999999999999998,8.8676309999999994,0.33830900000000003,3.810581,0.466082,0
4,1,86,97,cost_only,none,random_baseline,5,,2.3989165637663223,"[""mofsimplify_solvent_test_00387_WOHZAU"",""mofsimplify_solvent_test_00146_ICITEU"",""mofsimplify_solvent_test_00413_XUYXAR"",""mofsimplify_solvent_test_00105_FUYCIN"",""mofsimplify_solvent_val_00082_FIFPAM""]",True,full_batch,5,0,5,4,0.80000000000000004,7.8220619999999998,0.511374,3.6645569999999998,0.51697199999999999,0
4,2,86,97,cost_only,none,random_baseline,5,,2.3989165637663223,"[""mofsimplify_solvent_val_00262_SOCNAB"",""mofsimplify_solvent_test_00105_FUYCIN"",""mofsimplify_solvent_test_00013_ASUBIB"",""mofsimplify_solvent_test_00139_YUBQET"",""mofsimplify_solvent_val_00281_UJEFOE01""]",True,full_batch,5,0,5,3,0.59999999999999998,7.6216299999999997,0.39361699999999999,3.7330320000000001,0.50592300000000001,0
4,3,86,97,cost_only,none,random_baseline,5,,2.3989165637663223,"[""mofsimplify_solvent_val_00099_GUKFEY"",""mofsimplify_solvent_val_00081_FIFNUE"",""mofsimplify_solvent_test_00038_BUSQIQ"",""mofsimplify_solvent_test_00037_BUSQEM"",""mofsimplify_solvent_val_00277_UDEGIW""]",True,full_batch,5,0,5,3,0.59999999999999998,7.8618030000000001,0.38159199999999999,3.7571140000000001,0.48751499999999998,0.1111111111111111
4,4,86,97,cost_only,none,random_baseline,5,,2.3989165637663223,"[""mofsimplify_solvent_test_00218_MITGUR01"",""mofsimplify_solvent_test_00411_XUVQOW"",""mofsimplify_solvent_val_00038_DAMYOI"",""mofsimplify_solvent_test_00013_ASUBIB"",""mofsimplify_solvent_test_00188_KOMGUP""]",True,full_batch,5,0,5,2,0.40000000000000002,7.5602840000000002,0.26454,3.7176469999999999,0.51148000000000005,0
4,5,86,97,cost_only,none,random_baseline,5,,2.3989165637663223,"[""mofsimplify_solvent_test_00061_DAMYUO"",""mofsimplify_solvent_test_00297_QOKCID"",""mofsimplify_solvent_val_00278_UDEPIE"",""mofsimplify_solvent_test_00015_AVILEY"",""mofsimplify_solvent_val_00203_ORANAY""]",True,full_batch,5,0,5,4,0.80000000000000004,8.8605049999999999,0.45144200000000001,3.5795490000000001,0.54618999999999995,0
4,6,86,97,cost_only,none,random_baseline,5,,2.3989165637663223,"[""mofsimplify_solvent_test_00155_IYUROK"",""mofsimplify_solvent_val_00162_LUJBAV"",""mofsimplify_solvent_val_00319_XADDOX"",""mofsimplify_solvent_test_00013_ASUBIB"",""mofsimplify_solvent_test_00298_QUBWIU""]",True,full_batch,5,0,5,1,0.20000000000000001,7.9511940000000001,0.12576699999999999,3.6757770000000001,0.52577300000000005,0
4,7,86,97,cost_only,none,random_baseline,5,,2.3989165637663223,"[""mofsimplify_solvent_test_00412_XUWKEH"",""mofsimplify_solvent_test_00044_CAYKEU"",""mofsimplify_solvent_test_00013_ASUBIB"",""mofsimplify_solvent_test_00232_NALYEG"",""mofsimplify_solvent_val_00262_SOCNAB""]",True,full_batch,5,0,5,3,0.59999999999999998,8.8017369999999993,0.34084199999999998,3.7687810000000002,0.45630199999999999,0
4,8,86,97,cost_only,none,random_baseline,5,,2.3989165637663223,"[""mofsimplify_solvent_val_00082_FIFPAM"",""mofsimplify_solvent_test_00413_XUYXAR"",""mofsimplify_solvent_test_00040_CAHQOS"",""mofsimplify_solvent_test_00104_FUYCEJ"",""mofsimplify_solvent_val_00174_MONQIR""]",True,full_batch,5,0,5,5,1,8.26464,0.60498700000000005,3.8082419999999999,0.46724100000000002,0
4,9,86,97,cost_only,none,random_baseline,5,,2.3989165637663223,"[""mofsimplify_solvent_val_00342_ZAGHAT"",""mofsimplify_solvent_test_00331_XIMPOA01"",""mofsimplify_solvent_test_00206_LUYSEF"",""mofsimplify_solvent_val_00174_MONQIR"",""mofsimplify_solvent_test_00052_COTVIS""]",True,full_batch,5,0,5,4,0.80000000000000004,8.1106309999999997,0.49318000000000001,3.793164,0.47952600000000001,0
5,,86,93,cost_only,none,top_score,5,,2.3989165637663223,"[""mofsimplify_solvent_test_00021_BADYAJ"",""mofsimplify_solvent_test_00327_SERWAP"",""mofsimplify_solvent_test_00161_JEJWOL"",""mofsimplify_solvent_test_00004_ACOLOV"",""mofsimplify_solvent_val_00260_SEVLEM""]",True,full_batch,5,0,5,4,0.80000000000000004,11.098725999999999,0.360402,3.2723119999999999,0.63376299999999997,0.1111111111111111
5,,86,93,cost_only,none,uncertainty,5,,2.3989165637663223,"[""mofsimplify_solvent_test_00206_LUYSEF"",""mofsimplify_solvent_val_00177_MOYYEF"",""mofsimplify_solvent_test_00105_FUYCIN"",""mofsimplify_solvent_test_00264_OQETEK"",""mofsimplify_solvent_test_00006_AGUWUV""]",True,full_batch,5,0,5,3,0.59999999999999998,7.7943199999999999,0.38489600000000002,3.7438289999999999,0.50240499999999999,0.1111111111111111
5,,86,93,cost_only,none,cost_aware,5,,2.3989165637663223,"[""mofsimplify_solvent_test_00431_ZASJAG"",""mofsimplify_solvent_val_00348_ZUQMAB"",""mofsimplify_solvent_test_00384_WILHIK"",""mofsimplify_solvent_val_00315_WURNOO"",""mofsimplify_solvent_val_00013_AVIPAX""]",True,full_batch,5,0,5,4,0.80000000000000004,6.8301290000000003,0.58564000000000005,3.6118920000000001,0.54807099999999997,0.42857142857142855
5,,86,93,cost_only,none,portfolio_batch,5,,2.3989165637663223,"[""mofsimplify_solvent_test_00021_BADYAJ"",""mofsimplify_solvent_test_00327_SERWAP"",""mofsimplify_solvent_test_00431_ZASJAG"",""mofsimplify_solvent_test_00384_WILHIK"",""mofsimplify_solvent_val_00152_KUKPOX""]",True,full_batch,5,0,5,3,0.59999999999999998,7.9684990000000004,0.37648199999999998,3.3774449999999998,0.60655899999999996,0.25
5,0,86,93,cost_only,none,random_baseline,5,,2.3989165637663223,"[""mofsimplify_solvent_test_00226_MUTNAQ"",""mofsimplify_solvent_test_00335_TACJIS"",""mofsimplify_solvent_test_00384_WILHIK"",""mofsimplify_solvent_test_00197_LEDWUN"",""mofsimplify_solvent_test_00268_PACGIM""]",True,full_batch,5,0,5,4,0.80000000000000004,8.6676629999999992,0.46148499999999998,3.7027990000000002,0.50365899999999997,0
5,1,86,93,cost_only,none,random_baseline,5,,2.3989165637663223,"[""mofsimplify_solvent_test_00297_QOKCID"",""mofsimplify_solvent_test_00006_AGUWUV"",""mofsimplify_solvent_test_00152_IMEDOV"",""mofsimplify_solvent_val_00344_ZALMIL"",""mofsimplify_solvent_test_00008_AMOYOR""]",True,full_batch,5,0,5,4,0.80000000000000004,7.7501899999999999,0.51611600000000002,3.7310629999999998,0.50496700000000005,0
5,2,86,93,cost_only,none,random_baseline,5,,2.3989165637663223,"[""mofsimplify_solvent_test_00197_LEDWUN"",""mofsimplify_solvent_val_00245_REWNEO01"",""mofsimplify_solvent_test_00178_KIDXUR"",""mofsimplify_solvent_val_00058_ECEZAO01"",""mofsimplify_solvent_test_00061_DAMYUO""]",True,full_batch,5,0,5,3,0.59999999999999998,8.0386009999999999,0.373199,3.725679,0.49635099999999999,0
5,3,86,93,cost_only,none,random_baseline,5,,2.3989165637663223,"[""mofsimplify_solvent_val_00161_LIXWEV"",""mofsimplify_solvent_test_00058_CUYHIO"",""mofsimplify_solvent_val_00225_POZHUI"",""mofsimplify_solvent_test_00008_AMOYOR"",""mofsimplify_solvent_test_00016_AVIPOL""]",True,full_batch,5,0,5,2,0.40000000000000002,7.9127890000000001,0.25275500000000001,3.8282080000000001,0.459957,0
5,4,86,93,cost_only,none,random_baseline,5,,2.3989165637663223,"[""mofsimplify_solvent_val_00260_SEVLEM"",""mofsimplify_solvent_test_00161_JEJWOL"",""mofsimplify_solvent_test_00021_BADYAJ"",""mofsimplify_solvent_test_00388_WOJJOV"",""mofsimplify_solvent_test_00338_TEBSAW""]",True,full_batch,5,0,5,4,0.80000000000000004,10.513776,0.38045299999999999,3.4481039999999998,0.57859499999999997,0.1111111111111111
5,5,86,93,cost_only,none,random_baseline,5,,2.3989165637663223,"[""mofsimplify_solvent_test_00381_WAQQUB"",""mofsimplify_solvent_val_00100_GUPBEZ02"",""mofsimplify_solvent_val_00239_QOXFIU"",""mofsimplify_solvent_val_00171_MAPHAP""]",False,stopped_before_requested_batch,4,1,4,2,0.5,11.349767999999999,0.17621500000000001,3.0235020000000001,0.47177999999999998,0
5,6,86,93,cost_only,none,random_baseline,5,,2.3989165637663223,"[""mofsimplify_solvent_test_00006_AGUWUV"",""mofsimplify_solvent_test_00352_UBOGAV"",""mofsimplify_solvent_test_00206_LUYSEF"",""mofsimplify_solvent_val_00239_QOXFIU"",""mofsimplify_solvent_val_00180_NATHUO""]",True,full_batch,5,0,5,3,0.59999999999999998,8.4331379999999996,0.35573900000000003,3.757765,0.49493799999999999,0
5,7,86,93,cost_only,none,random_baseline,5,,2.3989165637663223,"[""mofsimplify_solvent_test_00268_PACGIM"",""mofsimplify_solvent_val_00260_SEVLEM"",""mofsimplify_solvent_test_00371_VEHPUU"",""mofsimplify_solvent_test_00176_KEWBUL"",""mofsimplify_solvent_test_00077_EJAXIW""]",True,full_batch,5,0,5,2,0.40000000000000002,9.9068889999999996,0.20188,3.6833770000000001,0.51844900000000005,0
5,8,86,93,cost_only,none,random_baseline,5,,2.3989165637663223,"[""mofsimplify_solvent_val_00261_SIYXIH10"",""mofsimplify_solvent_test_00356_ULASAD"",""mofsimplify_solvent_val_00313_WOZGUP"",""mofsimplify_solvent_val_00162_LUJBAV"",""mofsimplify_solvent_test_00386_WODVOB""]",True,full_batch,5,0,5,3,0.59999999999999998,8.083164,0.37114200000000003,3.683745,0.49650300000000003,0
5,9,86,93,cost_only,none,random_baseline,5,,2.3989165637663223,"[""mofsimplify_solvent_test_00325_SARNOQ"",""mofsimplify_solvent_val_00261_SIYXIH10"",""mofsimplify_solvent_val_00118_IPIHIA"",""mofsimplify_solvent_test_00196_LEDPIU"",""mofsimplify_solvent_val_00313_WOZGUP""]",True,full_batch,5,0,5,4,0.80000000000000004,7.7443379999999999,0.51650600000000002,3.6677409999999999,0.52780400000000005,0
6,,86,95,cost_only,none,top_score,5,,2.3989165637663223,"[""mofsimplify_solvent_test_00036_BUPVEP"",""mofsimplify_solvent_test_00015_AVILEY"",""mofsimplify_solvent_test_00327_SERWAP"",""mofsimplify_solvent_test_00146_ICITEU"",""mofsimplify_solvent_test_00004_ACOLOV""]",True,full_batch,5,0,5,3,0.59999999999999998,9.3029820000000001,0.32247700000000001,3.2110110000000001,0.64828399999999997,0.25
6,,86,95,cost_only,none,uncertainty,5,,2.3989165637663223,"[""mofsimplify_solvent_test_00073_DUPVER"",""mofsimplify_solvent_val_00177_MOYYEF"",""mofsimplify_solvent_val_00149_KIYJAF"",""mofsimplify_solvent_test_00105_FUYCIN"",""mofsimplify_solvent_val_00048_DUDZOT""]",True,full_batch,5,0,5,4,0.80000000000000004,7.6184510000000003,0.52504099999999998,3.7471559999999999,0.50106899999999999,0
6,,86,95,cost_only,none,cost_aware,5,,2.3989165637663223,"[""mofsimplify_solvent_test_00075_EBIJAC"",""mofsimplify_solvent_test_00384_WILHIK"",""mofsimplify_solvent_test_00146_ICITEU"",""mofsimplify_solvent_val_00219_PAMHIW"",""mofsimplify_solvent_test_00407_XOGXAU""]",True,full_batch,5,0,5,2,0.40000000000000002,7.1717639999999996,0.27887099999999998,3.5025200000000001,0.57854099999999997,0.42857142857142855
6,,86,95,cost_only,none,portfolio_batch,5,,2.3989165637663223,"[""mofsimplify_solvent_test_00146_ICITEU"",""mofsimplify_solvent_test_00327_SERWAP"",""mofsimplify_solvent_test_00036_BUPVEP"",""mofsimplify_solvent_test_00015_AVILEY"",""mofsimplify_solvent_val_00219_PAMHIW""]",True,full_batch,5,0,5,2,0.40000000000000002,8.8057370000000006,0.22712499999999999,3.2304729999999999,0.64313500000000001,0.42857142857142855
6,0,86,95,cost_only,none,random_baseline,5,,2.3989165637663223,"[""mofsimplify_solvent_val_00048_DUDZOT"",""mofsimplify_solvent_test_00075_EBIJAC"",""mofsimplify_solvent_val_00318_XADDAJ"",""mofsimplify_solvent_val_00262_SOCNAB"",""mofsimplify_solvent_test_00327_SERWAP""]",True,full_batch,5,0,5,2,0.40000000000000002,7.6317370000000002,0.26206400000000002,3.6326779999999999,0.53253700000000004,0
6,1,86,95,cost_only,none,random_baseline,5,,2.3989165637663223,"[""mofsimplify_solvent_test_00104_FUYCEJ"",""mofsimplify_solvent_test_00217_MIBMER"",""mofsimplify_solvent_test_00093_EWESAC"",""mofsimplify_solvent_val_00219_PAMHIW"",""mofsimplify_solvent_test_00065_DIKJUD""]",True,full_batch,5,0,5,3,0.59999999999999998,7.4851830000000001,0.40079199999999998,3.6880679999999999,0.51949500000000004,0
6,2,86,95,cost_only,none,random_baseline,5,,2.3989165637663223,"[""mofsimplify_solvent_test_00146_ICITEU"",""mofsimplify_solvent_test_00280_POMMAH"",""mofsimplify_solvent_val_00200_OMAMEU"",""mofsimplify_solvent_val_00245_REWNEO01"",""mofsimplify_solvent_test_00123_GUKYUI""]",True,full_batch,5,0,5,3,0.59999999999999998,8.9447039999999998,0.33539400000000003,3.563717,0.553786,0
6,3,86,95,cost_only,none,random_baseline,5,,2.3989165637663223,"[""mofsimplify_solvent_val_00318_XADDAJ"",""mofsimplify_solvent_test_00095_EYULOA"",""mofsimplify_solvent_test_00073_DUPVER"",""mofsimplify_solvent_test_00125_GUVCOP"",""mofsimplify_solvent_test_00036_BUPVEP""]",True,full_batch,5,0,5,3,0.59999999999999998,7.7835210000000004,0.38542999999999999,3.62548,0.52250399999999997,0
6,4,86,95,cost_only,none,random_baseline,5,,2.3989165637663223,"[""mofsimplify_solvent_test_00095_EYULOA"",""mofsimplify_solvent_test_00280_POMMAH"",""mofsimplify_solvent_test_00075_EBIJAC"",""mofsimplify_solvent_test_00244_NIRDAT"",""mofsimplify_solvent_test_00218_MITGUR01""]",True,full_batch,5,0,5,3,0.59999999999999998,7.9443409999999997,0.37762699999999999,3.6984689999999998,0.51363199999999998,0
6,5,86,95,cost_only,none,random_baseline,5,,2.3989165637663223,"[""mofsimplify_solvent_val_00262_SOCNAB"",""mofsimplify_solvent_val_00102_HADQUA"",""mofsimplify_solvent_val_00239_QOXFIU"",""mofsimplify_solvent_val_00319_XADDOX"",""mofsimplify_solvent_test_00196_LEDPIU""]",True,full_batch,5,0,5,1,0.20000000000000001,8.6305049999999994,0.115868,3.6877550000000001,0.51725299999999996,0
6,6,86,95,cost_only,none,random_baseline,5,,2.3989165637663223,"[""mofsimplify_solvent_test_00326_SEGBIR"",""mofsimplify_solvent_val_00341_YUBFOR"",""mofsimplify_solvent_val_00149_KIYJAF"",""mofsimplify_solvent_test_00015_AVILEY"",""mofsimplify_solvent_test_00075_EBIJAC""]",True,full_batch,5,0,5,5,1,8.0297219999999996,0.62268699999999999,3.599221,0.53968700000000003,0
6,7,86,95,cost_only,none,random_baseline,5,,2.3989165637663223,"[""mofsimplify_solvent_val_00149_KIYJAF"",""mofsimplify_solvent_val_00315_WURNOO"",""mofsimplify_solvent_val_00261_SIYXIH10"",""mofsimplify_solvent_val_00284_UMOKIS"",""mofsimplify_solvent_test_00015_AVILEY""]",True,full_batch,5,0,5,4,0.80000000000000004,7.9390770000000002,0.50383699999999998,3.562449,0.55356700000000003,0
6,8,86,95,cost_only,none,random_baseline,5,,2.3989165637663223,"[""mofsimplify_solvent_val_00225_POZHUI"",""mofsimplify_solvent_test_00146_ICITEU"",""mofsimplify_solvent_val_00150_KOMHAW"",""mofsimplify_solvent_test_00298_QUBWIU"",""mofsimplify_solvent_test_00176_KEWBUL""]",True,full_batch,5,0,5,2,0.40000000000000002,8.3584580000000006,0.23927899999999999,3.65028,0.52664200000000005,0
6,9,86,95,cost_only,none,random_baseline,5,,2.3989165637663223,"[""mofsimplify_solvent_test_00176_KEWBUL"",""mofsimplify_solvent_val_00261_SIYXIH10"",""mofsimplify_solvent_val_00334_YEKXOD"",""mofsimplify_solvent_val_00238_QOPPOC"",""mofsimplify_solvent_test_00214_MAYJOM""]",True,full_batch,5,0,5,3,0.59999999999999998,7.9676229999999997,0.37652400000000003,3.6819980000000001,0.51518299999999995,0
7,,86,97,cost_only,none,top_score,5,,2.3989165637663223,"[""mofsimplify_solvent_val_00290_VACLIX"",""mofsimplify_solvent_test_00015_AVILEY"",""mofsimplify_solvent_test_00257_OKUSUK"",""mofsimplify_solvent_test_00259_OKUTEV"",""mofsimplify_solvent_test_00161_JEJWOL""]",True,full_batch,5,0,5,3,0.59999999999999998,10.582053,0.283499,3.1294810000000002,0.66585099999999997,0.42857142857142855
7,,86,97,cost_only,none,uncertainty,5,,2.3989165637663223,"[""mofsimplify_solvent_test_00186_KIYMIP"",""mofsimplify_solvent_test_00306_RAHMAP"",""mofsimplify_solvent_test_00138_HOVGIK"",""mofsimplify_solvent_val_00177_MOYYEF"",""mofsimplify_solvent_test_00105_FUYCIN""]",True,full_batch,5,0,5,4,0.80000000000000004,7.2976900000000002,0.54811900000000002,3.7496459999999998,0.500112,0.25
7,,86,97,cost_only,none,cost_aware,5,,2.3989165637663223,"[""mofsimplify_solvent_test_00431_ZASJAG"",""mofsimplify_solvent_test_00384_WILHIK"",""mofsimplify_solvent_val_00219_PAMHIW"",""mofsimplify_solvent_test_00139_YUBQET"",""mofsimplify_solvent_val_00315_WURNOO""]",True,full_batch,5,0,5,4,0.80000000000000004,6.8620109999999999,0.58291899999999996,3.600257,0.55094299999999996,0.25
7,,86,97,cost_only,none,portfolio_batch,5,,2.3989165637663223,"[""mofsimplify_solvent_val_00290_VACLIX"",""mofsimplify_solvent_test_00015_AVILEY"",""mofsimplify_solvent_val_00219_PAMHIW"",""mofsimplify_solvent_test_00431_ZASJAG"",""mofsimplify_solvent_test_00384_WILHIK""]",True,full_batch,5,0,5,4,0.80000000000000004,8.2166610000000002,0.48681600000000003,3.3350610000000001,0.61581200000000003,0.1111111111111111
7,0,86,97,cost_only,none,random_baseline,5,,2.3989165637663223,"[""mofsimplify_solvent_test_00034_BOWNUY"",""mofsimplify_solvent_test_00104_FUYCEJ"",""mofsimplify_solvent_val_00315_WURNOO"",""mofsimplify_solvent_test_00259_OKUTEV"",""mofsimplify_solvent_test_00029_BIDPOV""]",True,full_batch,5,0,5,4,0.80000000000000004,8.6467089999999995,0.46260400000000002,3.5906910000000001,0.54732000000000003,0
7,1,86,97,cost_only,none,random_baseline,5,,2.3989165637663223,"[""mofsimplify_solvent_test_00352_UBOGAV"",""mofsimplify_solvent_test_00253_OGECOU"",""mofsimplify_solvent_test_00138_HOVGIK"",""mofsimplify_solvent_test_00104_FUYCEJ"",""mofsimplify_solvent_val_00099_GUKFEY""]",True,full_batch,5,0,5,4,0.80000000000000004,8.0585909999999998,0.496365,3.7862779999999998,0.48397899999999999,0
7,2,86,97,cost_only,none,random_baseline,5,,2.3989165637663223,"[""mofsimplify_solvent_val_00281_UJEFOE01"",""mofsimplify_solvent_test_00252_OGAXUR"",""mofsimplify_solvent_test_00010_ANEHEI"",""mofsimplify_solvent_test_00384_WILHIK"",""mofsimplify_solvent_test_00283_QAKFIU""]",True,full_batch,5,0,5,4,0.80000000000000004,7.5711050000000002,0.52832400000000002,3.6867700000000001,0.52099899999999999,0
7,3,86,97,cost_only,none,random_baseline,5,,2.3989165637663223,"[""mofsimplify_solvent_val_00344_ZALMIL"",""mofsimplify_solvent_val_00271_TIXCIO"",""mofsimplify_solvent_test_00435_ZISFEO"",""mofsimplify_solvent_val_00281_UJEFOE01"",""mofsimplify_solvent_test_00017_AVUJIL""]",True,full_batch,5,0,5,3,0.59999999999999998,8.1318669999999997,0.368919,3.7547990000000002,0.49745800000000001,0.1111111111111111
7,4,86,97,cost_only,none,random_baseline,5,,2.3989165637663223,"[""mofsimplify_solvent_test_00352_UBOGAV"",""mofsimplify_solvent_val_00258_SENVIR"",""mofsimplify_solvent_val_00323_XAPTEQ"",""mofsimplify_solvent_test_00010_ANEHEI"",""mofsimplify_solvent_test_00264_OQETEK""]",True,full_batch,5,0,5,4,0.80000000000000004,7.7079610000000001,0.51894399999999996,3.6715520000000001,0.52610900000000005,0
7,5,86,97,cost_only,none,random_baseline,5,,2.3989165637663223,"[""mofsimplify_solvent_val_00313_WOZGUP"",""mofsimplify_solvent_val_00332_YARBUQ"",""mofsimplify_solvent_test_00244_NIRDAT"",""mofsimplify_solvent_val_00271_TIXCIO"",""mofsimplify_solvent_test_00264_OQETEK""]",True,full_batch,5,0,5,3,0.59999999999999998,8.6373449999999998,0.347329,3.749037,0.49426700000000001,0
7,6,86,97,cost_only,none,random_baseline,5,,2.3989165637663223,"[""mofsimplify_solvent_test_00125_GUVCOP"",""mofsimplify_solvent_val_00285_UNABIV"",""mofsimplify_solvent_test_00010_ANEHEI"",""mofsimplify_solvent_test_00061_DAMYUO"",""mofsimplify_solvent_test_00214_MAYJOM""]",True,full_batch,5,0,5,2,0.40000000000000002,7.7731070000000004,0.257297,3.7503850000000001,0.48125899999999999,0
7,7,86,97,cost_only,none,random_baseline,5,,2.3989165637663223,"[""mofsimplify_solvent_val_00238_QOPPOC"",""mofsimplify_solvent_val_00141_KEGZOL"",""mofsimplify_solvent_test_00232_NALYEG"",""mofsimplify_solvent_test_00186_KIYMIP"",""mofsimplify_solvent_val_00290_VACLIX""]",True,full_batch,5,0,5,4,0.80000000000000004,9.2840530000000001,0.43084600000000001,3.6891029999999998,0.456036,0
7,8,86,97,cost_only,none,random_baseline,5,,2.3989165637663223,"[""mofsimplify_solvent_val_00152_KUKPOX"",""mofsimplify_solvent_test_00218_MITGUR01"",""mofsimplify_solvent_val_00285_UNABIV"",""mofsimplify_solvent_val_00290_VACLIX"",""mofsimplify_solvent_test_00244_NIRDAT""]",True,full_batch,5,0,5,2,0.40000000000000002,8.6704670000000004,0.23066800000000001,3.6136460000000001,0.51496699999999995,0
7,9,86,97,cost_only,none,random_baseline,5,,2.3989165637663223,"[""mofsimplify_solvent_test_00258_OKUTAR"",""mofsimplify_solvent_val_00082_FIFPAM"",""mofsimplify_solvent_test_00105_FUYCIN"",""mofsimplify_solvent_test_00259_OKUTEV"",""mofsimplify_solvent_val_00290_VACLIX""]",True,full_batch,5,0,5,3,0.59999999999999998,9.6459890000000001,0.31101000000000001,3.45316,0.57013400000000003,0
8,,86,96,cost_only,none,top_score,5,,2.3989165637663223,"[""mofsimplify_solvent_val_00290_VACLIX"",""mofsimplify_solvent_test_00021_BADYAJ"",""mofsimplify_solvent_test_00161_JEJWOL"",""mofsimplify_solvent_test_00146_ICITEU"",""mofsimplify_solvent_test_00153_INIXOT""]",True,full_batch,5,0,5,4,0.80000000000000004,9.834301,0.40673999999999999,3.159999,0.65825699999999998,0.25
8,,86,96,cost_only,none,uncertainty,5,,2.3989165637663223,"[""mofsimplify_solvent_test_00306_RAHMAP"",""mofsimplify_solvent_val_00072_EXAXAE"",""mofsimplify_solvent_test_00138_HOVGIK"",""mofsimplify_solvent_test_00073_DUPVER"",""mofsimplify_solvent_val_00034_COPXOV""]",True,full_batch,5,0,5,5,1,7.0128180000000002,0.71297999999999995,3.744793,0.50205299999999997,0.25
8,,86,96,cost_only,none,cost_aware,5,,2.3989165637663223,"[""mofsimplify_solvent_test_00384_WILHIK"",""mofsimplify_solvent_test_00146_ICITEU"",""mofsimplify_solvent_val_00219_PAMHIW"",""mofsimplify_solvent_test_00407_XOGXAU"",""mofsimplify_solvent_test_00139_YUBQET""]",True,full_batch,5,0,5,2,0.40000000000000002,7.1050250000000004,0.28149099999999999,3.526653,0.57044700000000004,0.25
8,,86,96,cost_only,none,portfolio_batch,5,,2.3989165637663223,"[""mofsimplify_solvent_test_00146_ICITEU"",""mofsimplify_solvent_test_00021_BADYAJ"",""mofsimplify_solvent_val_00290_VACLIX"",""mofsimplify_solvent_val_00219_PAMHIW"",""mofsimplify_solvent_test_00384_WILHIK""]",True,full_batch,5,0,5,3,0.59999999999999998,8.3374279999999992,0.359823,3.2509030000000001,0.63539000000000001,0.42857142857142855
8,0,86,96,cost_only,none,random_baseline,5,,2.3989165637663223,"[""mofsimplify_solvent_test_00394_XADDUD"",""mofsimplify_solvent_val_00100_GUPBEZ02"",""mofsimplify_solvent_test_00178_KIDXUR"",""mofsimplify_solvent_test_00002_ACOLEL"",""mofsimplify_solvent_test_00044_CAYKEU""]",True,full_batch,5,0,5,3,0.59999999999999998,11.399664,0.26316600000000001,3.7013929999999999,0.50546899999999995,0
8,1,86,96,cost_only,none,random_baseline,5,,2.3989165637663223,"[""mofsimplify_solvent_test_00153_INIXOT"",""mofsimplify_solvent_test_00288_QERWAL"",""mofsimplify_solvent_val_00210_OVIWIA"",""mofsimplify_solvent_test_00289_QEYWUN"",""mofsimplify_solvent_test_00283_QAKFIU""]",True,full_batch,5,0,5,3,0.59999999999999998,8.8086389999999994,0.34057500000000002,3.7013319999999998,0.50593299999999997,0
8,2,86,96,cost_only,none,random_baseline,5,,2.3989165637663223,"[""mofsimplify_solvent_test_00386_WODVOB"",""mofsimplify_solvent_val_00347_ZUKNAW"",""mofsimplify_solvent_val_00175_MONWET"",""mofsimplify_solvent_test_00161_JEJWOL"",""mofsimplify_solvent_test_00252_OGAXUR""]",True,full_batch,5,0,5,3,0.59999999999999998,8.4217410000000008,0.35622100000000001,3.668066,0.51664600000000005,0.25
8,3,86,96,cost_only,none,random_baseline,5,,2.3989165637663223,"[""mofsimplify_solvent_test_00289_QEYWUN"",""mofsimplify_solvent_val_00219_PAMHIW"",""mofsimplify_solvent_val_00118_IPIHIA"",""mofsimplify_solvent_val_00294_VAYWEZ"",""mofsimplify_solvent_test_00041_CANYIB""]",True,full_batch,5,0,5,3,0.59999999999999998,8.1056050000000006,0.370114,3.682852,0.519783,0
8,4,86,96,cost_only,none,random_baseline,5,,2.3989165637663223,"[""mofsimplify_solvent_test_00058_CUYHIO"",""mofsimplify_solvent_test_00252_OGAXUR"",""mofsimplify_solvent_val_00295_VAYWID"",""mofsimplify_solvent_test_00002_ACOLEL"",""mofsimplify_solvent_val_00261_SIYXIH10""]",True,full_batch,5,0,5,3,0.59999999999999998,7.88774,0.38033699999999998,3.7504979999999999,0.49408800000000003,0
8,5,86,96,cost_only,none,random_baseline,5,,2.3989165637663223,"[""mofsimplify_solvent_test_00264_OQETEK"",""mofsimplify_solvent_test_00095_EYULOA"",""mofsimplify_solvent_test_00021_BADYAJ"",""mofsimplify_solvent_val_00161_LIXWEV"",""mofsimplify_solvent_val_00102_HADQUA""]",True,full_batch,5,0,5,3,0.59999999999999998,8.6417380000000001,0.34715200000000002,3.5443799999999999,0.54740100000000003,0
8,6,86,96,cost_only,none,random_baseline,5,,2.3989165637663223,"[""mofsimplify_solvent_test_00123_GUKYUI"",""mofsimplify_solvent_test_00008_AMOYOR"",""mofsimplify_solvent_test_00139_YUBQET"",""mofsimplify_solvent_val_00175_MONWET"",""mofsimplify_solvent_val_00184_NEXVET""]",True,full_batch,5,0,5,3,0.59999999999999998,8.1328440000000004,0.36887500000000001,3.7103090000000001,0.50572300000000003,0.1111111111111111
8,7,86,96,cost_only,none,random_baseline,5,,2.3989165637663223,"[""mofsimplify_solvent_test_00394_XADDUD"",""mofsimplify_solvent_test_00008_AMOYOR"",""mofsimplify_solvent_val_00311_WEFCAN"",""mofsimplify_solvent_test_00253_OGECOU"",""mofsimplify_solvent_test_00289_QEYWUN""]",True,full_batch,5,0,5,3,0.59999999999999998,7.8950180000000003,0.37998599999999999,3.6878030000000002,0.52001200000000003,0
8,8,86,96,cost_only,none,random_baseline,5,,2.3989165637663223,"[""mofsimplify_solvent_test_00178_KIDXUR"",""mofsimplify_solvent_val_00285_UNABIV"",""mofsimplify_solvent_val_00295_VAYWID"",""mofsimplify_solvent_val_00038_DAMYOI"",""mofsimplify_solvent_test_00201_LIFSEA""]",True,full_batch,5,0,5,1,0.20000000000000001,8.1072880000000005,0.123346,3.7301869999999999,0.49221199999999998,0
8,9,86,96,cost_only,none,random_baseline,5,,2.3989165637663223,"[""mofsimplify_solvent_test_00247_OCOKUP"",""mofsimplify_solvent_test_00052_COTVIS"",""mofsimplify_solvent_test_00146_ICITEU"",""mofsimplify_solvent_test_00335_TACJIS"",""mofsimplify_solvent_test_00283_QAKFIU""]",True,full_batch,5,0,5,2,0.40000000000000002,8.3536149999999996,0.23941699999999999,3.7039040000000001,0.494367,0
9,,86,94,cost_only,none,top_score,5,,2.3989165637663223,"[""mofsimplify_solvent_val_00290_VACLIX"",""mofsimplify_solvent_test_00021_BADYAJ"",""mofsimplify_solvent_test_00015_AVILEY"",""mofsimplify_solvent_test_00257_OKUSUK"",""mofsimplify_solvent_test_00259_OKUTEV""]",True,full_batch,5,0,5,3,0.59999999999999998,10.442536,0.28728700000000001,3.0740449999999999,0.67679,0.66666666666666663
9,,86,94,cost_only,none,uncertainty,5,,2.3989165637663223,"[""mofsimplify_solvent_test_00206_LUYSEF"",""mofsimplify_solvent_test_00306_RAHMAP"",""mofsimplify_solvent_val_00072_EXAXAE"",""mofsimplify_solvent_test_00073_DUPVER"",""mofsimplify_solvent_val_00149_KIYJAF""]",True,full_batch,5,0,5,5,1,7.3404480000000003,0.68115700000000001,3.7489210000000002,0.50040600000000002,0.42857142857142855
9,,86,94,cost_only,none,cost_aware,5,,2.3989165637663223,"[""mofsimplify_solvent_val_00348_ZUQMAB"",""mofsimplify_solvent_test_00384_WILHIK"",""mofsimplify_solvent_test_00146_ICITEU"",""mofsimplify_solvent_val_00013_AVIPAX"",""mofsimplify_solvent_test_00093_EWESAC""]",True,full_batch,5,0,5,3,0.59999999999999998,6.9975059999999996,0.42872399999999999,3.5674260000000002,0.55809799999999998,0.42857142857142855
9,,86,94,cost_only,none,portfolio_batch,5,,2.3989165637663223,"[""mofsimplify_solvent_test_00146_ICITEU"",""mofsimplify_solvent_test_00021_BADYAJ"",""mofsimplify_solvent_val_00290_VACLIX"",""mofsimplify_solvent_test_00015_AVILEY"",""mofsimplify_solvent_test_00384_WILHIK""]",True,full_batch,5,0,5,4,0.80000000000000004,8.9483800000000002,0.44700800000000002,3.165807,0.655026,0.42857142857142855
9,0,86,94,cost_only,none,random_baseline,5,,2.3989165637663223,"[""mofsimplify_solvent_test_00283_QAKFIU"",""mofsimplify_solvent_test_00073_DUPVER"",""mofsimplify_solvent_test_00200_LIFSAW"",""mofsimplify_solvent_test_00257_OKUSUK"",""mofsimplify_solvent_test_00376_VUMCEM""]",True,full_batch,5,0,5,1,0.20000000000000001,8.6869150000000008,0.115116,3.5387490000000001,0.56088700000000002,0
9,1,86,94,cost_only,none,random_baseline,5,,2.3989165637663223,"[""mofsimplify_solvent_test_00283_QAKFIU"",""mofsimplify_solvent_val_00139_KAVTUY"",""mofsimplify_solvent_test_00258_OKUTAR"",""mofsimplify_solvent_test_00142_HUWLUI"",""mofsimplify_solvent_val_00184_NEXVET""]",True,full_batch,5,0,5,1,0.20000000000000001,10.039647,0.099604999999999999,3.7234910000000001,0.49159199999999997,0
9,2,86,94,cost_only,none,random_baseline,5,,2.3989165637663223,"[""mofsimplify_solvent_test_00264_OQETEK"",""mofsimplify_solvent_test_00217_MIBMER"",""mofsimplify_solvent_val_00278_UDEPIE"",""mofsimplify_solvent_test_00352_UBOGAV"",""mofsimplify_solvent_test_00021_BADYAJ""]",True,full_batch,5,0,5,5,1,8.3857029999999995,0.59625300000000003,3.5977860000000002,0.53416200000000003,0
9,3,86,94,cost_only,none,random_baseline,5,,2.3989165637663223,"[""mofsimplify_solvent_test_00073_DUPVER"",""mofsimplify_solvent_test_00041_CANYIB"",""mofsimplify_solvent_val_00316_WUSLED"",""mofsimplify_solvent_test_00363_UTOTUT"",""mofsimplify_solvent_val_00342_ZAGHAT""]",True,full_batch,5,0,5,5,1,8.5778800000000004,0.58289500000000005,3.7674840000000001,0.48711700000000002,0
9,4,86,94,cost_only,none,random_baseline,5,,2.3989165637663223,"[""mofsimplify_solvent_test_00146_ICITEU"",""mofsimplify_solvent_test_00004_ACOLOV"",""mofsimplify_solvent_test_00065_DIKJUD"",""mofsimplify_solvent_val_00278_UDEPIE"",""mofsimplify_solvent_val_00031_CAWZUX""]",True,full_batch,5,0,5,2,0.40000000000000002,9.1641220000000008,0.21824199999999999,3.6348509999999998,0.527007,0
9,5,86,94,cost_only,none,random_baseline,5,,2.3989165637663223,"[""mofsimplify_solvent_test_00038_BUSQIQ"",""mofsimplify_solvent_val_00139_KAVTUY"",""mofsimplify_solvent_test_00283_QAKFIU"",""mofsimplify_solvent_val_00141_KEGZOL"",""mofsimplify_solvent_test_00161_JEJWOL""]",True,full_batch,5,0,5,3,0.59999999999999998,9.1006750000000007,0.32964599999999999,3.706725,0.45835799999999999,0
9,6,86,94,cost_only,none,random_baseline,5,,2.3989165637663223,"[""mofsimplify_solvent_test_00264_OQETEK"",""mofsimplify_solvent_test_00196_LEDPIU"",""mofsimplify_solvent_test_00415_YATDUV"",""mofsimplify_solvent_test_00363_UTOTUT"",""mofsimplify_solvent_test_00037_BUSQEM""]",True,full_batch,5,0,5,4,0.80000000000000004,7.2775420000000004,0.54963600000000001,3.772567,0.49007800000000001,0.1111111111111111
9,7,86,94,cost_only,none,random_baseline,5,,2.3989165637663223,"[""mofsimplify_solvent_val_00161_LIXWEV"",""mofsimplify_solvent_test_00065_DIKJUD"",""mofsimplify_solvent_test_00045_CEFLEF"",""mofsimplify_solvent_test_00237_NAWWUG"",""mofsimplify_solvent_val_00260_SEVLEM""]",True,full_batch,5,0,5,2,0.40000000000000002,10.069884999999999,0.19861200000000001,3.7438859999999998,0.49108400000000002,0
9,8,86,94,cost_only,none,random_baseline,5,,2.3989165637663223,"[""mofsimplify_solvent_test_00021_BADYAJ"",""mofsimplify_solvent_test_00259_OKUTEV"",""mofsimplify_solvent_test_00356_ULASAD"",""mofsimplify_solvent_val_00231_QITZIE"",""mofsimplify_solvent_test_00034_BOWNUY""]",True,full_batch,5,0,5,3,0.59999999999999998,9.1248310000000004,0.32877299999999998,3.4883540000000002,0.54212700000000003,0
9,9,86,94,cost_only,none,random_baseline,5,,2.3989165637663223,"[""mofsimplify_solvent_val_00333_YEGKOM"",""mofsimplify_solvent_test_00004_ACOLOV"",""mofsimplify_solvent_test_00412_XUWKEH"",""mofsimplify_solvent_val_00285_UNABIV"",""mofsimplify_solvent_val_00278_UDEPIE""]",True,full_batch,5,0,5,4,0.80000000000000004,8.9697510000000005,0.44594299999999998,3.811261,0.42869099999999999,0
10,,86,93,cost_only,none,top_score,5,,2.3989165637663223,"[""mofsimplify_solvent_test_00036_BUPVEP"",""mofsimplify_solvent_test_00327_SERWAP"",""mofsimplify_solvent_test_00161_JEJWOL"",""mofsimplify_solvent_test_00146_ICITEU"",""mofsimplify_solvent_val_00102_HADQUA""]",True,full_batch,5,0,5,2,0.40000000000000002,9.1208960000000001,0.219277,3.244434,0.64119499999999996,0.1111111111111111
10,,86,93,cost_only,none,uncertainty,5,,2.3989165637663223,"[""mofsimplify_solvent_test_00186_KIYMIP"",""mofsimplify_solvent_val_00343_ZAHLEC"",""mofsimplify_solvent_test_00306_RAHMAP"",""mofsimplify_solvent_val_00072_EXAXAE"",""mofsimplify_solvent_test_00073_DUPVER""]",True,full_batch,5,0,5,4,0.80000000000000004,7.3275670000000002,0.54588400000000004,3.7468509999999999,0.501247,0.66666666666666663
10,,86,93,cost_only,none,cost_aware,5,,2.3989165637663223,"[""mofsimplify_solvent_test_00075_EBIJAC"",""mofsimplify_solvent_test_00384_WILHIK"",""mofsimplify_solvent_test_00146_ICITEU"",""mofsimplify_solvent_val_00219_PAMHIW"",""mofsimplify_solvent_test_00407_XOGXAU""]",True,full_batch,5,0,5,2,0.40000000000000002,7.1717639999999996,0.27887099999999998,3.5025200000000001,0.57854099999999997,0.42857142857142855
10,,86,93,cost_only,none,portfolio_batch,5,,2.3989165637663223,"[""mofsimplify_solvent_test_00146_ICITEU"",""mofsimplify_solvent_test_00327_SERWAP"",""mofsimplify_solvent_test_00036_BUPVEP"",""mofsimplify_solvent_val_00219_PAMHIW"",""mofsimplify_solvent_test_00384_WILHIK""]",True,full_batch,5,0,5,2,0.40000000000000002,8.1540370000000006,0.245277,3.3224109999999998,0.62155300000000002,0.42857142857142855
10,0,86,93,cost_only,none,random_baseline,5,,2.3989165637663223,"[""mofsimplify_solvent_test_00283_QAKFIU"",""mofsimplify_solvent_val_00245_REWNEO01"",""mofsimplify_solvent_test_00388_WOJJOV"",""mofsimplify_solvent_test_00029_BIDPOV"",""mofsimplify_solvent_test_00331_XIMPOA01""]",True,full_batch,5,0,5,3,0.59999999999999998,8.0365690000000001,0.37329400000000001,3.7050800000000002,0.51302700000000001,0
10,1,86,93,cost_only,none,random_baseline,5,,2.3989165637663223,"[""mofsimplify_solvent_val_00099_GUKFEY"",""mofsimplify_solvent_test_00218_MITGUR01"",""mofsimplify_solvent_val_00260_SEVLEM"",""mofsimplify_solvent_test_00297_QOKCID"",""mofsimplify_solvent_test_00058_CUYHIO""]",True,full_batch,5,0,5,3,0.59999999999999998,9.9994820000000004,0.300016,3.7016810000000002,0.51183100000000004,0
10,2,86,93,cost_only,none,random_baseline,5,,2.3989165637663223,"[""mofsimplify_solvent_test_00407_XOGXAU"",""mofsimplify_solvent_test_00013_ASUBIB"",""mofsimplify_solvent_test_00197_LEDWUN"",""mofsimplify_solvent_test_00218_MITGUR01"",""mofsimplify_solvent_test_00073_DUPVER""]",True,full_batch,5,0,5,2,0.40000000000000002,7.5117390000000004,0.26624999999999999,3.7303030000000001,0.49533700000000003,0
10,3,86,93,cost_only,none,random_baseline,5,,2.3989165637663223,"[""mofsimplify_solvent_test_00008_AMOYOR"",""mofsimplify_solvent_test_00094_EXEWIO"",""mofsimplify_solvent_test_00252_OGAXUR"",""mofsimplify_solvent_test_00327_SERWAP"",""mofsimplify_solvent_test_00161_JEJWOL""]",True,full_batch,5,0,5,4,0.80000000000000004,8.3043479999999992,0.48167500000000002,3.5775199999999998,0.54254199999999997,0
10,4,86,93,cost_only,none,random_baseline,5,,2.3989165637663223,"[""mofsimplify_solvent_test_00217_MIBMER"",""mofsimplify_solvent_test_00381_WAQQUB"",""mofsimplify_solvent_test_00075_EBIJAC"",""mofsimplify_solvent_test_00137_HOMRIL"",""mofsimplify_solvent_val_00231_QITZIE""]",True,full_batch,5,0,5,4,0.80000000000000004,7.8326089999999997,0.51068499999999994,3.648053,0.53385499999999997,0
10,5,86,93,cost_only,none,random_baseline,5,,2.3989165637663223,"[""mofsimplify_solvent_val_00262_SOCNAB"",""mofsimplify_solvent_val_00332_YARBUQ"",""mofsimplify_solvent_test_00327_SERWAP"",""mofsimplify_solvent_test_00016_AVIPOL"",""mofsimplify_solvent_val_00145_KILJEV""]",True,full_batch,5,0,5,0,0,8.0480909999999994,0,3.6901190000000001,0.50787599999999999,0
10,6,86,93,cost_only,none,random_baseline,5,,2.3989165637663223,"[""mofsimplify_solvent_val_00262_SOCNAB"",""mofsimplify_solvent_val_00102_HADQUA"",""mofsimplify_solvent_test_00073_DUPVER"",""mofsimplify_solvent_test_00331_XIMPOA01"",""mofsimplify_solvent_val_00203_ORANAY""]",True,full_batch,5,0,5,2,0.40000000000000002,7.9827839999999997,0.25053900000000001,3.689438,0.51702899999999996,0
10,7,86,93,cost_only,none,random_baseline,5,,2.3989165637663223,"[""mofsimplify_solvent_val_00149_KIYJAF"",""mofsimplify_solvent_test_00094_EXEWIO"",""mofsimplify_solvent_val_00107_HIMSAY"",""mofsimplify_solvent_val_00225_POZHUI"",""mofsimplify_solvent_test_00387_WOHZAU""]",True,full_batch,5,0,5,3,0.59999999999999998,7.3996849999999998,0.40542299999999998,3.7912210000000002,0.48083300000000001,0
10,8,86,93,cost_only,none,random_baseline,5,,2.3989165637663223,"[""mofsimplify_solvent_val_00203_ORANAY"",""mofsimplify_solvent_test_00371_VEHPUU"",""mofsimplify_solvent_val_00278_UDEPIE"",""mofsimplify_solvent_test_00381_WAQQUB"",""mofsimplify_solvent_test_00073_DUPVER""]",True,full_batch,5,0,5,4,0.80000000000000004,8.3870979999999999,0.47692299999999999,3.7167409999999999,0.50606099999999998,0
10,9,86,93,cost_only,none,random_baseline,5,,2.3989165637663223,"[""mofsimplify_solvent_test_00094_EXEWIO"",""mofsimplify_solvent_test_00125_GUVCOP"",""mofsimplify_solvent_test_00155_IYUROK"",""mofsimplify_solvent_test_00297_QOKCID"",""mofsimplify_solvent_test_00388_WOJJOV""]",True,full_batch,5,0,5,4,0.80000000000000004,7.5402170000000002,0.53048899999999999,3.7700420000000001,0.48297000000000001,0
11,,86,98,cost_only,none,top_score,5,,2.3989165637663223,"[""mofsimplify_solvent_val_00290_VACLIX"",""mofsimplify_solvent_test_00021_BADYAJ"",""mofsimplify_solvent_test_00327_SERWAP"",""mofsimplify_solvent_test_00161_JEJWOL"",""mofsimplify_solvent_test_00153_INIXOT""]",True,full_batch,5,0,5,4,0.80000000000000004,10.019664000000001,0.39921499999999999,3.151948,0.66001600000000005,0.25
11,,86,98,cost_only,none,uncertainty,5,,2.3989165637663223,"[""mofsimplify_solvent_test_00186_KIYMIP"",""mofsimplify_solvent_test_00306_RAHMAP"",""mofsimplify_solvent_val_00177_MOYYEF"",""mofsimplify_solvent_val_00149_KIYJAF"",""mofsimplify_solvent_test_00105_FUYCIN""]",True,full_batch,5,0,5,4,0.80000000000000004,7.3988050000000003,0.540628,3.7511779999999999,0.49948700000000001,0.25
11,,86,98,cost_only,none,cost_aware,5,,2.3989165637663223,"[""mofsimplify_solvent_val_00348_ZUQMAB"",""mofsimplify_solvent_val_00219_PAMHIW"",""mofsimplify_solvent_test_00407_XOGXAU"",""mofsimplify_solvent_test_00093_EWESAC"",""mofsimplify_solvent_val_00056_EBUREA""]",True,full_batch,5,0,5,3,0.59999999999999998,6.9154200000000001,0.433813,3.6138880000000002,0.54685300000000003,0.1111111111111111
11,,86,98,cost_only,none,portfolio_batch,5,,2.3989165637663223,"[""mofsimplify_solvent_test_00021_BADYAJ"",""mofsimplify_solvent_val_00290_VACLIX"",""mofsimplify_solvent_test_00327_SERWAP"",""mofsimplify_solvent_val_00219_PAMHIW"",""mofsimplify_solvent_test_00407_XOGXAU""]",True,full_batch,5,0,5,2,0.40000000000000002,8.5475169999999991,0.233986,3.2440730000000002,0.63679300000000005,0.42857142857142855
11,0,86,98,cost_only,none,random_baseline,5,,2.3989165637663223,"[""mofsimplify_solvent_test_00359_UMEKII"",""mofsimplify_solvent_test_00002_ACOLEL"",""mofsimplify_solvent_val_00231_QITZIE"",""mofsimplify_solvent_test_00405_XICYAL"",""mofsimplify_solvent_test_00017_AVUJIL""]",True,full_batch,5,0,5,2,0.40000000000000002,7.4915609999999999,0.26696700000000001,3.776856,0.48850900000000003,0.1111111111111111
11,1,86,98,cost_only,none,random_baseline,5,,2.3989165637663223,"[""mofsimplify_solvent_test_00034_BOWNUY"",""mofsimplify_solvent_test_00414_YARBAW"",""mofsimplify_solvent_val_00107_HIMSAY"",""mofsimplify_solvent_test_00352_UBOGAV"",""mofsimplify_solvent_val_00076_FATQID""]",True,full_batch,5,0,5,3,0.59999999999999998,7.4518740000000001,0.40258300000000002,3.726512,0.50510999999999995,0
11,2,86,98,cost_only,none,random_baseline,5,,2.3989165637663223,"[""mofsimplify_solvent_val_00056_EBUREA"",""mofsimplify_solvent_val_00258_SENVIR"",""mofsimplify_solvent_test_00010_ANEHEI"",""mofsimplify_solvent_test_00359_UMEKII"",""mofsimplify_solvent_test_00387_WOHZAU""]",True,full_batch,5,0,5,4,0.80000000000000004,7.6195380000000004,0.52496600000000004,3.6547079999999998,0.53234700000000001,0
11,3,86,98,cost_only,none,random_baseline,5,,2.3989165637663223,"[""mofsimplify_solvent_test_00244_NIRDAT"",""mofsimplify_solvent_val_00082_FIFPAM"",""mofsimplify_solvent_test_00218_MITGUR01"",""mofsimplify_solvent_test_00280_POMMAH"",""mofsimplify_solvent_val_00219_PAMHIW""]",True,full_batch,5,0,5,2,0.40000000000000002,8.1543320000000001,0.24526800000000001,3.7395299999999998,0.49053000000000002,0
11,4,86,98,cost_only,none,random_baseline,5,,2.3989165637663223,"[""mofsimplify_solvent_test_00153_INIXOT"",""mofsimplify_solvent_test_00142_HUWLUI"",""mofsimplify_solvent_val_00219_PAMHIW"",""mofsimplify_solvent_test_00053_COTVOY"",""mofsimplify_solvent_test_00006_AGUWUV""]",True,full_batch,5,0,5,2,0.40000000000000002,9.5084029999999995,0.21034,3.658423,0.52469399999999999,0
11,5,86,98,cost_only,none,random_baseline,5,,2.3989165637663223,"[""mofsimplify_solvent_test_00414_YARBAW"",""mofsimplify_solvent_val_00056_EBUREA"",""mofsimplify_solvent_val_00033_COJHIT"",""mofsimplify_solvent_test_00142_HUWLUI"",""mofsimplify_solvent_test_00034_BOWNUY""]",True,full_batch,5,0,5,2,0.40000000000000002,8.8786889999999996,0.22525800000000001,3.7154410000000002,0.51053099999999996,0
11,6,86,98,cost_only,none,random_baseline,5,,2.3989165637663223,"[""mofsimplify_solvent_val_00285_UNABIV"",""mofsimplify_solvent_test_00010_ANEHEI"",""mofsimplify_solvent_test_00394_XADDUD"",""mofsimplify_solvent_test_00412_XUWKEH"",""mofsimplify_solvent_val_00184_NEXVET""]",True,full_batch,5,0,5,3,0.59999999999999998,8.2155459999999998,0.36516100000000001,3.734693,0.46396900000000002,0
11,7,86,98,cost_only,none,random_baseline,5,,2.3989165637663223,"[""mofsimplify_solvent_test_00125_GUVCOP"",""mofsimplify_solvent_test_00214_MAYJOM"",""mofsimplify_solvent_val_00313_WOZGUP"",""mofsimplify_solvent_val_00149_KIYJAF"",""mofsimplify_solvent_val_00290_VACLIX""]",True,full_batch,5,0,5,3,0.59999999999999998,8.2909520000000008,0.36183999999999999,3.5554679999999999,0.54369199999999995,0
11,8,86,98,cost_only,none,random_baseline,5,,2.3989165637663223,"[""mofsimplify_solvent_val_00231_QITZIE"",""mofsimplify_solvent_test_00095_EYULOA"",""mofsimplify_solvent_test_00200_LIFSAW"",""mofsimplify_solvent_val_00076_FATQID"",""mofsimplify_solvent_test_00034_BOWNUY""]",True,full_batch,5,0,5,3,0.59999999999999998,7.6759019999999998,0.39083400000000001,3.6086930000000002,0.54790099999999997,0
11,9,86,98,cost_only,none,random_baseline,5,,2.3989165637663223,"[""mofsimplify_solvent_test_00327_SERWAP"",""mofsimplify_solvent_test_00123_GUKYUI"",""mofsimplify_solvent_test_00176_KEWBUL"",""mofsimplify_solvent_val_00219_PAMHIW"",""mofsimplify_solvent_test_00200_LIFSAW""]",True,full_batch,5,0,5,2,0.40000000000000002,8.5703720000000008,0.23336200000000001,3.489109,0.58035499999999995,0
12,,86,98,cost_only,none,top_score,5,,2.3989165637663223,"[""mofsimplify_solvent_val_00290_VACLIX"",""mofsimplify_solvent_test_00021_BADYAJ"",""mofsimplify_solvent_test_00327_SERWAP"",""mofsimplify_solvent_test_00146_ICITEU"",""mofsimplify_solvent_val_00102_HADQUA""]",True,full_batch,5,0,5,2,0.40000000000000002,8.9656199999999995,0.22307399999999999,3.1718229999999998,0.65527000000000002,0.25
12,,86,98,cost_only,none,uncertainty,5,,2.3989165637663223,"[""mofsimplify_solvent_test_00206_LUYSEF"",""mofsimplify_solvent_test_00186_KIYMIP"",""mofsimplify_solvent_val_00343_ZAHLEC"",""mofsimplify_solvent_test_00138_HOVGIK"",""mofsimplify_solvent_test_00073_DUPVER""]",True,full_batch,5,0,5,4,0.80000000000000004,7.3078310000000002,0.54735800000000001,3.749085,0.50035399999999997,0.42857142857142855
12,,86,98,cost_only,none,cost_aware,5,,2.3989165637663223,"[""mofsimplify_solvent_test_00431_ZASJAG"",""mofsimplify_solvent_test_00146_ICITEU"",""mofsimplify_solvent_test_00407_XOGXAU"",""mofsimplify_solvent_test_00139_YUBQET"",""mofsimplify_solvent_test_00413_XUYXAR""]",True,full_batch,5,0,5,3,0.59999999999999998,6.9800810000000002,0.42979400000000001,3.5608499999999998,0.55985700000000005,0.25
12,,86,98,cost_only,none,portfolio_batch,5,,2.3989165637663223,"[""mofsimplify_solvent_test_00146_ICITEU"",""mofsimplify_solvent_test_00021_BADYAJ"",""mofsimplify_solvent_val_00290_VACLIX"",""mofsimplify_solvent_test_00327_SERWAP"",""mofsimplify_solvent_test_00431_ZASJAG""]",True,full_batch,5,0,5,3,0.59999999999999998,8.6394610000000007,0.347244,3.1953809999999998,0.64881100000000003,0.66666666666666663
12,0,86,98,cost_only,none,random_baseline,5,,2.3989165637663223,"[""mofsimplify_solvent_val_00335_YEKXUJ"",""mofsimplify_solvent_test_00155_IYUROK"",""mofsimplify_solvent_test_00221_MOYYIJ"",""mofsimplify_solvent_val_00056_EBUREA"",""mofsimplify_solvent_test_00139_YUBQET""]",True,full_batch,5,0,5,4,0.80000000000000004,7.4955319999999999,0.53365099999999999,3.7036850000000001,0.51622800000000002,0
12,1,86,98,cost_only,none,random_baseline,5,,2.3989165637663223,"[""mofsimplify_solvent_test_00021_BADYAJ"",""mofsimplify_solvent_test_00435_ZISFEO"",""mofsimplify_solvent_val_00200_OMAMEU"",""mofsimplify_solvent_test_00387_WOHZAU"",""mofsimplify_solvent_val_00313_WOZGUP""]",True,full_batch,5,0,5,3,0.59999999999999998,8.7529330000000005,0.34274199999999999,3.5820829999999999,0.53950399999999998,0
12,2,86,98,cost_only,none,random_baseline,5,,2.3989165637663223,"[""mofsimplify_solvent_test_00297_QOKCID"",""mofsimplify_solvent_val_00180_NATHUO"",""mofsimplify_solvent_val_00319_XADDOX"",""mofsimplify_solvent_test_00016_AVIPOL"",""mofsimplify_solvent_test_00037_BUSQEM""]",True,full_batch,5,0,5,2,0.40000000000000002,7.4614229999999999,0.26804499999999998,3.680275,0.524003,0.1111111111111111
12,3,86,98,cost_only,none,random_baseline,5,,2.3989165637663223,"[""mofsimplify_solvent_test_00252_OGAXUR"",""mofsimplify_solvent_test_00297_QOKCID"",""mofsimplify_solvent_test_00298_QUBWIU"",""mofsimplify_solvent_test_00407_XOGXAU"",""mofsimplify_solvent_val_00076_FATQID""]",True,full_batch,5,0,5,3,0.59999999999999998,8.415972,0.35646499999999998,3.6252070000000001,0.54355900000000001,0
12,4,86,98,cost_only,none,random_baseline,5,,2.3989165637663223,"[""mofsimplify_solvent_val_00281_UJEFOE01"",""mofsimplify_solvent_val_00285_UNABIV"",""mofsimplify_solvent_test_00221_MOYYIJ"",""mofsimplify_solvent_test_00435_ZISFEO"",""mofsimplify_solvent_val_00034_COPXOV""]",True,full_batch,5,0,5,3,0.59999999999999998,7.6450570000000004,0.39240999999999998,3.7808310000000001,0.47799900000000001,0
12,5,86,98,cost_only,none,random_baseline,5,,2.3989165637663223,"[""mofsimplify_solvent_test_00325_SARNOQ"",""mofsimplify_solvent_val_00335_YEKXUJ"",""mofsimplify_solvent_test_00146_ICITEU"",""mofsimplify_solvent_val_00056_EBUREA"",""mofsimplify_solvent_test_00016_AVIPOL""]",True,full_batch,5,0,5,3,0.59999999999999998,7.6361049999999997,0.39287,3.5928710000000001,0.54997399999999996,0
12,6,86,98,cost_only,none,random_baseline,5,,2.3989165637663223,"[""mofsimplify_solvent_val_00174_MONQIR"",""mofsimplify_solvent_test_00405_XICYAL"",""mofsimplify_solvent_val_00335_YEKXUJ"",""mofsimplify_solvent_val_00162_LUJBAV"",""mofsimplify_solvent_test_00327_SERWAP""]",True,full_batch,5,0,5,2,0.40000000000000002,7.8929510000000001,0.25339099999999998,3.6140180000000002,0.54081500000000005,0
12,7,86,98,cost_only,none,random_baseline,5,,2.3989165637663223,"[""mofsimplify_solvent_val_00034_COPXOV"",""mofsimplify_solvent_test_00186_KIYMIP"",""mofsimplify_solvent_test_00325_SARNOQ"",""mofsimplify_solvent_val_00076_FATQID"",""mofsimplify_solvent_test_00021_BADYAJ""]",True,full_batch,5,0,5,5,1,7.799423,0.641073,3.5524179999999999,0.55423,0
12,8,86,98,cost_only,none,random_baseline,5,,2.3989165637663223,"[""mofsimplify_solvent_test_00280_POMMAH"",""mofsimplify_solvent_test_00034_BOWNUY"",""mofsimplify_solvent_val_00100_GUPBEZ02"",""mofsimplify_solvent_val_00180_NATHUO"",""mofsimplify_solvent_test_00138_HOVGIK""]",True,full_batch,5,0,5,5,1,11.320361,0.44168200000000002,3.715576,0.50236599999999998,0
12,9,86,98,cost_only,none,random_baseline,5,,2.3989165637663223,"[""mofsimplify_solvent_val_00200_OMAMEU"",""mofsimplify_solvent_val_00081_FIFNUE"",""mofsimplify_solvent_test_00186_KIYMIP"",""mofsimplify_solvent_test_00146_ICITEU"",""mofsimplify_solvent_test_00252_OGAXUR""]",True,full_batch,5,0,5,3,0.59999999999999998,8.0514060000000001,0.37260599999999999,3.7100070000000001,0.49723600000000001,0
13,,86,97,cost_only,none,top_score,5,,2.3989165637663223,"[""mofsimplify_solvent_test_00036_BUPVEP"",""mofsimplify_solvent_test_00015_AVILEY"",""mofsimplify_solvent_test_00146_ICITEU"",""mofsimplify_solvent_test_00004_ACOLOV"",""mofsimplify_solvent_val_00102_HADQUA""]",True,full_batch,5,0,5,3,0.59999999999999998,9.2376140000000007,0.32475900000000002,3.2532079999999999,0.63838600000000001,0.25
13,,86,97,cost_only,none,uncertainty,5,,2.3989165637663223,"[""mofsimplify_solvent_test_00206_LUYSEF"",""mofsimplify_solvent_val_00072_EXAXAE"",""mofsimplify_solvent_test_00073_DUPVER"",""mofsimplify_solvent_val_00177_MOYYEF"",""mofsimplify_solvent_test_00105_FUYCIN""]",True,full_batch,5,0,5,4,0.80000000000000004,7.8220179999999999,0.51137699999999997,3.7468370000000002,0.50122800000000001,0.25
13,,86,97,cost_only,none,cost_aware,5,,2.3989165637663223,"[""mofsimplify_solvent_test_00431_ZASJAG"",""mofsimplify_solvent_val_00348_ZUQMAB"",""mofsimplify_solvent_test_00384_WILHIK"",""mofsimplify_solvent_test_00146_ICITEU"",""mofsimplify_solvent_val_00219_PAMHIW""]",True,full_batch,5,0,5,3,0.59999999999999998,7.0757019999999997,0.42398599999999997,3.5142180000000001,0.57483399999999996,0.66666666666666663
13,,86,97,cost_only,none,portfolio_batch,5,,2.3989165637663223,"[""mofsimplify_solvent_test_00146_ICITEU"",""mofsimplify_solvent_test_00036_BUPVEP"",""mofsimplify_solvent_test_00015_AVILEY"",""mofsimplify_solvent_val_00219_PAMHIW"",""mofsimplify_solvent_test_00431_ZASJAG""]",True,full_batch,5,0,5,3,0.59999999999999998,8.4142100000000006,0.35654000000000002,3.2962280000000002,0.62677899999999998,0.25
13,0,86,97,cost_only,none,random_baseline,5,,2.3989165637663223,"[""mofsimplify_solvent_val_00219_PAMHIW"",""mofsimplify_solvent_val_00318_XADDAJ"",""mofsimplify_solvent_val_00058_ECEZAO01"",""mofsimplify_solvent_test_00016_AVIPOL"",""mofsimplify_solvent_test_00044_CAYKEU""]",True,full_batch,5,0,5,2,0.40000000000000002,7.3247169999999997,0.27304800000000001,3.6573500000000001,0.529802,0
13,1,86,97,cost_only,none,random_baseline,5,,2.3989165637663223,"[""mofsimplify_solvent_val_00225_POZHUI"",""mofsimplify_solvent_test_00016_AVIPOL"",""mofsimplify_solvent_test_00206_LUYSEF"",""mofsimplify_solvent_test_00288_QERWAL"",""mofsimplify_solvent_val_00219_PAMHIW""]",True,full_batch,5,0,5,1,0.20000000000000001,7.4945019999999998,0.13343099999999999,3.6980900000000001,0.51658700000000002,0
13,2,86,97,cost_only,none,random_baseline,5,,2.3989165637663223,"[""mofsimplify_solvent_test_00221_MOYYIJ"",""mofsimplify_solvent_test_00253_OGECOU"",""mofsimplify_solvent_test_00352_UBOGAV"",""mofsimplify_solvent_test_00036_BUPVEP"",""mofsimplify_solvent_val_00219_PAMHIW""]",True,full_batch,5,0,5,3,0.59999999999999998,8.2151899999999998,0.36517699999999997,3.5574340000000002,0.552346,0
13,3,86,97,cost_only,none,random_baseline,5,,2.3989165637663223,"[""mofsimplify_solvent_test_00146_ICITEU"",""mofsimplify_solvent_val_00281_UJEFOE01"",""mofsimplify_solvent_val_00269_TEYLIU"",""mofsimplify_solvent_val_00210_OVIWIA"",""mofsimplify_solvent_test_00264_OQETEK""]",True,full_batch,5,0,5,4,0.80000000000000004,8.2598520000000004,0.48426999999999998,3.6902270000000001,0.50754900000000003,0
13,4,86,97,cost_only,none,random_baseline,5,,2.3989165637663223,"[""mofsimplify_solvent_test_00384_WILHIK"",""mofsimplify_solvent_test_00431_ZASJAG"",""mofsimplify_solvent_test_00058_CUYHIO"",""mofsimplify_solvent_test_00040_CAHQOS"",""mofsimplify_solvent_val_00161_LIXWEV""]",True,full_batch,5,0,5,4,0.80000000000000004,8.2843149999999994,0.48283999999999999,3.758578,0.48198200000000002,0
13,5,86,97,cost_only,none,random_baseline,5,,2.3989165637663223,"[""mofsimplify_solvent_test_00029_BIDPOV"",""mofsimplify_solvent_test_00037_BUSQEM"",""mofsimplify_solvent_test_00003_ACOLIP"",""mofsimplify_solvent_test_00361_UQOWUU"",""mofsimplify_solvent_test_00433_ZIJVAR""]",True,full_batch,5,0,5,4,0.80000000000000004,8.0052780000000006,0.49967,3.728872,0.50666699999999998,0.1111111111111111
13,6,86,97,cost_only,none,random_baseline,5,,2.3989165637663223,"[""mofsimplify_solvent_test_00045_CEFLEF"",""mofsimplify_solvent_val_00081_FIFNUE"",""mofsimplify_solvent_test_00371_VEHPUU"",""mofsimplify_solvent_test_00206_LUYSEF"",""mofsimplify_solvent_val_00219_PAMHIW""]",True,full_batch,5,0,5,3,0.59999999999999998,7.7537929999999999,0.386907,3.7404470000000001,0.49333300000000002,0
13,7,86,97,cost_only,none,random_baseline,5,,2.3989165637663223,"[""mofsimplify_solvent_val_00278_UDEPIE"",""mofsimplify_solvent_test_00388_WOJJOV"",""mofsimplify_solvent_val_00038_DAMYOI"",""mofsimplify_solvent_val_00102_HADQUA"",""mofsimplify_solvent_val_00335_YEKXUJ""]",True,full_batch,5,0,5,3,0.59999999999999998,8.2360410000000002,0.36425299999999999,3.6671719999999999,0.52481199999999995,0
13,8,86,97,cost_only,none,random_baseline,5,,2.3989165637663223,"[""mofsimplify_solvent_test_00041_CANYIB"",""mofsimplify_solvent_val_00161_LIXWEV"",""mofsimplify_solvent_test_00016_AVIPOL"",""mofsimplify_solvent_test_00196_LEDPIU"",""mofsimplify_solvent_val_00225_POZHUI""]",True,full_batch,5,0,5,2,0.40000000000000002,8.4362510000000004,0.237072,3.74871,0.49202499999999999,0
13,9,86,97,cost_only,none,random_baseline,5,,2.3989165637663223,"[""mofsimplify_solvent_test_00093_EWESAC"",""mofsimplify_solvent_test_00004_ACOLOV"",""mofsimplify_solvent_val_00348_ZUQMAB"",""mofsimplify_solvent_val_00335_YEKXUJ"",""mofsimplify_solvent_val_00177_MOYYEF""]",True,full_batch,5,0,5,4,0.80000000000000004,7.8015759999999998,0.51271699999999998,3.6424859999999999,0.53568499999999997,0
14,,86,96,cost_only,none,top_score,5,,2.3989165637663223,"[""mofsimplify_solvent_val_00290_VACLIX"",""mofsimplify_solvent_test_00021_BADYAJ"",""mofsimplify_solvent_test_00257_OKUSUK"",""mofsimplify_solvent_test_00259_OKUTEV"",""mofsimplify_solvent_test_00153_INIXOT""]",True,full_batch,5,0,5,3,0.59999999999999998,10.622638,0.282416,3.1311930000000001,0.66439700000000002,0.42857142857142855
14,,86,96,cost_only,none,uncertainty,5,,2.3989165637663223,"[""mofsimplify_solvent_test_00206_LUYSEF"",""mofsimplify_solvent_test_00306_RAHMAP"",""mofsimplify_solvent_test_00073_DUPVER"",""mofsimplify_solvent_val_00177_MOYYEF"",""mofsimplify_solvent_val_00034_COPXOV""]",True,full_batch,5,0,5,4,0.80000000000000004,7.3338229999999998,0.54541799999999996,3.7467790000000001,0.50124999999999997,0.25
14,,86,96,cost_only,none,cost_aware,5,,2.3989165637663223,"[""mofsimplify_solvent_val_00348_ZUQMAB"",""mofsimplify_solvent_test_00075_EBIJAC"",""mofsimplify_solvent_test_00384_WILHIK"",""mofsimplify_solvent_val_00219_PAMHIW"",""mofsimplify_solvent_test_00413_XUYXAR""]",True,full_batch,5,0,5,4,0.80000000000000004,6.8272110000000001,0.58589100000000005,3.6020150000000002,0.55074800000000002,0.42857142857142855
14,,86,96,cost_only,none,portfolio_batch,5,,2.3989165637663223,"[""mofsimplify_solvent_test_00021_BADYAJ"",""mofsimplify_solvent_val_00290_VACLIX"",""mofsimplify_solvent_val_00219_PAMHIW"",""mofsimplify_solvent_test_00384_WILHIK"",""mofsimplify_solvent_test_00075_EBIJAC""]",True,full_batch,5,0,5,4,0.80000000000000004,8.1243870000000005,0.49234499999999998,3.3147350000000002,0.61895900000000004,0.25
14,0,86,96,cost_only,none,random_baseline,5,,2.3989165637663223,"[""mofsimplify_solvent_val_00038_DAMYOI"",""mofsimplify_solvent_test_00155_IYUROK"",""mofsimplify_solvent_test_00221_MOYYIJ"",""mofsimplify_solvent_val_00013_AVIPAX"",""mofsimplify_solvent_val_00102_HADQUA""]",True,full_batch,5,0,5,1,0.20000000000000001,7.7254699999999996,0.129442,3.659977,0.52918600000000005,0
14,1,86,96,cost_only,none,random_baseline,5,,2.3989165637663223,"[""mofsimplify_solvent_test_00335_TACJIS"",""mofsimplify_solvent_val_00058_ECEZAO01"",""mofsimplify_solvent_val_00161_LIXWEV"",""mofsimplify_solvent_test_00137_HOMRIL"",""mofsimplify_solvent_val_00145_KILJEV""]",True,full_batch,5,0,5,3,0.59999999999999998,8.946987,0.33530799999999999,3.8138019999999999,0.46563599999999999,0
14,2,86,96,cost_only,none,random_baseline,5,,2.3989165637663223,"[""mofsimplify_solvent_test_00326_SEGBIR"",""mofsimplify_solvent_test_00095_EYULOA"",""mofsimplify_solvent_test_00384_WILHIK"",""mofsimplify_solvent_test_00136_HELDOT"",""mofsimplify_solvent_val_00145_KILJEV""]",True,full_batch,5,0,5,3,0.59999999999999998,7.7045209999999997,0.38938200000000001,3.6885539999999999,0.51771,0
14,3,86,96,cost_only,none,random_baseline,5,,2.3989165637663223,"[""mofsimplify_solvent_test_00003_ACOLIP"",""mofsimplify_solvent_test_00061_DAMYUO"",""mofsimplify_solvent_test_00125_GUVCOP"",""mofsimplify_solvent_test_00306_RAHMAP"",""mofsimplify_solvent_val_00180_NATHUO""]",True,full_batch,5,0,5,3,0.59999999999999998,7.3816079999999999,0.406416,3.7510330000000001,0.49308400000000002,0
14,4,86,96,cost_only,none,random_baseline,5,,2.3989165637663223,"[""mofsimplify_solvent_test_00095_EYULOA"",""mofsimplify_solvent_test_00283_QAKFIU"",""mofsimplify_solvent_val_00180_NATHUO"",""mofsimplify_solvent_val_00260_SEVLEM"",""mofsimplify_solvent_test_00206_LUYSEF""]",True,full_batch,5,0,5,4,0.80000000000000004,9.3808900000000008,0.42639899999999997,3.672612,0.52515999999999996,0
14,5,86,96,cost_only,none,random_baseline,5,,2.3989165637663223,"[""mofsimplify_solvent_val_00332_YARBUQ"",""mofsimplify_solvent_test_00433_ZIJVAR"",""mofsimplify_solvent_test_00142_HUWLUI"",""mofsimplify_solvent_test_00390_WORREC"",""mofsimplify_solvent_test_00221_MOYYIJ""]",True,full_batch,5,0,5,2,0.40000000000000002,8.9222599999999996,0.224158,3.7880720000000001,0.48269699999999999,0
14,6,86,96,cost_only,none,random_baseline,5,,2.3989165637663223,"[""mofsimplify_solvent_val_00145_KILJEV"",""mofsimplify_solvent_test_00061_DAMYUO"",""mofsimplify_solvent_val_00090_GARQAU"",""mofsimplify_solvent_test_00325_SARNOQ"",""mofsimplify_solvent_test_00246_OCAWAT""]",True,full_batch,5,0,5,2,0.40000000000000002,8.9622589999999995,0.223158,3.757177,0.49369200000000002,0
14,7,86,96,cost_only,none,random_baseline,5,,2.3989165637663223,"[""mofsimplify_solvent_val_00058_ECEZAO01"",""mofsimplify_solvent_val_00102_HADQUA"",""mofsimplify_solvent_test_00414_YARBAW"",""mofsimplify_solvent_test_00411_XUVQOW"",""mofsimplify_solvent_val_00219_PAMHIW""]",True,full_batch,5,0,5,2,0.40000000000000002,7.5071289999999999,0.26641300000000001,3.6393710000000001,0.53528299999999995,0
14,8,86,96,cost_only,none,random_baseline,5,,2.3989165637663223,"[""mofsimplify_solvent_test_00125_GUVCOP"",""mofsimplify_solvent_val_00177_MOYYEF"",""mofsimplify_solvent_val_00284_UMOKIS"",""mofsimplify_solvent_test_00178_KIDXUR"",""mofsimplify_solvent_test_00034_BOWNUY""]",True,full_batch,5,0,5,2,0.40000000000000002,7.5496619999999997,0.26491300000000001,3.7483300000000002,0.49305900000000003,0
14,9,86,96,cost_only,none,random_baseline,5,,2.3989165637663223,"[""mofsimplify_solvent_test_00413_XUYXAR"",""mofsimplify_solvent_test_00356_ULASAD"",""mofsimplify_solvent_test_00316_RIWMUH"",""mofsimplify_solvent_test_00232_NALYEG"",""mofsimplify_solvent_val_00316_WUSLED""]",True,full_batch,5,0,5,5,1,9.1810829999999992,0.54459800000000003,3.791506,0.45164399999999999,0
15,,86,97,cost_only,none,top_score,5,,2.3989165637663223,"[""mofsimplify_solvent_val_00290_VACLIX"",""mofsimplify_solvent_test_00036_BUPVEP"",""mofsimplify_solvent_test_00161_JEJWOL"",""mofsimplify_solvent_test_00123_GUKYUI"",""mofsimplify_solvent_test_00381_WAQQUB""]",True,full_batch,5,0,5,5,1,10.172252,0.491533,3.2425160000000002,0.63841400000000004,0.25
15,,86,97,cost_only,none,uncertainty,5,,2.3989165637663223,"[""mofsimplify_solvent_test_00206_LUYSEF"",""mofsimplify_solvent_val_00072_EXAXAE"",""mofsimplify_solvent_test_00138_HOVGIK"",""mofsimplify_solvent_val_00177_MOYYEF"",""mofsimplify_solvent_val_00149_KIYJAF""]",True,full_batch,5,0,5,4,0.80000000000000004,7.309723,0.54721600000000004,3.754756,0.49806899999999998,0.25
15,,86,97,cost_only,none,cost_aware,5,,2.3989165637663223,"[""mofsimplify_solvent_val_00219_PAMHIW"",""mofsimplify_solvent_test_00407_XOGXAU"",""mofsimplify_solvent_test_00139_YUBQET"",""mofsimplify_solvent_test_00138_HOVGIK"",""mofsimplify_solvent_val_00162_LUJBAV""]",True,full_batch,5,0,5,2,0.40000000000000002,6.8162430000000001,0.29341699999999998,3.6422279999999998,0.53675600000000001,0
15,,86,97,cost_only,none,portfolio_batch,5,,2.3989165637663223,"[""mofsimplify_solvent_val_00290_VACLIX"",""mofsimplify_solvent_test_00036_BUPVEP"",""mofsimplify_solvent_val_00219_PAMHIW"",""mofsimplify_solvent_test_00407_XOGXAU"",""mofsimplify_solvent_val_00261_SIYXIH10""]",True,full_batch,5,0,5,2,0.40000000000000002,8.4133110000000002,0.23771900000000001,3.3159360000000002,0.61986399999999997,0.25
15,0,86,97,cost_only,none,random_baseline,5,,2.3989165637663223,"[""mofsimplify_solvent_test_00376_VUMCEM"",""mofsimplify_solvent_test_00387_WOHZAU"",""mofsimplify_solvent_val_00149_KIYJAF"",""mofsimplify_solvent_val_00318_XADDAJ"",""mofsimplify_solvent_val_00285_UNABIV""]",True,full_batch,5,0,5,3,0.59999999999999998,7.7899589999999996,0.38511099999999998,3.7428249999999998,0.48969000000000001,0
15,1,86,97,cost_only,none,random_baseline,5,,2.3989165637663223,"[""mofsimplify_solvent_test_00411_XUVQOW"",""mofsimplify_solvent_val_00210_OVIWIA"",""mofsimplify_solvent_test_00002_ACOLEL"",""mofsimplify_solvent_test_00178_KIDXUR"",""mofsimplify_solvent_val_00335_YEKXUJ""]",True,full_batch,5,0,5,4,0.80000000000000004,8.0566639999999996,0.49648300000000001,3.7496649999999998,0.49338599999999999,0
15,2,86,97,cost_only,none,random_baseline,5,,2.3989165637663223,"[""mofsimplify_solvent_test_00252_OGAXUR"",""mofsimplify_solvent_test_00196_LEDPIU"",""mofsimplify_solvent_val_00082_FIFPAM"",""mofsimplify_solvent_val_00261_SIYXIH10"",""mofsimplify_solvent_val_00290_VACLIX""]",True,full_batch,5,0,5,4,0.80000000000000004,8.2730029999999992,0.48349999999999999,3.570862,0.53830800000000001,0
15,3,86,97,cost_only,none,random_baseline,5,,2.3989165637663223,"[""mofsimplify_solvent_test_00283_QAKFIU"",""mofsimplify_solvent_test_00411_XUVQOW"",""mofsimplify_solvent_val_00238_QOPPOC"",""mofsimplify_solvent_test_00178_KIDXUR"",""mofsimplify_solvent_test_00123_GUKYUI""]",True,full_batch,5,0,5,3,0.59999999999999998,8.1185179999999999,0.36952600000000002,3.7240009999999999,0.49947399999999997,0
15,4,86,97,cost_only,none,random_baseline,5,,2.3989165637663223,"[""mofsimplify_solvent_val_00319_XADDOX"",""mofsimplify_solvent_val_00285_UNABIV"",""mofsimplify_solvent_val_00333_YEGKOM"",""mofsimplify_solvent_test_00412_XUWKEH"",""mofsimplify_solvent_test_00104_FUYCEJ""]",True,full_batch,5,0,5,3,0.59999999999999998,8.3134409999999992,0.36086099999999999,3.8396750000000002,0.42331000000000002,0
15,5,86,97,cost_only,none,random_baseline,5,,2.3989165637663223,"[""mofsimplify_solvent_val_00219_PAMHIW"",""mofsimplify_solvent_test_00003_ACOLIP"",""mofsimplify_solvent_test_00283_QAKFIU"",""mofsimplify_solvent_test_00226_MUTNAQ"",""mofsimplify_solvent_val_00162_LUJBAV""]",True,full_batch,5,0,5,2,0.40000000000000002,7.298724,0.27401999999999999,3.6989640000000001,0.51599700000000004,0
15,6,86,97,cost_only,none,random_baseline,5,,2.3989165637663223,"[""mofsimplify_solvent_test_00232_NALYEG"",""mofsimplify_solvent_test_00138_HOVGIK"",""mofsimplify_solvent_val_00100_GUPBEZ02"",""mofsimplify_solvent_test_00178_KIDXUR"",""mofsimplify_solvent_test_00352_UBOGAV""]",True,full_batch,5,0,5,4,0.80000000000000004,11.920192,0.335565,3.8214419999999998,0.45859699999999998,0
15,7,86,97,cost_only,none,random_baseline,5,,2.3989165637663223,"[""mofsimplify_solvent_val_00319_XADDOX"",""mofsimplify_solvent_test_00218_MITGUR01"",""mofsimplify_solvent_test_00123_GUKYUI"",""mofsimplify_solvent_test_00289_QEYWUN"",""mofsimplify_solvent_test_00125_GUVCOP""]",True,full_batch,5,0,5,2,0.40000000000000002,8.2855679999999996,0.24138399999999999,3.6912940000000001,0.51266100000000003,0
15,8,86,97,cost_only,none,random_baseline,5,,2.3989165637663223,"[""mofsimplify_solvent_test_00387_WOHZAU"",""mofsimplify_solvent_val_00210_OVIWIA"",""mofsimplify_solvent_test_00352_UBOGAV"",""mofsimplify_solvent_test_00094_EXEWIO"",""mofsimplify_solvent_test_00061_DAMYUO""]",True,full_batch,5,0,5,4,0.80000000000000004,8.1506720000000001,0.490757,3.7944019999999998,0.47479300000000002,0
15,9,86,97,cost_only,none,random_baseline,5,,2.3989165637663223,"[""mofsimplify_solvent_test_00388_WOJJOV"",""mofsimplify_solvent_val_00162_LUJBAV"",""mofsimplify_solvent_test_00283_QAKFIU"",""mofsimplify_solvent_val_00099_GUKFEY"",""mofsimplify_solvent_val_00210_OVIWIA""]",True,full_batch,5,0,5,2,0.40000000000000002,8.3210999999999995,0.24035300000000001,3.7757459999999998,0.48191299999999998,0
16,,86,97,cost_only,none,top_score,5,,2.3989165637663223,"[""mofsimplify_solvent_test_00036_BUPVEP"",""mofsimplify_solvent_test_00015_AVILEY"",""mofsimplify_solvent_test_00257_OKUSUK"",""mofsimplify_solvent_test_00259_OKUTEV"",""mofsimplify_solvent_val_00102_HADQUA""]",True,full_batch,5,0,5,2,0.40000000000000002,10.193778,0.19619800000000001,3.1877499999999999,0.65305500000000005,0.42857142857142855
16,,86,97,cost_only,none,uncertainty,5,,2.3989165637663223,"[""mofsimplify_solvent_test_00206_LUYSEF"",""mofsimplify_solvent_val_00343_ZAHLEC"",""mofsimplify_solvent_test_00138_HOVGIK"",""mofsimplify_solvent_test_00073_DUPVER"",""mofsimplify_solvent_val_00149_KIYJAF""]",True,full_batch,5,0,5,4,0.80000000000000004,7.325787,0.54601599999999995,3.7517499999999999,0.499274,0.25
16,,86,97,cost_only,none,cost_aware,5,,2.3989165637663223,"[""mofsimplify_solvent_test_00384_WILHIK"",""mofsimplify_solvent_val_00219_PAMHIW"",""mofsimplify_solvent_test_00407_XOGXAU"",""mofsimplify_solvent_test_00139_YUBQET"",""mofsimplify_solvent_test_00413_XUYXAR""]",True,full_batch,5,0,5,3,0.59999999999999998,6.86341,0.43709999999999999,3.60832,0.54819499999999999,0.1111111111111111
16,,86,97,cost_only,none,portfolio_batch,5,,2.3989165637663223,"[""mofsimplify_solvent_test_00036_BUPVEP"",""mofsimplify_solvent_test_00015_AVILEY"",""mofsimplify_solvent_val_00219_PAMHIW"",""mofsimplify_solvent_test_00384_WILHIK"",""mofsimplify_solvent_test_00407_XOGXAU""]",True,full_batch,5,0,5,3,0.59999999999999998,8.2815189999999994,0.36225200000000002,3.3517610000000002,0.612815,0.1111111111111111
16,0,86,97,cost_only,none,random_baseline,5,,2.3989165637663223,"[""mofsimplify_solvent_val_00315_WURNOO"",""mofsimplify_solvent_test_00002_ACOLEL"",""mofsimplify_solvent_test_00257_OKUSUK"",""mofsimplify_solvent_val_00174_MONQIR"",""mofsimplify_solvent_val_00175_MONWET""]",True,full_batch,5,0,5,3,0.59999999999999998,8.3354710000000001,0.35990800000000001,3.6448109999999998,0.52254199999999995,0.1111111111111111
16,1,86,97,cost_only,none,random_baseline,5,,2.3989165637663223,"[""mofsimplify_solvent_test_00137_HOMRIL"",""mofsimplify_solvent_val_00343_ZAHLEC"",""mofsimplify_solvent_val_00191_NUNCEG"",""mofsimplify_solvent_test_00002_ACOLEL"",""mofsimplify_solvent_val_00033_COJHIT""]",True,full_batch,5,0,5,2,0.40000000000000002,9.0845179999999992,0.22015499999999999,3.749682,0.498695,0
16,2,86,97,cost_only,none,random_baseline,5,,2.3989165637663223,"[""mofsimplify_solvent_val_00059_EDIKIL"",""mofsimplify_solvent_test_00155_IYUROK"",""mofsimplify_solvent_val_00031_CAWZUX"",""mofsimplify_solvent_val_00180_NATHUO"",""mofsimplify_solvent_test_00073_DUPVER""]",True,full_batch,5,0,5,4,0.80000000000000004,8.4151679999999995,0.47533199999999998,3.7713570000000001,0.489095,0
16,3,86,97,cost_only,none,random_baseline,5,,2.3989165637663223,"[""mofsimplify_solvent_test_00361_UQOWUU"",""mofsimplify_solvent_val_00281_UJEFOE01"",""mofsimplify_solvent_test_00384_WILHIK"",""mofsimplify_solvent_test_00038_BUSQIQ"",""mofsimplify_solvent_val_00271_TIXCIO""]",True,full_batch,5,0,5,5,1,8.2517890000000005,0.60592900000000005,3.6427700000000001,0.53755900000000001,0
16,4,86,97,cost_only,none,random_baseline,5,,2.3989165637663223,"[""mofsimplify_solvent_val_00118_IPIHIA"",""mofsimplify_solvent_test_00083_ENOSAD"",""mofsimplify_solvent_val_00284_UMOKIS"",""mofsimplify_solvent_test_00252_OGAXUR"",""mofsimplify_solvent_test_00283_QAKFIU""]",True,full_batch,5,0,5,3,0.59999999999999998,7.5140729999999998,0.39925100000000002,3.7874509999999999,0.48327999999999999,0
16,5,86,97,cost_only,none,random_baseline,5,,2.3989165637663223,"[""mofsimplify_solvent_test_00387_WOHZAU"",""mofsimplify_solvent_val_00097_GIXGOK"",""mofsimplify_solvent_val_00175_MONWET"",""mofsimplify_solvent_val_00343_ZAHLEC"",""mofsimplify_solvent_test_00196_LEDPIU""]",True,full_batch,5,0,5,2,0.40000000000000002,8.1446740000000002,0.245559,3.7224910000000002,0.50412800000000002,0.1111111111111111
16,6,86,97,cost_only,none,random_baseline,5,,2.3989165637663223,"[""mofsimplify_solvent_val_00258_SENVIR"",""mofsimplify_solvent_val_00191_NUNCEG"",""mofsimplify_solvent_test_00008_AMOYOR"",""mofsimplify_solvent_val_00239_QOXFIU"",""mofsimplify_solvent_val_00318_XADDAJ""]",True,full_batch,5,0,5,1,0.20000000000000001,9.5609210000000004,0.104592,3.7285940000000002,0.50267300000000004,0
16,7,86,97,cost_only,none,random_baseline,5,,2.3989165637663223,"[""mofsimplify_solvent_test_00053_COTVOY"",""mofsimplify_solvent_val_00139_KAVTUY"",""mofsimplify_solvent_val_00013_AVIPAX"",""mofsimplify_solvent_val_00059_EDIKIL"",""mofsimplify_solvent_test_00361_UQOWUU""]",True,full_batch,5,0,5,4,0.80000000000000004,8.6238689999999991,0.46382899999999999,3.7819159999999998,0.47195599999999999,0
16,8,86,97,cost_only,none,random_baseline,5,,2.3989165637663223,"[""mofsimplify_solvent_test_00196_LEDPIU"",""mofsimplify_solvent_test_00388_WOJJOV"",""mofsimplify_solvent_test_00010_ANEHEI"",""mofsimplify_solvent_val_00258_SENVIR"",""mofsimplify_solvent_test_00244_NIRDAT""]",True,full_batch,5,0,5,3,0.59999999999999998,8.0793990000000004,0.37131500000000001,3.6887989999999999,0.51624700000000001,0
16,9,86,97,cost_only,none,random_baseline,5,,2.3989165637663223,"[""mofsimplify_solvent_test_00387_WOHZAU"",""mofsimplify_solvent_test_00196_LEDPIU"",""mofsimplify_solvent_test_00244_NIRDAT"",""mofsimplify_solvent_test_00138_HOVGIK"",""mofsimplify_solvent_val_00118_IPIHIA""]",True,full_batch,5,0,5,4,0.80000000000000004,7.7442029999999997,0.51651499999999995,3.7735590000000001,0.486765,0
17,,86,99,cost_only,none,top_score,5,,2.3989165637663223,"[""mofsimplify_solvent_val_00290_VACLIX"",""mofsimplify_solvent_test_00021_BADYAJ"",""mofsimplify_solvent_test_00015_AVILEY"",""mofsimplify_solvent_test_00327_SERWAP"",""mofsimplify_solvent_test_00161_JEJWOL""]",True,full_batch,5,0,5,4,0.80000000000000004,9.8395620000000008,0.40652199999999999,3.0948000000000002,0.67240900000000003,0.42857142857142855
17,,86,99,cost_only,none,uncertainty,5,,2.3989165637663223,"[""mofsimplify_solvent_test_00186_KIYMIP"",""mofsimplify_solvent_test_00306_RAHMAP"",""mofsimplify_solvent_test_00105_FUYCIN"",""mofsimplify_solvent_val_00034_COPXOV"",""mofsimplify_solvent_val_00344_ZALMIL""]",True,full_batch,5,0,5,5,1,7.2626720000000002,0.68845199999999995,3.746915,0.50117999999999996,0.25
17,,86,99,cost_only,none,cost_aware,5,,2.3989165637663223,"[""mofsimplify_solvent_test_00384_WILHIK"",""mofsimplify_solvent_val_00219_PAMHIW"",""mofsimplify_solvent_test_00407_XOGXAU"",""mofsimplify_solvent_val_00315_WURNOO"",""mofsimplify_solvent_val_00013_AVIPAX""]",True,full_batch,5,0,5,2,0.40000000000000002,6.9981879999999999,0.28578799999999999,3.5855269999999999,0.55605199999999999,0.1111111111111111
17,,86,99,cost_only,none,portfolio_batch,5,,2.3989165637663223,"[""mofsimplify_solvent_test_00021_BADYAJ"",""mofsimplify_solvent_val_00290_VACLIX"",""mofsimplify_solvent_test_00327_SERWAP"",""mofsimplify_solvent_test_00015_AVILEY"",""mofsimplify_solvent_val_00219_PAMHIW""]",True,full_batch,5,0,5,3,0.59999999999999998,9.1744900000000005,0.32699400000000001,3.1509140000000002,0.65873099999999996,0.42857142857142855
17,0,86,99,cost_only,none,random_baseline,5,,2.3989165637663223,"[""mofsimplify_solvent_val_00150_KOMHAW"",""mofsimplify_solvent_test_00412_XUWKEH"",""mofsimplify_solvent_test_00104_FUYCEJ"",""mofsimplify_solvent_val_00284_UMOKIS"",""mofsimplify_solvent_test_00238_NEGZUW""]",True,full_batch,5,0,5,4,0.80000000000000004,8.3459219999999998,0.47927599999999998,3.837555,0.43521599999999999,0
17,1,86,99,cost_only,none,random_baseline,5,,2.3989165637663223,"[""mofsimplify_solvent_val_00219_PAMHIW"",""mofsimplify_solvent_val_00344_ZALMIL"",""mofsimplify_solvent_test_00390_WORREC"",""mofsimplify_solvent_val_00097_GIXGOK"",""mofsimplify_solvent_test_00246_OCAWAT""]",True,full_batch,5,0,5,3,0.59999999999999998,8.8263060000000007,0.339893,3.6890309999999999,0.51700199999999996,0
17,2,86,99,cost_only,none,random_baseline,5,,2.3989165637663223,"[""mofsimplify_solvent_test_00289_QEYWUN"",""mofsimplify_solvent_test_00153_INIXOT"",""mofsimplify_solvent_val_00150_KOMHAW"",""mofsimplify_solvent_test_00065_DIKJUD"",""mofsimplify_solvent_test_00384_WILHIK""]",True,full_batch,5,0,5,4,0.80000000000000004,8.3714519999999997,0.47781400000000002,3.6470530000000001,0.53047299999999997,0
17,3,86,99,cost_only,none,random_baseline,5,,2.3989165637663223,"[""mofsimplify_solvent_test_00387_WOHZAU"",""mofsimplify_solvent_test_00252_OGAXUR"",""mofsimplify_solvent_test_00232_NALYEG"",""mofsimplify_solvent_test_00015_AVILEY"",""mofsimplify_solvent_test_00371_VEHPUU""]",True,full_batch,5,0,5,4,0.80000000000000004,8.9002990000000004,0.44942300000000002,3.6526670000000001,0.51592499999999997,0
17,4,86,99,cost_only,none,random_baseline,5,,2.3989165637663223,"[""mofsimplify_solvent_test_00004_ACOLOV"",""mofsimplify_solvent_test_00435_ZISFEO"",""mofsimplify_solvent_val_00210_OVIWIA"",""mofsimplify_solvent_test_00253_OGECOU"",""mofsimplify_solvent_test_00045_CEFLEF""]",True,full_batch,5,0,5,4,0.80000000000000004,8.9334340000000001,0.44775599999999999,3.7057099999999998,0.50568599999999997,0
17,5,86,99,cost_only,none,random_baseline,5,,2.3989165637663223,"[""mofsimplify_solvent_test_00387_WOHZAU"",""mofsimplify_solvent_test_00016_AVIPOL"",""mofsimplify_solvent_val_00277_UDEGIW"",""mofsimplify_solvent_val_00258_SENVIR"",""mofsimplify_solvent_test_00103_FUXXIH""]",True,full_batch,5,0,5,2,0.40000000000000002,7.4524010000000001,0.26837,3.6502240000000001,0.53512499999999996,0
17,6,86,99,cost_only,none,random_baseline,5,,2.3989165637663223,"[""mofsimplify_solvent_val_00150_KOMHAW"",""mofsimplify_solvent_val_00141_KEGZOL"",""mofsimplify_solvent_test_00407_XOGXAU"",""mofsimplify_solvent_test_00105_FUYCIN"",""mofsimplify_solvent_val_00102_HADQUA""]",True,full_batch,5,0,5,2,0.40000000000000002,8.3882589999999997,0.238428,3.6981839999999999,0.479049,0
17,7,86,99,cost_only,none,random_baseline,5,,2.3989165637663223,"[""mofsimplify_solvent_test_00253_OGECOU"",""mofsimplify_solvent_test_00201_LIFSEA"",""mofsimplify_solvent_test_00238_NEGZUW"",""mofsimplify_solvent_test_00003_ACOLIP"",""mofsimplify_solvent_test_00325_SARNOQ""]",True,full_batch,5,0,5,3,0.59999999999999998,8.1560480000000002,0.36782500000000001,3.6930580000000002,0.51683199999999996,0
17,8,86,99,cost_only,none,random_baseline,5,,2.3989165637663223,"[""mofsimplify_solvent_test_00186_KIYMIP"",""mofsimplify_solvent_test_00161_JEJWOL"",""mofsimplify_solvent_val_00334_YEKXOD"",""mofsimplify_solvent_test_00015_AVILEY"",""mofsimplify_solvent_val_00107_HIMSAY""]",True,full_batch,5,0,5,4,0.80000000000000004,8.4871949999999998,0.47129799999999999,3.5145339999999998,0.56302300000000005,0
17,9,86,99,cost_only,none,random_baseline,5,,2.3989165637663223,"[""mofsimplify_solvent_test_00103_FUXXIH"",""mofsimplify_solvent_test_00394_XADDUD"",""mofsimplify_solvent_val_00059_EDIKIL"",""mofsimplify_solvent_test_00021_BADYAJ"",""mofsimplify_solvent_val_00107_HIMSAY""]",True,full_batch,5,0,5,2,0.40000000000000002,8.0281929999999999,0.24912200000000001,3.581556,0.54040100000000002,0
18,,86,97,cost_only,none,top_score,5,,2.3989165637663223,"[""mofsimplify_solvent_val_00290_VACLIX"",""mofsimplify_solvent_test_00021_BADYAJ"",""mofsimplify_solvent_test_00036_BUPVEP"",""mofsimplify_solvent_test_00015_AVILEY"",""mofsimplify_solvent_test_00257_OKUSUK""]",True,full_batch,5,0,5,4,0.80000000000000004,10.142236,0.39439000000000002,3.036511,0.68424099999999999,1
18,,86,97,cost_only,none,uncertainty,5,,2.3989165637663223,"[""mofsimplify_solvent_test_00306_RAHMAP"",""mofsimplify_solvent_val_00149_KIYJAF"",""mofsimplify_solvent_test_00105_FUYCIN"",""mofsimplify_solvent_val_00034_COPXOV"",""mofsimplify_solvent_test_00264_OQETEK""]",True,full_batch,5,0,5,5,1,7.4204270000000001,0.67381599999999997,3.7437719999999999,0.50242900000000001,0.1111111111111111
18,,86,97,cost_only,none,cost_aware,5,,2.3989165637663223,"[""mofsimplify_solvent_val_00348_ZUQMAB"",""mofsimplify_solvent_test_00146_ICITEU"",""mofsimplify_solvent_val_00315_WURNOO"",""mofsimplify_solvent_val_00013_AVIPAX"",""mofsimplify_solvent_test_00093_EWESAC""]",True,full_batch,5,0,5,3,0.59999999999999998,6.9853829999999997,0.42946800000000002,3.5845470000000001,0.55283499999999997,0.25
18,,86,97,cost_only,none,portfolio_batch,5,,2.3989165637663223,"[""mofsimplify_solvent_test_00146_ICITEU"",""mofsimplify_solvent_test_00021_BADYAJ"",""mofsimplify_solvent_val_00290_VACLIX"",""mofsimplify_solvent_test_00036_BUPVEP"",""mofsimplify_solvent_test_00015_AVILEY""]",True,full_batch,5,0,5,4,0.80000000000000004,9.5569760000000006,0.41854200000000003,3.0588030000000002,0.67949199999999998,0.66666666666666663
18,0,86,97,cost_only,none,random_baseline,5,,2.3989165637663223,"[""mofsimplify_solvent_test_00054_COTVUE"",""mofsimplify_solvent_test_00264_OQETEK"",""mofsimplify_solvent_test_00388_WOJJOV"",""mofsimplify_solvent_val_00294_VAYWEZ"",""mofsimplify_solvent_test_00052_COTVIS""]",True,full_batch,5,0,5,4,0.80000000000000004,7.9677129999999998,0.50202599999999997,3.7768809999999999,0.48582599999999998,0
18,1,86,97,cost_only,none,random_baseline,5,,2.3989165637663223,"[""mofsimplify_solvent_test_00218_MITGUR01"",""mofsimplify_solvent_val_00033_COJHIT"",""mofsimplify_solvent_test_00021_BADYAJ"",""mofsimplify_solvent_test_00105_FUYCIN"",""mofsimplify_solvent_val_00348_ZUQMAB""]",True,full_batch,5,0,5,3,0.59999999999999998,8.1503940000000004,0.36808000000000002,3.5689250000000001,0.54829000000000006,0
18,2,86,97,cost_only,none,random_baseline,5,,2.3989165637663223,"[""mofsimplify_solvent_val_00269_TEYLIU"",""mofsimplify_solvent_test_00040_CAHQOS"",""mofsimplify_solvent_test_00238_NEGZUW"",""mofsimplify_solvent_val_00294_VAYWEZ"",""mofsimplify_solvent_val_00210_OVIWIA""]",True,full_batch,5,0,5,3,0.59999999999999998,9.0755289999999995,0.33055899999999999,3.857809,0.44633899999999999,0
18,3,86,97,cost_only,none,random_baseline,5,,2.3989165637663223,"[""mofsimplify_solvent_test_00264_OQETEK"",""mofsimplify_solvent_test_00095_EYULOA"",""mofsimplify_solvent_test_00217_MIBMER"",""mofsimplify_solvent_test_00021_BADYAJ"",""mofsimplify_solvent_val_00294_VAYWEZ""]",True,full_batch,5,0,5,4,0.80000000000000004,8.1975149999999992,0.48795300000000003,3.5622919999999998,0.54848699999999995,0
18,4,86,97,cost_only,none,random_baseline,5,,2.3989165637663223,"[""mofsimplify_solvent_test_00358_UMEKEE"",""mofsimplify_solvent_test_00363_UTOTUT"",""mofsimplify_solvent_test_00325_SARNOQ"",""mofsimplify_solvent_test_00306_RAHMAP"",""mofsimplify_solvent_val_00332_YARBUQ""]",True,full_batch,5,0,5,4,0.80000000000000004,7.3564829999999999,0.54373800000000005,3.7854429999999999,0.48333599999999999,0
18,5,86,97,cost_only,none,random_baseline,5,,2.3989165637663223,"[""mofsimplify_solvent_val_00295_VAYWID"",""mofsimplify_solvent_val_00285_UNABIV"",""mofsimplify_solvent_val_00107_HIMSAY"",""mofsimplify_solvent_test_00222_MUDLON"",""mofsimplify_solvent_test_00142_HUWLUI""]",True,full_batch,5,0,5,2,0.40000000000000002,9.4617540000000009,0.21137700000000001,3.7871199999999998,0.469754,0
18,6,86,97,cost_only,none,random_baseline,5,,2.3989165637663223,"[""mofsimplify_solvent_val_00058_ECEZAO01"",""mofsimplify_solvent_test_00246_OCAWAT"",""mofsimplify_solvent_test_00137_HOMRIL"",""mofsimplify_solvent_test_00363_UTOTUT"",""mofsimplify_solvent_test_00264_OQETEK""]",True,full_batch,5,0,5,5,1,8.7597539999999992,0.57079199999999997,3.7798430000000001,0.48724200000000001,0
18,7,86,97,cost_only,none,random_baseline,5,,2.3989165637663223,"[""mofsimplify_solvent_test_00188_KOMGUP"",""mofsimplify_solvent_val_00332_YARBUQ"",""mofsimplify_solvent_val_00161_LIXWEV"",""mofsimplify_solvent_val_00294_VAYWEZ"",""mofsimplify_solvent_test_00258_OKUTAR""]",True,full_batch,5,0,5,1,0.20000000000000001,8.8088709999999999,0.113522,3.7731029999999999,0.477989,0
18,8,86,97,cost_only,none,random_baseline,5,,2.3989165637663223,"[""mofsimplify_solvent_test_00142_HUWLUI"",""mofsimplify_solvent_test_00040_CAHQOS"",""mofsimplify_solvent_test_00065_DIKJUD"",""mofsimplify_solvent_test_00010_ANEHEI"",""mofsimplify_solvent_test_00093_EWESAC""]",True,full_batch,5,0,5,3,0.59999999999999998,9.4180829999999993,0.31853599999999999,3.7611729999999999,0.49078300000000002,0
18,9,86,97,cost_only,none,random_baseline,5,,2.3989165637663223,"[""mofsimplify_solvent_test_00214_MAYJOM"",""mofsimplify_solvent_test_00325_SARNOQ"",""mofsimplify_solvent_test_00093_EWESAC"",""mofsimplify_solvent_val_00033_COJHIT"",""mofsimplify_solvent_test_00412_XUWKEH""]",True,full_batch,5,0,5,3,0.59999999999999998,8.1145420000000001,0.36970700000000001,3.7379419999999999,0.47443299999999999,0
19,,86,94,cost_only,none,top_score,5,,2.3989165637663223,"[""mofsimplify_solvent_test_00021_BADYAJ"",""mofsimplify_solvent_test_00015_AVILEY"",""mofsimplify_solvent_test_00257_OKUSUK"",""mofsimplify_solvent_test_00259_OKUTEV"",""mofsimplify_solvent_test_00327_SERWAP""]",True,full_batch,5,0,5,2,0.40000000000000002,10.216851,0.19575500000000001,3.1341649999999999,0.665049,0.42857142857142855
19,,86,94,cost_only,none,uncertainty,5,,2.3989165637663223,"[""mofsimplify_solvent_test_00206_LUYSEF"",""mofsimplify_solvent_val_00343_ZAHLEC"",""mofsimplify_solvent_test_00073_DUPVER"",""mofsimplify_solvent_val_00177_MOYYEF"",""mofsimplify_solvent_test_00105_FUYCIN""]",True,full_batch,5,0,5,3,0.59999999999999998,7.9088599999999998,0.37932100000000002,3.7480899999999999,0.50072799999999995,0.25
19,,86,94,cost_only,none,cost_aware,5,,2.3989165637663223,"[""mofsimplify_solvent_val_00348_ZUQMAB"",""mofsimplify_solvent_test_00075_EBIJAC"",""mofsimplify_solvent_test_00146_ICITEU"",""mofsimplify_solvent_test_00413_XUYXAR"",""mofsimplify_solvent_test_00093_EWESAC""]",True,full_batch,5,0,5,4,0.80000000000000004,6.9173450000000001,0.57825700000000002,3.5832079999999999,0.55307200000000001,0.42857142857142855
19,,86,94,cost_only,none,portfolio_batch,5,,2.3989165637663223,"[""mofsimplify_solvent_test_00146_ICITEU"",""mofsimplify_solvent_test_00021_BADYAJ"",""mofsimplify_solvent_test_00327_SERWAP"",""mofsimplify_solvent_test_00015_AVILEY"",""mofsimplify_solvent_test_00075_EBIJAC""]",True,full_batch,5,0,5,3,0.59999999999999998,8.6914449999999999,0.345167,3.233752,0.640957,0.42857142857142855
19,0,86,94,cost_only,none,random_baseline,5,,2.3989165637663223,"[""mofsimplify_solvent_val_00203_ORANAY"",""mofsimplify_solvent_val_00281_UJEFOE01"",""mofsimplify_solvent_test_00412_XUWKEH"",""mofsimplify_solvent_test_00259_OKUTEV"",""mofsimplify_solvent_val_00348_ZUQMAB""]",True,full_batch,5,0,5,4,0.80000000000000004,8.9166740000000004,0.448598,3.6325989999999999,0.50415500000000002,0
19,1,86,94,cost_only,none,random_baseline,5,,2.3989165637663223,"[""mofsimplify_solvent_val_00225_POZHUI"",""mofsimplify_solvent_test_00075_EBIJAC"",""mofsimplify_solvent_val_00191_NUNCEG"",""mofsimplify_solvent_val_00239_QOXFIU"",""mofsimplify_solvent_test_00206_LUYSEF""]",True,full_batch,5,0,5,2,0.40000000000000002,9.7439909999999994,0.20525499999999999,3.7268409999999998,0.50526199999999999,0
19,2,86,94,cost_only,none,random_baseline,5,,2.3989165637663223,"[""mofsimplify_solvent_test_00412_XUWKEH"",""mofsimplify_solvent_test_00387_WOHZAU"",""mofsimplify_solvent_test_00146_ICITEU"",""mofsimplify_solvent_val_00231_QITZIE"",""mofsimplify_solvent_val_00048_DUDZOT""]",True,full_batch,5,0,5,3,0.59999999999999998,7.9952730000000001,0.375222,3.6747749999999999,0.49124000000000001,0
19,3,86,94,cost_only,none,random_baseline,5,,2.3989165637663223,"[""mofsimplify_solvent_val_00260_SEVLEM"",""mofsimplify_solvent_val_00141_KEGZOL"",""mofsimplify_solvent_test_00178_KIDXUR"",""mofsimplify_solvent_test_00137_HOMRIL"",""mofsimplify_solvent_test_00414_YARBAW""]",True,full_batch,5,0,5,2,0.40000000000000002,9.8452570000000001,0.20314299999999999,3.7372390000000002,0.46699800000000002,0
19,4,86,94,cost_only,none,random_baseline,5,,2.3989165637663223,"[""mofsimplify_solvent_test_00247_OCOKUP"",""mofsimplify_solvent_test_00137_HOMRIL"",""mofsimplify_solvent_test_00221_MOYYIJ"",""mofsimplify_solvent_test_00376_VUMCEM"",""mofsimplify_solvent_test_00094_EXEWIO""]",True,full_batch,5,0,5,2,0.40000000000000002,8.1890230000000006,0.244229,3.7646739999999999,0.476578,0
19,5,86,94,cost_only,none,random_baseline,5,,2.3989165637663223,"[""mofsimplify_solvent_test_00002_ACOLEL"",""mofsimplify_solvent_test_00388_WOJJOV"",""mofsimplify_solvent_test_00146_ICITEU"",""mofsimplify_solvent_test_00073_DUPVER"",""mofsimplify_solvent_val_00100_GUPBEZ02""]",True,full_batch,5,0,5,4,0.80000000000000004,11.366251,0.35191899999999998,3.681171,0.50801499999999999,0
19,6,86,94,cost_only,none,random_baseline,5,,2.3989165637663223,"[""mofsimplify_solvent_test_00105_FUYCIN"",""mofsimplify_solvent_val_00318_XADDAJ"",""mofsimplify_solvent_val_00260_SEVLEM"",""mofsimplify_solvent_test_00297_QOKCID"",""mofsimplify_solvent_test_00326_SEGBIR""]",True,full_batch,5,0,5,4,0.80000000000000004,9.5715559999999993,0.41790500000000003,3.6666569999999998,0.52761499999999995,0
19,7,86,94,cost_only,none,random_baseline,5,,2.3989165637663223,"[""mofsimplify_solvent_test_00326_SEGBIR"",""mofsimplify_solvent_test_00075_EBIJAC"",""mofsimplify_solvent_test_00414_YARBAW"",""mofsimplify_solvent_val_00277_UDEGIW"",""mofsimplify_solvent_test_00002_ACOLEL""]",True,full_batch,5,0,5,4,0.80000000000000004,7.0340340000000001,0.56866399999999995,3.6955110000000002,0.51843099999999998,0
19,8,86,94,cost_only,none,random_baseline,5,,2.3989165637663223,"[""mofsimplify_solvent_test_00376_VUMCEM"",""mofsimplify_solvent_val_00262_SOCNAB"",""mofsimplify_solvent_val_00141_KEGZOL"",""mofsimplify_solvent_test_00034_BOWNUY"",""mofsimplify_solvent_val_00180_NATHUO""]",True,full_batch,5,0,5,2,0.40000000000000002,8.5543680000000002,0.23379900000000001,3.6979769999999998,0.48117399999999999,0
19,9,86,94,cost_only,none,random_baseline,5,,2.3989165637663223,"[""mofsimplify_solvent_test_00297_QOKCID"",""mofsimplify_solvent_val_00239_QOXFIU"",""mofsimplify_solvent_test_00246_OCAWAT"",""mofsimplify_solvent_test_00206_LUYSEF"",""mofsimplify_solvent_val_00348_ZUQMAB""]",True,full_batch,5,0,5,4,0.80000000000000004,9.5734449999999995,0.41782200000000003,3.7276760000000002,0.50581100000000001,0
