seed,method,batch_size,risk_budget_per_item,cost_budget_per_item,selected_candidate_ids,full_batch,full_batch_status,selection_event_count,stop_event_count,selected_count,hits,hit_fraction,total_proxy_cost,proxy_cost_normalized_yield,risk_used,mean_predicted_success
0,random_baseline,5,0.34999999999999998,2.3989165637663223,"[""mofsimplify_solvent_test_00327_SERWAP"",""mofsimplify_solvent_test_00152_IMEDOV""]",False,stopped_before_requested_batch,2,1,2,1,0.5,3.6127660000000001,0.27679599999999999,1.387545,0.58141699999999996
1,random_baseline,5,0.34999999999999998,2.3989165637663223,"[""mofsimplify_solvent_test_00037_BUSQEM"",""mofsimplify_solvent_test_00054_COTVUE""]",False,stopped_before_requested_batch,2,1,2,1,0.5,2.9462600000000001,0.33941300000000002,1.5342610000000001,0.46095000000000003
2,random_baseline,5,0.34999999999999998,2.3989165637663223,"[""mofsimplify_solvent_test_00316_RIWMUH"",""mofsimplify_solvent_val_00269_TEYLIU""]",False,stopped_before_requested_batch,2,1,2,2,1,3.0852780000000002,0.64824000000000004,1.4721660000000001,0.52226600000000001
3,random_baseline,5,0.34999999999999998,2.3989165637663223,"[""mofsimplify_solvent_test_00288_QERWAL"",""mofsimplify_solvent_val_00099_GUKFEY""]",False,stopped_before_requested_batch,2,1,2,0,0,3.373424,0,1.5056259999999999,0.492232
4,random_baseline,5,0.34999999999999998,2.3989165637663223,"[""mofsimplify_solvent_test_00226_MUTNAQ"",""mofsimplify_solvent_test_00394_XADDUD""]",False,stopped_before_requested_batch,2,1,2,1,0.5,3.1147749999999998,0.32105,1.470126,0.52487300000000003
5,random_baseline,5,0.34999999999999998,2.3989165637663223,"[""mofsimplify_solvent_test_00188_KOMGUP"",""mofsimplify_solvent_test_00283_QAKFIU""]",False,stopped_before_requested_batch,2,1,2,1,0.5,3.043955,0.32851999999999998,1.5245029999999999,0.47346300000000002
6,random_baseline,5,0.34999999999999998,2.3989165637663223,"[""mofsimplify_solvent_test_00016_AVIPOL"",""mofsimplify_solvent_test_00075_EBIJAC""]",False,stopped_before_requested_batch,2,1,2,1,0.5,2.7546179999999998,0.36302699999999999,1.4588289999999999,0.53648300000000004
7,random_baseline,5,0.34999999999999998,2.3989165637663223,"[""mofsimplify_solvent_test_00394_XADDUD"",""mofsimplify_solvent_test_00142_HUWLUI""]",False,stopped_before_requested_batch,2,1,2,0,0,4.4684900000000001,0,1.477071,0.51721399999999995
8,random_baseline,5,0.34999999999999998,2.3989165637663223,"[""mofsimplify_solvent_test_00221_MOYYIJ"",""mofsimplify_solvent_val_00315_WURNOO""]",False,stopped_before_requested_batch,2,1,2,1,0.5,2.9470170000000002,0.33932600000000002,1.469061,0.528304
9,random_baseline,5,0.34999999999999998,2.3989165637663223,"[""mofsimplify_solvent_test_00008_AMOYOR"",""mofsimplify_solvent_test_00352_UBOGAV""]",False,stopped_before_requested_batch,2,1,2,2,1,2.9802070000000001,0.67109399999999997,1.530721,0.465723
10,random_baseline,5,0.34999999999999998,2.3989165637663223,"[""mofsimplify_solvent_test_00257_OKUSUK"",""mofsimplify_solvent_test_00407_XOGXAU""]",False,stopped_before_requested_batch,2,1,2,0,0,3.5740769999999999,0,1.34545,0.61141599999999996
11,random_baseline,5,0.34999999999999998,2.3989165637663223,"[""mofsimplify_solvent_val_00150_KOMHAW"",""mofsimplify_solvent_val_00149_KIYJAF""]",False,stopped_before_requested_batch,2,1,2,2,1,2.9032269999999998,0.68888899999999997,1.516961,0.48152299999999998
12,random_baseline,5,0.34999999999999998,2.3989165637663223,"[""mofsimplify_solvent_test_00138_HOVGIK"",""mofsimplify_solvent_val_00261_SIYXIH10""]",False,stopped_before_requested_batch,2,1,2,1,0.5,2.8675709999999999,0.34872700000000001,1.458577,0.53425999999999996
13,random_baseline,5,0.34999999999999998,2.3989165637663223,"[""mofsimplify_solvent_test_00361_UQOWUU"",""mofsimplify_solvent_test_00335_TACJIS""]",False,stopped_before_requested_batch,2,1,2,2,1,3.903432,0.51236999999999999,1.4639880000000001,0.53262600000000004
14,random_baseline,5,0.34999999999999998,2.3989165637663223,"[""mofsimplify_solvent_val_00171_MAPHAP"",""mofsimplify_solvent_test_00306_RAHMAP""]",False,stopped_before_requested_batch,2,1,2,1,0.5,2.9593289999999999,0.33791399999999999,1.5154080000000001,0.48272900000000002
15,random_baseline,5,0.34999999999999998,2.3989165637663223,"[""mofsimplify_solvent_test_00387_WOHZAU"",""mofsimplify_solvent_test_00201_LIFSEA""]",False,stopped_before_requested_batch,2,1,2,1,0.5,3.400239,0.294097,1.432633,0.555037
16,random_baseline,5,0.34999999999999998,2.3989165637663223,"[""mofsimplify_solvent_test_00073_DUPVER"",""mofsimplify_solvent_test_00094_EXEWIO""]",False,stopped_before_requested_batch,2,1,2,2,1,2.837723,0.70479000000000003,1.5172760000000001,0.47986699999999999
17,random_baseline,5,0.34999999999999998,2.3989165637663223,"[""mofsimplify_solvent_test_00238_NEGZUW"",""mofsimplify_solvent_test_00326_SEGBIR""]",False,stopped_before_requested_batch,2,1,2,1,0.5,3.117597,0.32075999999999999,1.507417,0.48963499999999999
18,random_baseline,5,0.34999999999999998,2.3989165637663223,"[""mofsimplify_solvent_test_00361_UQOWUU"",""mofsimplify_solvent_val_00348_ZUQMAB""]",False,stopped_before_requested_batch,2,1,2,2,1,3.307051,0.60476799999999997,1.456135,0.53935299999999997
19,random_baseline,5,0.34999999999999998,2.3989165637663223,"[""mofsimplify_solvent_test_00105_FUYCIN"",""mofsimplify_solvent_test_00006_AGUWUV""]",False,stopped_before_requested_batch,2,1,2,1,0.5,3.127246,0.31977,1.4944299999999999,0.50548199999999999
20,random_baseline,5,0.34999999999999998,2.3989165637663223,"[""mofsimplify_solvent_test_00361_UQOWUU"",""mofsimplify_solvent_val_00278_UDEPIE""]",False,stopped_before_requested_batch,2,1,2,2,1,3.8198970000000001,0.52357399999999998,1.498642,0.49445499999999998
21,random_baseline,5,0.34999999999999998,2.3989165637663223,"[""mofsimplify_solvent_val_00294_VAYWEZ"",""mofsimplify_solvent_test_00258_OKUTAR""]",False,stopped_before_requested_batch,2,1,2,0,0,3.7827549999999999,0,1.4611369999999999,0.52340500000000001
22,random_baseline,5,0.34999999999999998,2.3989165637663223,"[""mofsimplify_solvent_test_00253_OGECOU"",""mofsimplify_solvent_val_00335_YEKXUJ""]",False,stopped_before_requested_batch,2,1,2,2,1,3.3473099999999998,0.597495,1.4790859999999999,0.51946400000000004
23,random_baseline,5,0.34999999999999998,2.3989165637663223,"[""mofsimplify_solvent_val_00048_DUDZOT"",""mofsimplify_solvent_test_00206_LUYSEF""]",False,stopped_before_requested_batch,2,1,2,2,1,3.1185320000000001,0.64132699999999998,1.4970330000000001,0.50292000000000003
24,random_baseline,5,0.34999999999999998,2.3989165637663223,"[""mofsimplify_solvent_val_00343_ZAHLEC"",""mofsimplify_solvent_val_00316_WUSLED""]",False,stopped_before_requested_batch,2,1,2,1,0.5,3.6909239999999999,0.27093499999999998,1.5181389999999999,0.47957300000000003
25,random_baseline,5,0.34999999999999998,2.3989165637663223,"[""mofsimplify_solvent_test_00052_COTVIS"",""mofsimplify_solvent_val_00174_MONQIR""]",False,stopped_before_requested_batch,2,1,2,2,1,3.330349,0.60053800000000002,1.502003,0.49766500000000002
26,random_baseline,5,0.34999999999999998,2.3989165637663223,"[""mofsimplify_solvent_test_00335_TACJIS"",""mofsimplify_solvent_test_00041_CANYIB""]",False,stopped_before_requested_batch,2,1,2,2,1,3.8513679999999999,0.51929599999999998,1.4522379999999999,0.54165399999999997
27,random_baseline,5,0.34999999999999998,2.3989165637663223,"[""mofsimplify_solvent_val_00013_AVIPAX"",""mofsimplify_solvent_test_00206_LUYSEF""]",False,stopped_before_requested_batch,2,1,2,1,0.5,2.9771540000000001,0.335891,1.478901,0.51902300000000001
28,random_baseline,5,0.34999999999999998,2.3989165637663223,"[""mofsimplify_solvent_test_00186_KIYMIP"",""mofsimplify_solvent_test_00327_SERWAP""]",False,stopped_before_requested_batch,2,1,2,1,0.5,3.1272310000000001,0.319772,1.3969689999999999,0.57247899999999996
29,random_baseline,5,0.34999999999999998,2.3989165637663223,"[""mofsimplify_solvent_test_00388_WOJJOV"",""mofsimplify_solvent_val_00059_EDIKIL""]",False,stopped_before_requested_batch,2,1,2,2,1,3.1692230000000001,0.63106899999999999,1.4983580000000001,0.49816300000000002
30,random_baseline,5,0.34999999999999998,2.3989165637663223,"[""mofsimplify_solvent_val_00118_IPIHIA"",""mofsimplify_solvent_val_00258_SENVIR""]",False,stopped_before_requested_batch,2,1,2,1,0.5,2.9665750000000002,0.33708900000000003,1.46485,0.52764699999999998
31,random_baseline,5,0.34999999999999998,2.3989165637663223,"[""mofsimplify_solvent_test_00077_EJAXIW"",""mofsimplify_solvent_test_00371_VEHPUU""]",False,stopped_before_requested_batch,2,1,2,0,0,2.9222389999999998,0,1.531657,0.464667
32,random_baseline,5,0.34999999999999998,2.3989165637663223,"[""mofsimplify_solvent_test_00356_ULASAD"",""mofsimplify_solvent_val_00174_MONQIR""]",False,stopped_before_requested_batch,2,1,2,2,1,3.616412,0.55303400000000003,1.5362279999999999,0.40295199999999998
33,random_baseline,5,0.34999999999999998,2.3989165637663223,"[""mofsimplify_solvent_test_00356_ULASAD"",""mofsimplify_solvent_test_00016_AVIPOL""]",False,stopped_before_requested_batch,2,1,2,1,0.5,3.3519380000000001,0.29833500000000002,1.5301290000000001,0.40860099999999999
34,random_baseline,5,0.34999999999999998,2.3989165637663223,"[""mofsimplify_solvent_val_00081_FIFNUE"",""mofsimplify_solvent_val_00013_AVIPAX""]",False,stopped_before_requested_batch,2,1,2,1,0.5,2.9684659999999998,0.33687400000000001,1.51431,0.46927400000000002
35,random_baseline,5,0.34999999999999998,2.3989165637663223,"[""mofsimplify_solvent_val_00107_HIMSAY"",""mofsimplify_solvent_val_00319_XADDOX""]",False,stopped_before_requested_batch,2,1,2,0,0,2.8793150000000001,0,1.490623,0.50441000000000003
36,random_baseline,5,0.34999999999999998,2.3989165637663223,"[""mofsimplify_solvent_val_00343_ZAHLEC"",""mofsimplify_solvent_val_00184_NEXVET""]",False,stopped_before_requested_batch,2,1,2,0,0,3.21224,0,1.467814,0.52760600000000002
37,random_baseline,5,0.34999999999999998,2.3989165637663223,"[""mofsimplify_solvent_val_00174_MONQIR"",""mofsimplify_solvent_test_00217_MIBMER""]",False,stopped_before_requested_batch,2,1,2,2,1,3.1540089999999998,0.63411399999999996,1.4683349999999999,0.52820199999999995
38,random_baseline,5,0.34999999999999998,2.3989165637663223,"[""mofsimplify_solvent_val_00261_SIYXIH10"",""mofsimplify_solvent_test_00041_CANYIB""]",False,stopped_before_requested_batch,2,1,2,1,0.5,3.5238520000000002,0.28377999999999998,1.421753,0.56569499999999995
39,random_baseline,5,0.34999999999999998,2.3989165637663223,"[""mofsimplify_solvent_test_00414_YARBAW"",""mofsimplify_solvent_test_00045_CEFLEF""]",False,stopped_before_requested_batch,2,1,2,1,0.5,3.1324860000000001,0.31923499999999999,1.4889669999999999,0.50939699999999999
40,random_baseline,5,0.34999999999999998,2.3989165637663223,"[""mofsimplify_solvent_test_00093_EWESAC"",""mofsimplify_solvent_test_00232_NALYEG""]",False,stopped_before_requested_batch,2,1,2,2,1,3.5767289999999998,0.55916999999999994,1.523461,0.46587699999999999
41,random_baseline,5,0.34999999999999998,2.3989165637663223,"[""mofsimplify_solvent_test_00186_KIYMIP"",""mofsimplify_solvent_test_00407_XOGXAU""]",False,stopped_before_requested_batch,2,1,2,1,0.5,2.7848039999999998,0.35909200000000002,1.4622489999999999,0.53193599999999996
42,random_baseline,5,0.34999999999999998,2.3989165637663223,"[""mofsimplify_solvent_val_00100_GUPBEZ02"",""mofsimplify_solvent_test_00257_OKUSUK""]",False,stopped_before_requested_batch,2,1,2,1,0.5,7.5864260000000003,0.13181399999999999,1.421549,0.52115699999999998
43,random_baseline,5,0.34999999999999998,2.3989165637663223,"[""mofsimplify_solvent_test_00052_COTVIS"",""mofsimplify_solvent_test_00176_KEWBUL""]",False,stopped_before_requested_batch,2,1,2,2,1,3.164641,0.63198299999999996,1.499906,0.49964599999999998
44,random_baseline,5,0.34999999999999998,2.3989165637663223,"[""mofsimplify_solvent_test_00186_KIYMIP"",""mofsimplify_solvent_val_00145_KILJEV""]",False,stopped_before_requested_batch,2,1,2,1,0.5,3.1929270000000001,0.31319200000000003,1.5271429999999999,0.46611799999999998
45,random_baseline,5,0.34999999999999998,2.3989165637663223,"[""mofsimplify_solvent_test_00386_WODVOB"",""mofsimplify_solvent_test_00095_EYULOA""]",False,stopped_before_requested_batch,2,1,2,2,1,2.8249219999999999,0.70798399999999995,1.4671449999999999,0.53011799999999998
46,random_baseline,5,0.34999999999999998,2.3989165637663223,"[""mofsimplify_solvent_test_00052_COTVIS"",""mofsimplify_solvent_test_00371_VEHPUU""]",False,stopped_before_requested_batch,2,1,2,1,0.5,3.0504549999999999,0.32782,1.52396,0.47345999999999999
47,random_baseline,5,0.34999999999999998,2.3989165637663223,"[""mofsimplify_solvent_val_00102_HADQUA"",""mofsimplify_solvent_test_00238_NEGZUW""]",False,stopped_before_requested_batch,2,1,2,0,0,3.3864570000000001,0,1.457317,0.52720400000000001
48,random_baseline,5,0.34999999999999998,2.3989165637663223,"[""mofsimplify_solvent_val_00150_KOMHAW"",""mofsimplify_solvent_val_00347_ZUKNAW""]",False,stopped_before_requested_batch,2,1,2,1,0.5,3.1309900000000002,0.31938800000000001,1.522357,0.475773
49,random_baseline,5,0.34999999999999998,2.3989165637663223,"[""mofsimplify_solvent_val_00058_ECEZAO01"",""mofsimplify_solvent_val_00335_YEKXUJ""]",False,stopped_before_requested_batch,2,1,2,2,1,3.2432409999999998,0.61666699999999997,1.486416,0.51217900000000005
50,random_baseline,5,0.34999999999999998,2.3989165637663223,"[""mofsimplify_solvent_test_00258_OKUTAR"",""mofsimplify_solvent_test_00264_OQETEK""]",False,stopped_before_requested_batch,2,1,2,1,0.5,3.5831050000000002,0.279088,1.4385250000000001,0.54899900000000001
51,random_baseline,5,0.34999999999999998,2.3989165637663223,"[""mofsimplify_solvent_val_00344_ZALMIL"",""mofsimplify_solvent_test_00390_WORREC""]",False,stopped_before_requested_batch,2,1,2,2,1,2.9937860000000001,0.66805000000000003,1.5205299999999999,0.47716599999999998
52,random_baseline,5,0.34999999999999998,2.3989165637663223,"[""mofsimplify_solvent_test_00412_XUWKEH"",""mofsimplify_solvent_test_00138_HOVGIK""]",False,stopped_before_requested_batch,2,1,2,2,1,3.2610139999999999,0.61330600000000002,1.539353,0.391204
53,random_baseline,5,0.34999999999999998,2.3989165637663223,"[""mofsimplify_solvent_test_00246_OCAWAT"",""mofsimplify_solvent_val_00033_COJHIT""]",False,stopped_before_requested_batch,2,1,2,1,0.5,4.2051239999999996,0.23780499999999999,1.5125930000000001,0.48687000000000002
54,random_baseline,5,0.34999999999999998,2.3989165637663223,"[""mofsimplify_solvent_val_00295_VAYWID"",""mofsimplify_solvent_val_00231_QITZIE""]",False,stopped_before_requested_batch,2,1,2,0,0,3.0763780000000001,0,1.5143219999999999,0.48253499999999999
55,random_baseline,5,0.34999999999999998,2.3989165637663223,"[""mofsimplify_solvent_test_00411_XUVQOW"",""mofsimplify_solvent_test_00298_QUBWIU""]",False,stopped_before_requested_batch,2,1,2,1,0.5,3.5914450000000002,0.27843899999999999,1.459579,0.53626799999999997
56,random_baseline,5,0.34999999999999998,2.3989165637663223,"[""mofsimplify_solvent_val_00335_YEKXUJ"",""mofsimplify_solvent_test_00226_MUTNAQ""]",False,stopped_before_requested_batch,2,1,2,2,1,3.2565789999999999,0.61414100000000005,1.4874909999999999,0.51105599999999995
57,random_baseline,5,0.34999999999999998,2.3989165637663223,"[""mofsimplify_solvent_val_00081_FIFNUE"",""mofsimplify_solvent_test_00200_LIFSAW""]",False,stopped_before_requested_batch,2,1,2,1,0.5,3.3558150000000002,0.29798999999999998,1.4779359999999999,0.49574699999999999
58,random_baseline,5,0.34999999999999998,2.3989165637663223,"[""mofsimplify_solvent_test_00053_COTVOY"",""mofsimplify_solvent_val_00295_VAYWID""]",False,stopped_before_requested_batch,2,1,2,1,0.5,3.2856860000000001,0.30435000000000001,1.539204,0.45492500000000002
59,random_baseline,5,0.34999999999999998,2.3989165637663223,"[""mofsimplify_solvent_test_00264_OQETEK"",""mofsimplify_solvent_test_00104_FUYCEJ""]",False,stopped_before_requested_batch,2,1,2,2,1,3.1574469999999999,0.63342299999999996,1.5092669999999999,0.48971399999999998
60,random_baseline,5,0.34999999999999998,2.3989165637663223,"[""mofsimplify_solvent_val_00180_NATHUO"",""mofsimplify_solvent_val_00316_WUSLED""]",False,stopped_before_requested_batch,2,1,2,2,1,3.5890919999999999,0.55724399999999996,1.498985,0.49706600000000001
61,random_baseline,5,0.34999999999999998,2.3989165637663223,"[""mofsimplify_solvent_test_00008_AMOYOR"",""mofsimplify_solvent_val_00341_YUBFOR""]",False,stopped_before_requested_batch,2,1,2,2,1,3.2337229999999999,0.61848199999999998,1.537242,0.45755200000000001
62,random_baseline,5,0.34999999999999998,2.3989165637663223,"[""mofsimplify_solvent_test_00017_AVUJIL"",""mofsimplify_solvent_test_00137_HOMRIL""]",False,stopped_before_requested_batch,2,1,2,1,0.5,3.4863949999999999,0.286829,1.5191220000000001,0.47968100000000002
63,random_baseline,5,0.34999999999999998,2.3989165637663223,"[""mofsimplify_solvent_test_00021_BADYAJ"",""mofsimplify_solvent_test_00093_EWESAC""]",False,stopped_before_requested_batch,2,1,2,2,1,3.2976920000000001,0.60648500000000005,1.334497,0.60700100000000001
64,random_baseline,5,0.34999999999999998,2.3989165637663223,"[""mofsimplify_solvent_test_00053_COTVOY"",""mofsimplify_solvent_test_00394_XADDUD""]",False,stopped_before_requested_batch,2,1,2,1,0.5,3.0934309999999998,0.323266,1.4854639999999999,0.50675099999999995
65,random_baseline,5,0.34999999999999998,2.3989165637663223,"[""mofsimplify_solvent_val_00180_NATHUO"",""mofsimplify_solvent_val_00059_EDIKIL""]",False,stopped_before_requested_batch,2,1,2,2,1,3.2049560000000001,0.62403399999999998,1.4977,0.49871500000000002
66,random_baseline,5,0.34999999999999998,2.3989165637663223,"[""mofsimplify_solvent_test_00390_WORREC"",""mofsimplify_solvent_test_00384_WILHIK""]",False,stopped_before_requested_batch,2,1,2,2,1,2.9795829999999999,0.67123500000000003,1.4787440000000001,0.51286100000000001
67,random_baseline,5,0.34999999999999998,2.3989165637663223,"[""mofsimplify_solvent_test_00259_OKUTEV"",""mofsimplify_solvent_test_00004_ACOLOV""]",False,stopped_before_requested_batch,2,1,2,1,0.5,4.2291879999999997,0.236452,1.326756,0.62544999999999995
68,random_baseline,5,0.34999999999999998,2.3989165637663223,"[""mofsimplify_solvent_test_00040_CAHQOS"",""mofsimplify_solvent_test_00038_BUSQIQ""]",False,stopped_before_requested_batch,2,1,2,2,1,3.5644640000000001,0.56109399999999998,1.4981450000000001,0.49089500000000003
69,random_baseline,5,0.34999999999999998,2.3989165637663223,"[""mofsimplify_solvent_val_00072_EXAXAE"",""mofsimplify_solvent_test_00104_FUYCEJ""]",False,stopped_before_requested_batch,2,1,2,2,1,3.1274449999999998,0.63949999999999996,1.5113000000000001,0.48772100000000002
70,random_baseline,5,0.34999999999999998,2.3989165637663223,"[""mofsimplify_solvent_test_00155_IYUROK"",""mofsimplify_solvent_val_00343_ZAHLEC""]",False,stopped_before_requested_batch,2,1,2,1,0.5,3.1276540000000002,0.31972800000000001,1.511908,0.48722399999999999
71,random_baseline,5,0.34999999999999998,2.3989165637663223,"[""mofsimplify_solvent_test_00405_XICYAL"",""mofsimplify_solvent_val_00261_SIYXIH10""]",False,stopped_before_requested_batch,2,1,2,0,0,2.973468,0,1.4640899999999999,0.52849599999999997
72,random_baseline,5,0.34999999999999998,2.3989165637663223,"[""mofsimplify_solvent_test_00405_XICYAL"",""mofsimplify_solvent_test_00306_RAHMAP""]",False,stopped_before_requested_batch,2,1,2,1,0.5,2.7789359999999999,0.35985,1.5057290000000001,0.49401200000000001
73,random_baseline,5,0.34999999999999998,2.3989165637663223,"[""mofsimplify_solvent_test_00297_QOKCID"",""mofsimplify_solvent_test_00041_CANYIB""]",False,stopped_before_requested_batch,2,1,2,2,1,3.6181869999999998,0.552763,1.436391,0.554809
74,random_baseline,5,0.34999999999999998,2.3989165637663223,"[""mofsimplify_solvent_val_00203_ORANAY"",""mofsimplify_solvent_test_00361_UQOWUU""]",False,stopped_before_requested_batch,2,1,2,2,1,3.7494580000000002,0.53341000000000005,1.4522679999999999,0.54251099999999997
75,random_baseline,5,0.34999999999999998,2.3989165637663223,"[""mofsimplify_solvent_test_00186_KIYMIP"",""mofsimplify_solvent_val_00219_PAMHIW""]",False,stopped_before_requested_batch,2,1,2,1,0.5,2.800824,0.35703800000000002,1.4541869999999999,0.53768800000000005
76,random_baseline,5,0.34999999999999998,2.3989165637663223,"[""mofsimplify_solvent_test_00094_EXEWIO"",""mofsimplify_solvent_test_00283_QAKFIU""]",False,stopped_before_requested_batch,2,1,2,1,0.5,2.8551600000000001,0.35024300000000003,1.531825,0.464277
77,random_baseline,5,0.34999999999999998,2.3989165637663223,"[""mofsimplify_solvent_val_00076_FATQID"",""mofsimplify_solvent_test_00259_OKUTEV""]",False,stopped_before_requested_batch,2,1,2,1,0.5,3.8429609999999998,0.260216,1.3647720000000001,0.59888699999999995
78,random_baseline,5,0.34999999999999998,2.3989165637663223,"[""mofsimplify_solvent_test_00232_NALYEG"",""mofsimplify_solvent_test_00006_AGUWUV""]",False,stopped_before_requested_batch,2,1,2,1,0.5,3.633016,0.27525300000000003,1.528826,0.46083200000000002
79,random_baseline,5,0.34999999999999998,2.3989165637663223,"[""mofsimplify_solvent_val_00118_IPIHIA"",""mofsimplify_solvent_test_00384_WILHIK""]",False,stopped_before_requested_batch,2,1,2,2,1,2.7429329999999998,0.72914699999999999,1.4684870000000001,0.525038
80,random_baseline,5,0.34999999999999998,2.3989165637663223,"[""mofsimplify_solvent_test_00376_VUMCEM"",""mofsimplify_solvent_test_00232_NALYEG""]",False,stopped_before_requested_batch,2,1,2,1,0.5,4.0717249999999998,0.24559600000000001,1.4845520000000001,0.49650699999999998
81,random_baseline,5,0.34999999999999998,2.3989165637663223,"[""mofsimplify_solvent_val_00076_FATQID"",""mofsimplify_solvent_test_00015_AVILEY""]",False,stopped_before_requested_batch,2,1,2,2,1,3.585763,0.55776099999999995,1.342303,0.61030399999999996
82,random_baseline,5,0.34999999999999998,2.3989165637663223,"[""mofsimplify_solvent_test_00221_MOYYIJ"",""mofsimplify_solvent_test_00435_ZISFEO""]",False,stopped_before_requested_batch,2,1,2,0,0,3.111272,0,1.4980329999999999,0.50117100000000003
83,random_baseline,5,0.34999999999999998,2.3989165637663223,"[""mofsimplify_solvent_test_00244_NIRDAT"",""mofsimplify_solvent_val_00311_WEFCAN""]",False,stopped_before_requested_batch,2,1,2,0,0,3.6835290000000001,0,1.500281,0.48735400000000001
84,random_baseline,5,0.34999999999999998,2.3989165637663223,"[""mofsimplify_solvent_test_00176_KEWBUL"",""mofsimplify_solvent_test_00232_NALYEG""]",False,stopped_before_requested_batch,2,1,2,2,1,3.7299720000000001,0.53619700000000003,1.5255799999999999,0.463918
85,random_baseline,5,0.34999999999999998,2.3989165637663223,"[""mofsimplify_solvent_test_00218_MITGUR01"",""mofsimplify_solvent_val_00058_ECEZAO01""]",False,stopped_before_requested_batch,2,1,2,1,0.5,3.103567,0.32221,1.4967509999999999,0.50297999999999998
86,random_baseline,5,0.34999999999999998,2.3989165637663223,"[""mofsimplify_solvent_test_00407_XOGXAU"",""mofsimplify_solvent_test_00138_HOVGIK""]",False,stopped_before_requested_batch,2,1,2,1,0.5,2.7016450000000001,0.370145,1.463382,0.53079900000000002
87,random_baseline,5,0.34999999999999998,2.3989165637663223,"[""mofsimplify_solvent_test_00138_HOVGIK"",""mofsimplify_solvent_test_00094_EXEWIO""]",False,stopped_before_requested_batch,2,1,2,2,1,2.6692629999999999,0.74926999999999999,1.520208,0.47695300000000002
88,random_baseline,5,0.34999999999999998,2.3989165637663223,"[""mofsimplify_solvent_test_00045_CEFLEF"",""mofsimplify_solvent_val_00210_OVIWIA""]",False,stopped_before_requested_batch,2,1,2,2,1,3.8079499999999999,0.52521700000000004,1.5176700000000001,0.467414
89,random_baseline,5,0.34999999999999998,2.3989165637663223,"[""mofsimplify_solvent_test_00331_XIMPOA01"",""mofsimplify_solvent_test_00095_EYULOA""]",False,stopped_before_requested_batch,2,1,2,1,0.5,2.9274110000000002,0.34159899999999999,1.4945999999999999,0.50194099999999997
90,random_baseline,5,0.34999999999999998,2.3989165637663223,"[""mofsimplify_solvent_test_00176_KEWBUL"",""mofsimplify_solvent_val_00341_YUBFOR""]",False,stopped_before_requested_batch,2,1,2,2,1,3.3094960000000002,0.60432200000000003,1.5126170000000001,0.48448600000000003
91,random_baseline,5,0.34999999999999998,2.3989165637663223,"[""mofsimplify_solvent_test_00232_NALYEG"",""mofsimplify_solvent_val_00281_UJEFOE01""]",False,stopped_before_requested_batch,2,1,2,2,1,3.8095870000000001,0.52499099999999999,1.527425,0.46217599999999998
92,random_baseline,5,0.34999999999999998,2.3989165637663223,"[""mofsimplify_solvent_test_00017_AVUJIL"",""mofsimplify_solvent_test_00136_HELDOT""]",False,stopped_before_requested_batch,2,1,2,0,0,3.4226320000000001,0,1.489533,0.50815500000000002
93,random_baseline,5,0.34999999999999998,2.3989165637663223,"[""mofsimplify_solvent_test_00407_XOGXAU"",""mofsimplify_solvent_test_00431_ZASJAG""]",False,stopped_before_requested_batch,2,1,2,1,0.5,2.782654,0.35936899999999999,1.425446,0.563052
94,random_baseline,5,0.34999999999999998,2.3989165637663223,"[""mofsimplify_solvent_val_00058_ECEZAO01"",""mofsimplify_solvent_val_00260_SEVLEM""]",False,stopped_before_requested_batch,2,1,2,2,1,4.90585,0.40767700000000001,1.452016,0.53808999999999996
95,random_baseline,5,0.34999999999999998,2.3989165637663223,"[""mofsimplify_solvent_test_00017_AVUJIL"",""mofsimplify_solvent_test_00075_EBIJAC""]",False,stopped_before_requested_batch,2,1,2,1,0.5,3.172526,0.31520599999999999,1.4780420000000001,0.51729800000000004
96,random_baseline,5,0.34999999999999998,2.3989165637663223,"[""mofsimplify_solvent_test_00298_QUBWIU"",""mofsimplify_solvent_test_00226_MUTNAQ""]",False,stopped_before_requested_batch,2,1,2,1,0.5,3.6955,0.27059899999999998,1.4772259999999999,0.51943399999999995
97,random_baseline,5,0.34999999999999998,2.3989165637663223,"[""mofsimplify_solvent_val_00152_KUKPOX"",""mofsimplify_solvent_test_00196_LEDPIU""]",False,stopped_before_requested_batch,2,1,2,1,0.5,2.960874,0.33773799999999998,1.4593560000000001,0.53492600000000001
98,random_baseline,5,0.34999999999999998,2.3989165637663223,"[""mofsimplify_solvent_val_00318_XADDAJ"",""mofsimplify_solvent_test_00394_XADDUD""]",False,stopped_before_requested_batch,2,1,2,0,0,2.93621,0,1.474429,0.52021600000000001
99,random_baseline,5,0.34999999999999998,2.3989165637663223,"[""mofsimplify_solvent_test_00407_XOGXAU"",""mofsimplify_solvent_test_00052_COTVIS""]",False,stopped_before_requested_batch,2,1,2,1,0.5,3.0870350000000002,0.32393499999999997,1.46865,0.52529899999999996
0,random_baseline,10,0.34999999999999998,2.3989165637663223,"[""mofsimplify_solvent_test_00327_SERWAP"",""mofsimplify_solvent_test_00152_IMEDOV"",""mofsimplify_solvent_test_00052_COTVIS"",""mofsimplify_solvent_val_00271_TIXCIO"",""mofsimplify_solvent_val_00290_VACLIX""]",False,stopped_before_requested_batch,5,1,5,4,0.80000000000000004,9.0654199999999996,0.44123699999999999,3.4706450000000002,0.57449099999999997
1,random_baseline,10,0.34999999999999998,2.3989165637663223,"[""mofsimplify_solvent_test_00037_BUSQEM"",""mofsimplify_solvent_test_00054_COTVUE"",""mofsimplify_solvent_test_00247_OCOKUP"",""mofsimplify_solvent_test_00405_XICYAL""]",False,stopped_before_requested_batch,4,1,4,1,0.25,6.0664579999999999,0.16484099999999999,3.0824729999999998,0.440608
2,random_baseline,10,0.34999999999999998,2.3989165637663223,"[""mofsimplify_solvent_test_00316_RIWMUH"",""mofsimplify_solvent_val_00269_TEYLIU"",""mofsimplify_solvent_val_00118_IPIHIA"",""mofsimplify_solvent_val_00294_VAYWEZ""]",False,stopped_before_requested_batch,4,1,4,3,0.75,6.181864,0.48529099999999997,2.9992420000000002,0.49591800000000003
3,random_baseline,10,0.34999999999999998,2.3989165637663223,"[""mofsimplify_solvent_test_00288_QERWAL"",""mofsimplify_solvent_val_00099_GUKFEY"",""mofsimplify_solvent_val_00191_NUNCEG"",""mofsimplify_solvent_val_00258_SENVIR""]",False,stopped_before_requested_batch,4,1,4,0,0,7.7558340000000001,0,2.9403079999999999,0.52397199999999999
4,random_baseline,10,0.34999999999999998,2.3989165637663223,"[""mofsimplify_solvent_test_00226_MUTNAQ"",""mofsimplify_solvent_test_00394_XADDUD"",""mofsimplify_solvent_test_00356_ULASAD"",""mofsimplify_solvent_test_00052_COTVIS""]",False,stopped_before_requested_batch,4,1,4,3,0.75,6.7431539999999996,0.44489600000000001,3.0166789999999999,0.458679
5,random_baseline,10,0.34999999999999998,2.3989165637663223,"[""mofsimplify_solvent_test_00188_KOMGUP"",""mofsimplify_solvent_test_00283_QAKFIU"",""mofsimplify_solvent_val_00038_DAMYOI"",""mofsimplify_solvent_test_00288_QERWAL""]",False,stopped_before_requested_batch,4,1,4,1,0.25,6.0310519999999999,0.16580900000000001,3.0044,0.49625799999999998
6,random_baseline,10,0.34999999999999998,2.3989165637663223,"[""mofsimplify_solvent_test_00016_AVIPOL"",""mofsimplify_solvent_test_00075_EBIJAC"",""mofsimplify_solvent_test_00054_COTVUE"",""mofsimplify_solvent_val_00319_XADDOX""]",False,stopped_before_requested_batch,4,1,4,2,0.5,5.7831109999999999,0.345835,2.9545880000000002,0.51700999999999997
7,random_baseline,10,0.34999999999999998,2.3989165637663223,"[""mofsimplify_solvent_test_00394_XADDUD"",""mofsimplify_solvent_test_00142_HUWLUI"",""mofsimplify_solvent_test_00197_LEDWUN"",""mofsimplify_solvent_test_00361_UQOWUU""]",False,stopped_before_requested_batch,4,1,4,2,0.5,8.1331620000000004,0.24590699999999999,2.9931220000000001,0.48708800000000002
8,random_baseline,10,0.34999999999999998,2.3989165637663223,"[""mofsimplify_solvent_test_00221_MOYYIJ"",""mofsimplify_solvent_val_00315_WURNOO"",""mofsimplify_solvent_val_00239_QOXFIU"",""mofsimplify_solvent_test_00431_ZASJAG""]",False,stopped_before_requested_batch,4,1,4,2,0.5,6.6908320000000003,0.29891600000000002,2.9491360000000002,0.5202
9,random_baseline,10,0.34999999999999998,2.3989165637663223,"[""mofsimplify_solvent_test_00008_AMOYOR"",""mofsimplify_solvent_test_00352_UBOGAV"",""mofsimplify_solvent_test_00411_XUVQOW"",""mofsimplify_solvent_val_00281_UJEFOE01""]",False,stopped_before_requested_batch,4,1,4,4,1,6.0115790000000002,0.66538299999999995,3.012788,0.49131599999999997
10,random_baseline,10,0.34999999999999998,2.3989165637663223,"[""mofsimplify_solvent_test_00257_OKUSUK"",""mofsimplify_solvent_test_00407_XOGXAU"",""mofsimplify_solvent_val_00269_TEYLIU"",""mofsimplify_solvent_val_00210_OVIWIA"",""mofsimplify_solvent_test_00036_BUPVEP""]",False,stopped_before_requested_batch,5,1,5,3,0.59999999999999998,9.1424830000000004,0.32813799999999999,3.491851,0.55967100000000003
11,random_baseline,10,0.34999999999999998,2.3989165637663223,"[""mofsimplify_solvent_val_00150_KOMHAW"",""mofsimplify_solvent_val_00149_KIYJAF"",""mofsimplify_solvent_test_00280_POMMAH"",""mofsimplify_solvent_test_00045_CEFLEF""]",False,stopped_before_requested_batch,4,1,4,4,1,6.1884540000000001,0.64636499999999997,2.9759190000000002,0.50925900000000002
12,random_baseline,10,0.34999999999999998,2.3989165637663223,"[""mofsimplify_solvent_test_00138_HOVGIK"",""mofsimplify_solvent_val_00261_SIYXIH10"",""mofsimplify_solvent_test_00413_XUYXAR"",""mofsimplify_solvent_test_00390_WORREC""]",False,stopped_before_requested_batch,4,1,4,3,0.75,5.7873299999999999,0.518374,2.9629810000000001,0.51337299999999997
13,random_baseline,10,0.34999999999999998,2.3989165637663223,"[""mofsimplify_solvent_test_00361_UQOWUU"",""mofsimplify_solvent_test_00335_TACJIS"",""mofsimplify_solvent_test_00288_QERWAL"",""mofsimplify_solvent_test_00326_SEGBIR""]",False,stopped_before_requested_batch,4,1,4,3,0.75,6.7559610000000001,0.444052,2.9438339999999998,0.52586299999999997
14,random_baseline,10,0.34999999999999998,2.3989165637663223,"[""mofsimplify_solvent_val_00171_MAPHAP"",""mofsimplify_solvent_test_00306_RAHMAP"",""mofsimplify_solvent_test_00161_JEJWOL"",""mofsimplify_solvent_val_00334_YEKXOD"",""mofsimplify_solvent_val_00290_VACLIX""]",False,stopped_before_requested_batch,5,1,5,4,0.80000000000000004,8.6257420000000007,0.46372799999999997,3.481484,0.56940500000000005
15,random_baseline,10,0.34999999999999998,2.3989165637663223,"[""mofsimplify_solvent_test_00387_WOHZAU"",""mofsimplify_solvent_test_00201_LIFSEA"",""mofsimplify_solvent_test_00214_MAYJOM"",""mofsimplify_solvent_test_00289_QEYWUN"",""mofsimplify_solvent_val_00290_VACLIX""]",False,stopped_before_requested_batch,5,1,5,3,0.59999999999999998,8.6639199999999992,0.34626400000000002,3.4707970000000001,0.579708
16,random_baseline,10,0.34999999999999998,2.3989165637663223,"[""mofsimplify_solvent_test_00073_DUPVER"",""mofsimplify_solvent_test_00094_EXEWIO"",""mofsimplify_solvent_test_00298_QUBWIU"",""mofsimplify_solvent_test_00008_AMOYOR""]",False,stopped_before_requested_batch,4,1,4,3,0.75,6.3886050000000001,0.469586,3.0087419999999998,0.49132199999999998
17,random_baseline,10,0.34999999999999998,2.3989165637663223,"[""mofsimplify_solvent_test_00238_NEGZUW"",""mofsimplify_solvent_test_00326_SEGBIR"",""mofsimplify_solvent_val_00118_IPIHIA"",""mofsimplify_solvent_val_00175_MONWET""]",False,stopped_before_requested_batch,4,1,4,2,0.5,6.1620030000000003,0.32457000000000003,3.0449269999999999,0.47144900000000001
18,random_baseline,10,0.34999999999999998,2.3989165637663223,"[""mofsimplify_solvent_test_00361_UQOWUU"",""mofsimplify_solvent_val_00348_ZUQMAB"",""mofsimplify_solvent_val_00219_PAMHIW"",""mofsimplify_solvent_test_00221_MOYYIJ"",""mofsimplify_solvent_test_00021_BADYAJ""]",False,stopped_before_requested_batch,5,1,5,3,0.59999999999999998,8.2643900000000006,0.36300300000000002,3.4941049999999998,0.57386800000000004
19,random_baseline,10,0.34999999999999998,2.3989165637663223,"[""mofsimplify_solvent_test_00105_FUYCIN"",""mofsimplify_solvent_test_00006_AGUWUV"",""mofsimplify_solvent_val_00333_YEGKOM"",""mofsimplify_solvent_test_00386_WODVOB""]",False,stopped_before_requested_batch,4,1,4,2,0.5,6.1461740000000002,0.32540599999999997,3.0068990000000002,0.49340099999999998
20,random_baseline,10,0.34999999999999998,2.3989165637663223,"[""mofsimplify_solvent_test_00361_UQOWUU"",""mofsimplify_solvent_val_00278_UDEPIE"",""mofsimplify_solvent_val_00262_SOCNAB"",""mofsimplify_solvent_test_00034_BOWNUY""]",False,stopped_before_requested_batch,4,1,4,3,0.75,7.0064859999999998,0.42817499999999997,2.9782090000000001,0.50493699999999997
21,random_baseline,10,0.34999999999999998,2.3989165637663223,"[""mofsimplify_solvent_val_00294_VAYWEZ"",""mofsimplify_solvent_test_00258_OKUTAR"",""mofsimplify_solvent_val_00344_ZALMIL"",""mofsimplify_solvent_test_00137_HOMRIL""]",False,stopped_before_requested_batch,4,1,4,2,0.5,6.8618769999999998,0.29146499999999997,2.9743560000000002,0.50472499999999998
22,random_baseline,10,0.34999999999999998,2.3989165637663223,"[""mofsimplify_solvent_test_00253_OGECOU"",""mofsimplify_solvent_val_00335_YEKXUJ"",""mofsimplify_solvent_test_00178_KIDXUR"",""mofsimplify_solvent_val_00202_OMOVET""]",False,stopped_before_requested_batch,4,1,4,2,0.5,6.1924359999999998,0.32297500000000001,2.979498,0.508602
23,random_baseline,10,0.34999999999999998,2.3989165637663223,"[""mofsimplify_solvent_val_00048_DUDZOT"",""mofsimplify_solvent_test_00206_LUYSEF"",""mofsimplify_solvent_test_00008_AMOYOR"",""mofsimplify_solvent_test_00153_INIXOT""]",False,stopped_before_requested_batch,4,1,4,4,1,6.7591929999999998,0.59178699999999995,2.941875,0.51879699999999995
24,random_baseline,10,0.34999999999999998,2.3989165637663223,"[""mofsimplify_solvent_val_00343_ZAHLEC"",""mofsimplify_solvent_val_00316_WUSLED"",""mofsimplify_solvent_test_00246_OCAWAT"",""mofsimplify_solvent_test_00003_ACOLIP""]",False,stopped_before_requested_batch,4,1,4,3,0.75,7.7446330000000003,0.38736500000000001,3.022837,0.487203
25,random_baseline,10,0.34999999999999998,2.3989165637663223,"[""mofsimplify_solvent_test_00052_COTVIS"",""mofsimplify_solvent_val_00174_MONQIR"",""mofsimplify_solvent_test_00331_XIMPOA01"",""mofsimplify_solvent_val_00013_AVIPAX""]",False,stopped_before_requested_batch,4,1,4,2,0.5,6.1827079999999999,0.32348300000000002,2.995743,0.50015699999999996
26,random_baseline,10,0.34999999999999998,2.3989165637663223,"[""mofsimplify_solvent_test_00335_TACJIS"",""mofsimplify_solvent_test_00041_CANYIB"",""mofsimplify_solvent_test_00083_ENOSAD"",""mofsimplify_solvent_val_00239_QOXFIU""]",False,stopped_before_requested_batch,4,1,4,2,0.5,7.722645,0.25897900000000001,2.9881160000000002,0.50049200000000005
27,random_baseline,10,0.34999999999999998,2.3989165637663223,"[""mofsimplify_solvent_val_00013_AVIPAX"",""mofsimplify_solvent_test_00206_LUYSEF"",""mofsimplify_solvent_val_00225_POZHUI"",""mofsimplify_solvent_val_00313_WOZGUP""]",False,stopped_before_requested_batch,4,1,4,2,0.5,6.4046399999999997,0.312274,2.9597060000000002,0.51615999999999995
28,random_baseline,10,0.34999999999999998,2.3989165637663223,"[""mofsimplify_solvent_test_00186_KIYMIP"",""mofsimplify_solvent_test_00327_SERWAP"",""mofsimplify_solvent_val_00231_QITZIE"",""mofsimplify_solvent_test_00359_UMEKII"",""mofsimplify_solvent_test_00021_BADYAJ""]",False,stopped_before_requested_batch,5,1,5,3,0.59999999999999998,7.9255230000000001,0.37852400000000003,3.494005,0.56662100000000004
29,random_baseline,10,0.34999999999999998,2.3989165637663223,"[""mofsimplify_solvent_test_00388_WOJJOV"",""mofsimplify_solvent_val_00059_EDIKIL"",""mofsimplify_solvent_test_00125_GUVCOP"",""mofsimplify_solvent_test_00052_COTVIS""]",False,stopped_before_requested_batch,4,1,4,3,0.75,6.3308749999999998,0.47386800000000001,3.0395210000000001,0.47144599999999998
30,random_baseline,10,0.34999999999999998,2.3989165637663223,"[""mofsimplify_solvent_val_00118_IPIHIA"",""mofsimplify_solvent_val_00258_SENVIR"",""mofsimplify_solvent_test_00247_OCOKUP"",""mofsimplify_solvent_test_00013_ASUBIB""]",False,stopped_before_requested_batch,4,1,4,1,0.25,6.1116060000000001,0.16362299999999999,2.9925799999999998,0.48383199999999998
31,random_baseline,10,0.34999999999999998,2.3989165637663223,"[""mofsimplify_solvent_test_00077_EJAXIW"",""mofsimplify_solvent_test_00371_VEHPUU"",""mofsimplify_solvent_test_00041_CANYIB"",""mofsimplify_solvent_val_00081_FIFNUE""]",False,stopped_before_requested_batch,4,1,4,2,0.5,6.4525170000000003,0.30995699999999998,3.031072,0.47275899999999998
32,random_baseline,10,0.34999999999999998,2.3989165637663223,"[""mofsimplify_solvent_test_00356_ULASAD"",""mofsimplify_solvent_val_00174_MONQIR"",""mofsimplify_solvent_test_00331_XIMPOA01"",""mofsimplify_solvent_test_00094_EXEWIO""]",False,stopped_before_requested_batch,4,1,4,3,0.75,6.472029,0.46353299999999997,3.0703130000000001,0.43224899999999999
33,random_baseline,10,0.34999999999999998,2.3989165637663223,"[""mofsimplify_solvent_test_00356_ULASAD"",""mofsimplify_solvent_test_00016_AVIPOL"",""mofsimplify_solvent_val_00342_ZAGHAT"",""mofsimplify_solvent_test_00095_EYULOA""]",False,stopped_before_requested_batch,4,1,4,3,0.75,6.5184709999999999,0.460231,3.0364100000000001,0.44712099999999999
34,random_baseline,10,0.34999999999999998,2.3989165637663223,"[""mofsimplify_solvent_val_00081_FIFNUE"",""mofsimplify_solvent_val_00013_AVIPAX"",""mofsimplify_solvent_val_00149_KIYJAF"",""mofsimplify_solvent_test_00352_UBOGAV""]",False,stopped_before_requested_batch,4,1,4,3,0.75,5.9178459999999999,0.50694099999999997,3.029093,0.47671000000000002
35,random_baseline,10,0.34999999999999998,2.3989165637663223,"[""mofsimplify_solvent_val_00107_HIMSAY"",""mofsimplify_solvent_val_00319_XADDOX"",""mofsimplify_solvent_test_00298_QUBWIU"",""mofsimplify_solvent_test_00034_BOWNUY""]",False,stopped_before_requested_batch,4,1,4,1,0.25,6.5909219999999999,0.151724,2.932436,0.52756400000000003
36,random_baseline,10,0.34999999999999998,2.3989165637663223,"[""mofsimplify_solvent_val_00343_ZAHLEC"",""mofsimplify_solvent_val_00184_NEXVET"",""mofsimplify_solvent_test_00013_ASUBIB"",""mofsimplify_solvent_test_00002_ACOLEL""]",False,stopped_before_requested_batch,4,1,4,1,0.25,6.0751689999999998,0.164604,2.961074,0.516509
37,random_baseline,10,0.34999999999999998,2.3989165637663223,"[""mofsimplify_solvent_val_00174_MONQIR"",""mofsimplify_solvent_test_00217_MIBMER"",""mofsimplify_solvent_test_00146_ICITEU"",""mofsimplify_solvent_test_00178_KIDXUR"",""mofsimplify_solvent_test_00015_AVILEY""]",False,stopped_before_requested_batch,5,1,5,3,0.59999999999999998,8.1770110000000003,0.36688199999999999,3.4806879999999998,0.57762500000000006
38,random_baseline,10,0.34999999999999998,2.3989165637663223,"[""mofsimplify_solvent_val_00261_SIYXIH10"",""mofsimplify_solvent_test_00041_CANYIB"",""mofsimplify_solvent_val_00315_WURNOO"",""mofsimplify_solvent_val_00260_SEVLEM"",""mofsimplify_solvent_test_00036_BUPVEP""]",False,stopped_before_requested_batch,5,1,5,4,0.80000000000000004,10.259485,0.38988299999999998,3.4533649999999998,0.58803099999999997
39,random_baseline,10,0.34999999999999998,2.3989165637663223,"[""mofsimplify_solvent_test_00414_YARBAW"",""mofsimplify_solvent_test_00045_CEFLEF"",""mofsimplify_solvent_val_00239_QOXFIU"",""mofsimplify_solvent_test_00075_EBIJAC""]",False,stopped_before_requested_batch,4,1,4,2,0.5,6.8694240000000004,0.29114499999999999,2.975171,0.50845399999999996
40,random_baseline,10,0.34999999999999998,2.3989165637663223,"[""mofsimplify_solvent_test_00093_EWESAC"",""mofsimplify_solvent_test_00232_NALYEG"",""mofsimplify_solvent_val_00038_DAMYOI"",""mofsimplify_solvent_test_00201_LIFSEA""]",False,stopped_before_requested_batch,4,1,4,2,0.5,6.9418189999999997,0.288109,2.956267,0.51037900000000003
41,random_baseline,10,0.34999999999999998,2.3989165637663223,"[""mofsimplify_solvent_test_00186_KIYMIP"",""mofsimplify_solvent_test_00407_XOGXAU"",""mofsimplify_solvent_test_00298_QUBWIU"",""mofsimplify_solvent_test_00247_OCOKUP""]",False,stopped_before_requested_batch,4,1,4,1,0.25,6.6465079999999999,0.15045500000000001,2.9771529999999999,0.49126599999999998
42,random_baseline,10,0.34999999999999998,2.3989165637663223,"[""mofsimplify_solvent_val_00100_GUPBEZ02"",""mofsimplify_solvent_test_00257_OKUSUK"",""mofsimplify_solvent_test_00176_KEWBUL"",""mofsimplify_solvent_test_00015_AVILEY"",""mofsimplify_solvent_test_00044_CAYKEU""]",False,stopped_before_requested_batch,5,1,5,4,0.80000000000000004,12.688105999999999,0.31525599999999998,3.4863249999999999,0.56123100000000004
43,random_baseline,10,0.34999999999999998,2.3989165637663223,"[""mofsimplify_solvent_test_00052_COTVIS"",""mofsimplify_solvent_test_00176_KEWBUL"",""mofsimplify_solvent_val_00348_ZUQMAB"",""mofsimplify_solvent_val_00058_ECEZAO01""]",False,stopped_before_requested_batch,4,1,4,4,1,6.0265690000000003,0.66372799999999998,2.9832709999999998,0.507193
44,random_baseline,10,0.34999999999999998,2.3989165637663223,"[""mofsimplify_solvent_test_00186_KIYMIP"",""mofsimplify_solvent_val_00145_KILJEV"",""mofsimplify_solvent_test_00297_QOKCID"",""mofsimplify_solvent_val_00269_TEYLIU""]",False,stopped_before_requested_batch,4,1,4,3,0.75,6.3872289999999996,0.46968700000000002,3.0068839999999999,0.49131200000000003
45,random_baseline,10,0.34999999999999998,2.3989165637663223,"[""mofsimplify_solvent_test_00386_WODVOB"",""mofsimplify_solvent_test_00095_EYULOA"",""mofsimplify_solvent_test_00226_MUTNAQ"",""mofsimplify_solvent_test_00058_CUYHIO""]",False,stopped_before_requested_batch,4,1,4,4,1,5.8541850000000002,0.68327199999999999,2.9926889999999999,0.50042299999999995
46,random_baseline,10,0.34999999999999998,2.3989165637663223,"[""mofsimplify_solvent_test_00052_COTVIS"",""mofsimplify_solvent_test_00371_VEHPUU"",""mofsimplify_solvent_val_00225_POZHUI"",""mofsimplify_solvent_val_00090_GARQAU""]",False,stopped_before_requested_batch,4,1,4,1,0.25,6.1007020000000001,0.16391600000000001,3.0313059999999998,0.48230600000000001
47,random_baseline,10,0.34999999999999998,2.3989165637663223,"[""mofsimplify_solvent_val_00102_HADQUA"",""mofsimplify_solvent_test_00238_NEGZUW"",""mofsimplify_solvent_test_00075_EBIJAC"",""mofsimplify_solvent_test_00247_OCOKUP""]",False,stopped_before_requested_batch,4,1,4,1,0.25,6.4748890000000001,0.154443,2.96821,0.490452
48,random_baseline,10,0.34999999999999998,2.3989165637663223,"[""mofsimplify_solvent_val_00150_KOMHAW"",""mofsimplify_solvent_val_00347_ZUKNAW"",""mofsimplify_solvent_test_00052_COTVIS"",""mofsimplify_solvent_test_00136_HELDOT""]",False,stopped_before_requested_batch,4,1,4,2,0.5,6.4121540000000001,0.31190800000000002,3.0091030000000001,0.49349799999999999
49,random_baseline,10,0.34999999999999998,2.3989165637663223,"[""mofsimplify_solvent_val_00058_ECEZAO01"",""mofsimplify_solvent_val_00335_YEKXUJ"",""mofsimplify_solvent_test_00327_SERWAP"",""mofsimplify_solvent_test_00123_GUKYUI"",""mofsimplify_solvent_val_00290_VACLIX""]",False,stopped_before_requested_batch,5,1,5,4,0.80000000000000004,9.104635,0.43933699999999998,3.4218519999999999,0.59029200000000004
50,random_baseline,10,0.34999999999999998,2.3989165637663223,"[""mofsimplify_solvent_test_00258_OKUTAR"",""mofsimplify_solvent_test_00264_OQETEK"",""mofsimplify_solvent_test_00217_MIBMER"",""mofsimplify_solvent_test_00316_RIWMUH"",""mofsimplify_solvent_test_00036_BUPVEP""]",False,stopped_before_requested_batch,5,1,5,4,0.80000000000000004,8.6447839999999996,0.46270699999999998,3.4800270000000002,0.57877000000000001
51,random_baseline,10,0.34999999999999998,2.3989165637663223,"[""mofsimplify_solvent_val_00344_ZALMIL"",""mofsimplify_solvent_test_00390_WORREC"",""mofsimplify_solvent_test_00387_WOHZAU"",""mofsimplify_solvent_val_00294_VAYWEZ""]",False,stopped_before_requested_batch,4,1,4,3,0.75,6.332382,0.47375499999999998,3.029763,0.48216300000000001
52,random_baseline,10,0.34999999999999998,2.3989165637663223,"[""mofsimplify_solvent_test_00412_XUWKEH"",""mofsimplify_solvent_test_00138_HOVGIK"",""mofsimplify_solvent_val_00262_SOCNAB"",""mofsimplify_solvent_test_00095_EYULOA""]",False,stopped_before_requested_batch,4,1,4,3,0.75,6.3244579999999999,0.47434900000000002,3.0300340000000001,0.448909
53,random_baseline,10,0.34999999999999998,2.3989165637663223,"[""mofsimplify_solvent_test_00246_OCAWAT"",""mofsimplify_solvent_val_00033_COJHIT"",""mofsimplify_solvent_test_00196_LEDPIU"",""mofsimplify_solvent_test_00221_MOYYIJ""]",False,stopped_before_requested_batch,4,1,4,2,0.5,7.2391709999999998,0.27627499999999999,2.999482,0.499724
54,random_baseline,10,0.34999999999999998,2.3989165637663223,"[""mofsimplify_solvent_val_00295_VAYWID"",""mofsimplify_solvent_val_00231_QITZIE"",""mofsimplify_solvent_val_00294_VAYWEZ"",""mofsimplify_solvent_test_00061_DAMYUO""]",False,stopped_before_requested_batch,4,1,4,0,0,6.3815710000000001,0,3.0228130000000002,0.48517900000000003
55,random_baseline,10,0.34999999999999998,2.3989165637663223,"[""mofsimplify_solvent_test_00411_XUVQOW"",""mofsimplify_solvent_test_00298_QUBWIU"",""mofsimplify_solvent_test_00221_MOYYIJ"",""mofsimplify_solvent_test_00338_TEBSAW""]",False,stopped_before_requested_batch,4,1,4,1,0.25,6.797504,0.14711299999999999,2.9761799999999998,0.506687
56,random_baseline,10,0.34999999999999998,2.3989165637663223,"[""mofsimplify_solvent_val_00335_YEKXUJ"",""mofsimplify_solvent_test_00226_MUTNAQ"",""mofsimplify_solvent_val_00348_ZUQMAB"",""mofsimplify_solvent_val_00034_COPXOV""]",False,stopped_before_requested_batch,4,1,4,4,1,5.9399189999999997,0.67340999999999995,2.9651420000000002,0.51576299999999997
57,random_baseline,10,0.34999999999999998,2.3989165637663223,"[""mofsimplify_solvent_val_00081_FIFNUE"",""mofsimplify_solvent_test_00200_LIFSAW"",""mofsimplify_solvent_test_00297_QOKCID"",""mofsimplify_solvent_test_00034_BOWNUY""]",False,stopped_before_requested_batch,4,1,4,3,0.75,6.6103889999999996,0.45383099999999998,2.9189690000000001,0.52353799999999995
58,random_baseline,10,0.34999999999999998,2.3989165637663223,"[""mofsimplify_solvent_test_00053_COTVOY"",""mofsimplify_solvent_val_00295_VAYWID"",""mofsimplify_solvent_test_00095_EYULOA"",""mofsimplify_solvent_test_00358_UMEKEE""]",False,stopped_before_requested_batch,4,1,4,3,0.75,6.3061170000000004,0.47572900000000001,3.0393620000000001,0.47482200000000002
59,random_baseline,10,0.34999999999999998,2.3989165637663223,"[""mofsimplify_solvent_test_00264_OQETEK"",""mofsimplify_solvent_test_00104_FUYCEJ"",""mofsimplify_solvent_test_00238_NEGZUW"",""mofsimplify_solvent_test_00298_QUBWIU""]",False,stopped_before_requested_batch,4,1,4,2,0.5,6.98414,0.28636299999999998,3.0002819999999999,0.49654199999999998
60,random_baseline,10,0.34999999999999998,2.3989165637663223,"[""mofsimplify_solvent_val_00180_NATHUO"",""mofsimplify_solvent_val_00316_WUSLED"",""mofsimplify_solvent_test_00002_ACOLEL"",""mofsimplify_solvent_val_00046_DUBBEI""]",False,stopped_before_requested_batch,4,1,4,4,1,6.7339849999999997,0.59400200000000003,3.010891,0.49234600000000001
61,random_baseline,10,0.34999999999999998,2.3989165637663223,"[""mofsimplify_solvent_test_00008_AMOYOR"",""mofsimplify_solvent_val_00341_YUBFOR"",""mofsimplify_solvent_test_00246_OCAWAT"",""mofsimplify_solvent_test_00257_OKUSUK""]",False,stopped_before_requested_batch,4,1,4,3,0.75,8.002338,0.37489,2.9282020000000002,0.514432
62,random_baseline,10,0.34999999999999998,2.3989165637663223,"[""mofsimplify_solvent_test_00017_AVUJIL"",""mofsimplify_solvent_test_00137_HOMRIL"",""mofsimplify_solvent_test_00094_EXEWIO"",""mofsimplify_solvent_test_00246_OCAWAT""]",False,stopped_before_requested_batch,4,1,4,3,0.75,7.4803050000000004,0.40105299999999999,3.04643,0.47456599999999999
63,random_baseline,10,0.34999999999999998,2.3989165637663223,"[""mofsimplify_solvent_test_00021_BADYAJ"",""mofsimplify_solvent_test_00093_EWESAC"",""mofsimplify_solvent_test_00384_WILHIK"",""mofsimplify_solvent_test_00433_ZIJVAR"",""mofsimplify_solvent_test_00259_OKUTEV""]",False,stopped_before_requested_batch,5,1,5,4,0.80000000000000004,8.3757649999999995,0.47756799999999999,3.4414630000000002,0.584287
64,random_baseline,10,0.34999999999999998,2.3989165637663223,"[""mofsimplify_solvent_test_00053_COTVOY"",""mofsimplify_solvent_test_00394_XADDUD"",""mofsimplify_solvent_test_00331_XIMPOA01"",""mofsimplify_solvent_test_00058_CUYHIO""]",False,stopped_before_requested_batch,4,1,4,2,0.5,6.0324879999999999,0.331538,3.0216539999999998,0.48270000000000002
65,random_baseline,10,0.34999999999999998,2.3989165637663223,"[""mofsimplify_solvent_val_00180_NATHUO"",""mofsimplify_solvent_val_00059_EDIKIL"",""mofsimplify_solvent_test_00125_GUVCOP"",""mofsimplify_solvent_test_00058_CUYHIO""]",False,stopped_before_requested_batch,4,1,4,3,0.75,6.1623849999999996,0.48682500000000001,3.0541160000000001,0.46240100000000001
66,random_baseline,10,0.34999999999999998,2.3989165637663223,"[""mofsimplify_solvent_test_00390_WORREC"",""mofsimplify_solvent_test_00384_WILHIK"",""mofsimplify_solvent_val_00261_SIYXIH10"",""mofsimplify_solvent_test_00200_LIFSAW"",""mofsimplify_solvent_test_00021_BADYAJ""]",False,stopped_before_requested_batch,5,1,5,3,0.59999999999999998,8.2864240000000002,0.36203800000000003,3.4718909999999998,0.57697900000000002
67,random_baseline,10,0.34999999999999998,2.3989165637663223,"[""mofsimplify_solvent_test_00259_OKUTEV"",""mofsimplify_solvent_test_00004_ACOLOV"",""mofsimplify_solvent_test_00085_EPISOM"",""mofsimplify_solvent_val_00149_KIYJAF"",""mofsimplify_solvent_test_00146_ICITEU""]",False,stopped_before_requested_batch,5,1,5,3,0.59999999999999998,9.1920660000000005,0.32636799999999999,3.4522979999999999,0.58741399999999999
68,random_baseline,10,0.34999999999999998,2.3989165637663223,"[""mofsimplify_solvent_test_00040_CAHQOS"",""mofsimplify_solvent_test_00038_BUSQIQ"",""mofsimplify_solvent_test_00077_EJAXIW"",""mofsimplify_solvent_test_00327_SERWAP"",""mofsimplify_solvent_val_00290_VACLIX""]",False,stopped_before_requested_batch,5,1,5,3,0.59999999999999998,8.8496980000000001,0.33899499999999999,3.4962979999999999,0.55981499999999995
69,random_baseline,10,0.34999999999999998,2.3989165637663223,"[""mofsimplify_solvent_val_00072_EXAXAE"",""mofsimplify_solvent_test_00104_FUYCEJ"",""mofsimplify_solvent_test_00197_LEDWUN"",""mofsimplify_solvent_test_00061_DAMYUO""]",False,stopped_before_requested_batch,4,1,4,3,0.75,6.3583930000000004,0.47181699999999999,3.0401660000000001,0.46694000000000002
70,random_baseline,10,0.34999999999999998,2.3989165637663223,"[""mofsimplify_solvent_test_00155_IYUROK"",""mofsimplify_solvent_val_00343_ZAHLEC"",""mofsimplify_solvent_val_00313_WOZGUP"",""mofsimplify_solvent_test_00226_MUTNAQ""]",False,stopped_before_requested_batch,4,1,4,3,0.75,6.4749499999999998,0.46332400000000001,2.9831910000000001,0.50561400000000001
71,random_baseline,10,0.34999999999999998,2.3989165637663223,"[""mofsimplify_solvent_test_00405_XICYAL"",""mofsimplify_solvent_val_00261_SIYXIH10"",""mofsimplify_solvent_test_00037_BUSQEM"",""mofsimplify_solvent_test_00065_DIKJUD""]",False,stopped_before_requested_batch,4,1,4,0,0,5.9834889999999996,0,2.9842620000000002,0.50343700000000002
72,random_baseline,10,0.34999999999999998,2.3989165637663223,"[""mofsimplify_solvent_test_00405_XICYAL"",""mofsimplify_solvent_test_00306_RAHMAP"",""mofsimplify_solvent_test_00123_GUKYUI"",""mofsimplify_solvent_val_00031_CAWZUX""]",False,stopped_before_requested_batch,4,1,4,2,0.5,7.1283609999999999,0.28056900000000001,2.9711880000000002,0.50899000000000005
73,random_baseline,10,0.34999999999999998,2.3989165637663223,"[""mofsimplify_solvent_test_00297_QOKCID"",""mofsimplify_solvent_test_00041_CANYIB"",""mofsimplify_solvent_test_00258_OKUTAR"",""mofsimplify_solvent_val_00290_VACLIX"",""mofsimplify_solvent_val_00046_DUBBEI""]",False,stopped_before_requested_batch,5,1,5,4,0.80000000000000004,9.3385909999999992,0.42832999999999999,3.4693329999999998,0.57919399999999999
74,random_baseline,10,0.34999999999999998,2.3989165637663223,"[""mofsimplify_solvent_val_00203_ORANAY"",""mofsimplify_solvent_test_00361_UQOWUU"",""mofsimplify_solvent_val_00342_ZAGHAT"",""mofsimplify_solvent_test_00058_CUYHIO""]",False,stopped_before_requested_batch,4,1,4,4,1,6.9276359999999997,0.57739799999999997,3.00014,0.49242999999999998
75,random_baseline,10,0.34999999999999998,2.3989165637663223,"[""mofsimplify_solvent_test_00186_KIYMIP"",""mofsimplify_solvent_val_00219_PAMHIW"",""mofsimplify_solvent_val_00203_ORANAY"",""mofsimplify_solvent_val_00171_MAPHAP""]",False,stopped_before_requested_batch,4,1,4,2,0.5,6.1282269999999999,0.32635900000000001,2.94672,0.52037299999999997
76,random_baseline,10,0.34999999999999998,2.3989165637663223,"[""mofsimplify_solvent_test_00094_EXEWIO"",""mofsimplify_solvent_test_00283_QAKFIU"",""mofsimplify_solvent_test_00036_BUPVEP"",""mofsimplify_solvent_test_00431_ZASJAG"",""mofsimplify_solvent_test_00021_BADYAJ""]",False,stopped_before_requested_batch,5,1,5,4,0.80000000000000004,8.1791350000000005,0.48904900000000001,3.441919,0.57535099999999995
77,random_baseline,10,0.34999999999999998,2.3989165637663223,"[""mofsimplify_solvent_val_00076_FATQID"",""mofsimplify_solvent_test_00259_OKUTEV"",""mofsimplify_solvent_test_00152_IMEDOV"",""mofsimplify_solvent_test_00077_EJAXIW"",""mofsimplify_solvent_test_00036_BUPVEP""]",False,stopped_before_requested_batch,5,1,5,3,0.59999999999999998,9.2401119999999999,0.32467099999999999,3.473233,0.57464899999999997
78,random_baseline,10,0.34999999999999998,2.3989165637663223,"[""mofsimplify_solvent_test_00232_NALYEG"",""mofsimplify_solvent_test_00006_AGUWUV"",""mofsimplify_solvent_val_00200_OMAMEU"",""mofsimplify_solvent_test_00381_WAQQUB""]",False,stopped_before_requested_batch,4,1,4,2,0.5,7.4789000000000003,0.26741900000000002,3.0058579999999999,0.48467399999999999
79,random_baseline,10,0.34999999999999998,2.3989165637663223,"[""mofsimplify_solvent_val_00118_IPIHIA"",""mofsimplify_solvent_test_00384_WILHIK"",""mofsimplify_solvent_test_00358_UMEKEE"",""mofsimplify_solvent_val_00082_FIFPAM""]",False,stopped_before_requested_batch,4,1,4,4,1,5.9013580000000001,0.67781000000000002,3.0243720000000001,0.47565800000000003
80,random_baseline,10,0.34999999999999998,2.3989165637663223,"[""mofsimplify_solvent_test_00376_VUMCEM"",""mofsimplify_solvent_test_00232_NALYEG"",""mofsimplify_solvent_val_00013_AVIPAX"",""mofsimplify_solvent_val_00038_DAMYOI""]",False,stopped_before_requested_batch,4,1,4,1,0.25,7.0106060000000001,0.14264099999999999,2.9530720000000001,0.51267399999999996
81,random_baseline,10,0.34999999999999998,2.3989165637663223,"[""mofsimplify_solvent_val_00076_FATQID"",""mofsimplify_solvent_test_00015_AVILEY"",""mofsimplify_solvent_val_00056_EBUREA"",""mofsimplify_solvent_val_00231_QITZIE"",""mofsimplify_solvent_test_00161_JEJWOL""]",False,stopped_before_requested_batch,5,1,5,4,0.80000000000000004,8.4288779999999992,0.47455900000000001,3.4602369999999998,0.583735
82,random_baseline,10,0.34999999999999998,2.3989165637663223,"[""mofsimplify_solvent_test_00221_MOYYIJ"",""mofsimplify_solvent_test_00435_ZISFEO"",""mofsimplify_solvent_test_00155_IYUROK"",""mofsimplify_solvent_test_00327_SERWAP"",""mofsimplify_solvent_test_00021_BADYAJ""]",False,stopped_before_requested_batch,5,1,5,2,0.40000000000000002,8.3526900000000008,0.23944399999999999,3.4994909999999999,0.56406500000000004
83,random_baseline,10,0.34999999999999998,2.3989165637663223,"[""mofsimplify_solvent_test_00244_NIRDAT"",""mofsimplify_solvent_val_00311_WEFCAN"",""mofsimplify_solvent_test_00083_ENOSAD"",""mofsimplify_solvent_val_00058_ECEZAO01""]",False,stopped_before_requested_batch,4,1,4,1,0.25,6.7267590000000004,0.14865999999999999,3.0220959999999999,0.48141699999999998
84,random_baseline,10,0.34999999999999998,2.3989165637663223,"[""mofsimplify_solvent_test_00176_KEWBUL"",""mofsimplify_solvent_test_00232_NALYEG"",""mofsimplify_solvent_val_00177_MOYYEF"",""mofsimplify_solvent_test_00371_VEHPUU""]",False,stopped_before_requested_batch,4,1,4,2,0.5,6.6342739999999996,0.30146499999999998,3.045598,0.47076400000000002
85,random_baseline,10,0.34999999999999998,2.3989165637663223,"[""mofsimplify_solvent_test_00218_MITGUR01"",""mofsimplify_solvent_val_00058_ECEZAO01"",""mofsimplify_solvent_test_00387_WOHZAU"",""mofsimplify_solvent_test_00036_BUPVEP"",""mofsimplify_solvent_test_00161_JEJWOL""]",False,stopped_before_requested_batch,5,1,5,4,0.80000000000000004,8.7940760000000004,0.45485199999999998,3.488699,0.57136799999999999
86,random_baseline,10,0.34999999999999998,2.3989165637663223,"[""mofsimplify_solvent_test_00407_XOGXAU"",""mofsimplify_solvent_test_00138_HOVGIK"",""mofsimplify_solvent_val_00191_NUNCEG"",""mofsimplify_solvent_val_00180_NATHUO""]",False,stopped_before_requested_batch,4,1,4,2,0.5,6.9694219999999998,0.286968,2.9218109999999999,0.534138
87,random_baseline,10,0.34999999999999998,2.3989165637663223,"[""mofsimplify_solvent_test_00138_HOVGIK"",""mofsimplify_solvent_test_00094_EXEWIO"",""mofsimplify_solvent_val_00034_COPXOV"",""mofsimplify_solvent_test_00259_OKUTEV"",""mofsimplify_solvent_val_00290_VACLIX""]",False,stopped_before_requested_batch,5,1,5,4,0.80000000000000004,8.3237000000000005,0.48055500000000001,3.4964270000000002,0.56251799999999996
88,random_baseline,10,0.34999999999999998,2.3989165637663223,"[""mofsimplify_solvent_test_00045_CEFLEF"",""mofsimplify_solvent_val_00210_OVIWIA"",""mofsimplify_solvent_test_00390_WORREC"",""mofsimplify_solvent_test_00214_MAYJOM""]",False,stopped_before_requested_batch,4,1,4,3,0.75,7.0410019999999998,0.42607600000000001,2.9989479999999999,0.48921100000000001
89,random_baseline,10,0.34999999999999998,2.3989165637663223,"[""mofsimplify_solvent_test_00331_XIMPOA01"",""mofsimplify_solvent_test_00095_EYULOA"",""mofsimplify_solvent_val_00260_SEVLEM"",""mofsimplify_solvent_test_00253_OGECOU""]",False,stopped_before_requested_batch,4,1,4,3,0.75,7.9373300000000002,0.37796099999999999,2.9392849999999999,0.52365799999999996
90,random_baseline,10,0.34999999999999998,2.3989165637663223,"[""mofsimplify_solvent_test_00176_KEWBUL"",""mofsimplify_solvent_val_00341_YUBFOR"",""mofsimplify_solvent_val_00102_HADQUA"",""mofsimplify_solvent_test_00200_LIFSAW"",""mofsimplify_solvent_val_00290_VACLIX""]",False,stopped_before_requested_batch,5,1,5,3,0.59999999999999998,8.7540069999999996,0.3427,3.481697,0.571604
91,random_baseline,10,0.34999999999999998,2.3989165637663223,"[""mofsimplify_solvent_test_00232_NALYEG"",""mofsimplify_solvent_val_00281_UJEFOE01"",""mofsimplify_solvent_val_00333_YEGKOM"",""mofsimplify_solvent_test_00376_VUMCEM""]",False,stopped_before_requested_batch,4,1,4,2,0.5,7.2941190000000002,0.27419300000000002,3.00529,0.48513200000000001
92,random_baseline,10,0.34999999999999998,2.3989165637663223,"[""mofsimplify_solvent_test_00017_AVUJIL"",""mofsimplify_solvent_test_00136_HELDOT"",""mofsimplify_solvent_test_00411_XUVQOW"",""mofsimplify_solvent_val_00090_GARQAU""]",False,stopped_before_requested_batch,4,1,4,1,0.25,6.2886340000000001,0.15901699999999999,2.9697100000000001,0.51342399999999999
93,random_baseline,10,0.34999999999999998,2.3989165637663223,"[""mofsimplify_solvent_test_00407_XOGXAU"",""mofsimplify_solvent_test_00431_ZASJAG"",""mofsimplify_solvent_test_00139_YUBQET"",""mofsimplify_solvent_test_00073_DUPVER""]",False,stopped_before_requested_batch,4,1,4,3,0.75,5.5300419999999999,0.54249099999999995,2.9166319999999999,0.535798
94,random_baseline,10,0.34999999999999998,2.3989165637663223,"[""mofsimplify_solvent_val_00058_ECEZAO01"",""mofsimplify_solvent_val_00260_SEVLEM"",""mofsimplify_solvent_test_00413_XUYXAR"",""mofsimplify_solvent_test_00259_OKUTEV"",""mofsimplify_solvent_test_00021_BADYAJ""]",False,stopped_before_requested_batch,5,1,5,4,0.80000000000000004,10.494674,0.38114599999999998,3.4236080000000002,0.58977000000000002
95,random_baseline,10,0.34999999999999998,2.3989165637663223,"[""mofsimplify_solvent_test_00017_AVUJIL"",""mofsimplify_solvent_test_00075_EBIJAC"",""mofsimplify_solvent_val_00076_FATQID"",""mofsimplify_solvent_test_00381_WAQQUB"",""mofsimplify_solvent_val_00290_VACLIX""]",False,stopped_before_requested_batch,5,1,5,4,0.80000000000000004,8.6718740000000007,0.46126099999999998,3.4898189999999998,0.57279100000000005
96,random_baseline,10,0.34999999999999998,2.3989165637663223,"[""mofsimplify_solvent_test_00298_QUBWIU"",""mofsimplify_solvent_test_00226_MUTNAQ"",""mofsimplify_solvent_test_00288_QERWAL"",""mofsimplify_solvent_test_00222_MUDLON""]",False,stopped_before_requested_batch,4,1,4,2,0.5,6.9416830000000003,0.28811500000000001,2.917554,0.53455600000000003
97,random_baseline,10,0.34999999999999998,2.3989165637663223,"[""mofsimplify_solvent_val_00152_KUKPOX"",""mofsimplify_solvent_test_00196_LEDPIU"",""mofsimplify_solvent_val_00100_GUPBEZ02"",""mofsimplify_solvent_test_00015_AVILEY"",""mofsimplify_solvent_test_00021_BADYAJ""]",False,stopped_before_requested_batch,5,1,5,4,0.80000000000000004,12.3894,0.32285700000000001,3.4601410000000001,0.56476199999999999
98,random_baseline,10,0.34999999999999998,2.3989165637663223,"[""mofsimplify_solvent_val_00318_XADDAJ"",""mofsimplify_solvent_test_00394_XADDUD"",""mofsimplify_solvent_test_00232_NALYEG"",""mofsimplify_solvent_test_00326_SEGBIR""]",False,stopped_before_requested_batch,4,1,4,2,0.5,6.5967760000000002,0.303178,2.9957690000000001,0.494008
99,random_baseline,10,0.34999999999999998,2.3989165637663223,"[""mofsimplify_solvent_test_00407_XOGXAU"",""mofsimplify_solvent_test_00052_COTVIS"",""mofsimplify_solvent_test_00246_OCAWAT"",""mofsimplify_solvent_test_00093_EWESAC""]",False,stopped_before_requested_batch,4,1,4,3,0.75,7.0376899999999996,0.42627599999999999,2.96827,0.51245099999999999
0,random_baseline,20,0.34999999999999998,2.3989165637663223,"[""mofsimplify_solvent_test_00327_SERWAP"",""mofsimplify_solvent_test_00152_IMEDOV"",""mofsimplify_solvent_test_00052_COTVIS"",""mofsimplify_solvent_val_00271_TIXCIO"",""mofsimplify_solvent_val_00295_VAYWID"",""mofsimplify_solvent_val_00056_EBUREA"",""mofsimplify_solvent_val_00097_GIXGOK"",""mofsimplify_solvent_val_00034_COPXOV"",""mofsimplify_solvent_val_00191_NUNCEG""]",False,stopped_before_requested_batch,9,1,9,5,0.55555600000000005,16.168831000000001,0.30923699999999998,6.5588160000000002,0.53188100000000005
1,random_baseline,20,0.34999999999999998,2.3989165637663223,"[""mofsimplify_solvent_test_00037_BUSQEM"",""mofsimplify_solvent_test_00054_COTVUE"",""mofsimplify_solvent_test_00247_OCOKUP"",""mofsimplify_solvent_test_00405_XICYAL"",""mofsimplify_solvent_val_00048_DUDZOT"",""mofsimplify_solvent_val_00162_LUJBAV"",""mofsimplify_solvent_test_00297_QOKCID"",""mofsimplify_solvent_test_00394_XADDUD"",""mofsimplify_solvent_val_00261_SIYXIH10""]",False,stopped_before_requested_batch,9,1,9,3,0.33333299999999999,13.788002000000001,0.21758,6.706772,0.49771500000000002
2,random_baseline,20,0.34999999999999998,2.3989165637663223,"[""mofsimplify_solvent_test_00316_RIWMUH"",""mofsimplify_solvent_val_00269_TEYLIU"",""mofsimplify_solvent_val_00118_IPIHIA"",""mofsimplify_solvent_val_00294_VAYWEZ"",""mofsimplify_solvent_test_00008_AMOYOR"",""mofsimplify_solvent_test_00289_QEYWUN"",""mofsimplify_solvent_test_00029_BIDPOV"",""mofsimplify_solvent_val_00100_GUPBEZ02"",""mofsimplify_solvent_val_00319_XADDOX""]",False,stopped_before_requested_batch,9,1,9,7,0.77777799999999997,17.926099000000001,0.39049200000000001,6.7574149999999999,0.4904
3,random_baseline,20,0.34999999999999998,2.3989165637663223,"[""mofsimplify_solvent_test_00288_QERWAL"",""mofsimplify_solvent_val_00099_GUKFEY"",""mofsimplify_solvent_val_00191_NUNCEG"",""mofsimplify_solvent_val_00258_SENVIR"",""mofsimplify_solvent_val_00200_OMAMEU"",""mofsimplify_solvent_test_00280_POMMAH"",""mofsimplify_solvent_test_00352_UBOGAV"",""mofsimplify_solvent_test_00104_FUYCEJ"",""mofsimplify_solvent_val_00056_EBUREA""]",False,stopped_before_requested_batch,9,1,9,4,0.44444400000000001,15.746305,0.25402799999999998,6.6910540000000003,0.50760700000000003
4,random_baseline,20,0.34999999999999998,2.3989165637663223,"[""mofsimplify_solvent_test_00226_MUTNAQ"",""mofsimplify_solvent_test_00394_XADDUD"",""mofsimplify_solvent_test_00356_ULASAD"",""mofsimplify_solvent_test_00052_COTVIS"",""mofsimplify_solvent_test_00388_WOJJOV"",""mofsimplify_solvent_test_00414_YARBAW"",""mofsimplify_solvent_test_00412_XUWKEH"",""mofsimplify_solvent_val_00097_GIXGOK"",""mofsimplify_solvent_test_00015_AVILEY""]",False,stopped_before_requested_batch,9,1,9,6,0.66666700000000001,15.390917999999999,0.38984000000000002,6.6185929999999997,0.48721500000000001
5,random_baseline,20,0.34999999999999998,2.3989165637663223,"[""mofsimplify_solvent_test_00188_KOMGUP"",""mofsimplify_solvent_test_00283_QAKFIU"",""mofsimplify_solvent_val_00038_DAMYOI"",""mofsimplify_solvent_test_00288_QERWAL"",""mofsimplify_solvent_test_00034_BOWNUY"",""mofsimplify_solvent_test_00053_COTVOY"",""mofsimplify_solvent_test_00142_HUWLUI"",""mofsimplify_solvent_val_00281_UJEFOE01"",""mofsimplify_solvent_test_00415_YATDUV""]",False,stopped_before_requested_batch,9,1,9,5,0.55555600000000005,15.120431,0.33067800000000003,6.7542920000000004,0.49653900000000001
6,random_baseline,20,0.34999999999999998,2.3989165637663223,"[""mofsimplify_solvent_test_00016_AVIPOL"",""mofsimplify_solvent_test_00075_EBIJAC"",""mofsimplify_solvent_test_00054_COTVUE"",""mofsimplify_solvent_val_00319_XADDOX"",""mofsimplify_solvent_test_00394_XADDUD"",""mofsimplify_solvent_val_00335_YEKXUJ"",""mofsimplify_solvent_test_00178_KIDXUR"",""mofsimplify_solvent_val_00341_YUBFOR"",""mofsimplify_solvent_test_00021_BADYAJ""]",False,stopped_before_requested_batch,9,1,9,5,0.55555600000000005,14.210486,0.35185300000000003,6.5034679999999998,0.53718100000000002
7,random_baseline,20,0.34999999999999998,2.3989165637663223,"[""mofsimplify_solvent_test_00394_XADDUD"",""mofsimplify_solvent_test_00142_HUWLUI"",""mofsimplify_solvent_test_00197_LEDWUN"",""mofsimplify_solvent_test_00361_UQOWUU"",""mofsimplify_solvent_test_00094_EXEWIO"",""mofsimplify_solvent_test_00253_OGECOU"",""mofsimplify_solvent_test_00298_QUBWIU"",""mofsimplify_solvent_val_00225_POZHUI"",""mofsimplify_solvent_val_00072_EXAXAE""]",False,stopped_before_requested_batch,9,1,9,5,0.55555600000000005,16.460557000000001,0.30375600000000003,6.7441779999999998,0.49236799999999997
8,random_baseline,20,0.34999999999999998,2.3989165637663223,"[""mofsimplify_solvent_test_00221_MOYYIJ"",""mofsimplify_solvent_val_00315_WURNOO"",""mofsimplify_solvent_val_00239_QOXFIU"",""mofsimplify_solvent_test_00431_ZASJAG"",""mofsimplify_solvent_val_00180_NATHUO"",""mofsimplify_solvent_val_00313_WOZGUP"",""mofsimplify_solvent_test_00155_IYUROK"",""mofsimplify_solvent_test_00264_OQETEK"",""mofsimplify_solvent_test_00152_IMEDOV""]",False,stopped_before_requested_batch,9,1,9,7,0.77777799999999997,14.901236000000001,0.46976000000000001,6.6466289999999999,0.51894200000000001
9,random_baseline,20,0.34999999999999998,2.3989165637663223,"[""mofsimplify_solvent_test_00008_AMOYOR"",""mofsimplify_solvent_test_00352_UBOGAV"",""mofsimplify_solvent_test_00411_XUVQOW"",""mofsimplify_solvent_val_00281_UJEFOE01"",""mofsimplify_solvent_val_00139_KAVTUY"",""mofsimplify_solvent_test_00136_HELDOT"",""mofsimplify_solvent_test_00186_KIYMIP"",""mofsimplify_solvent_test_00257_OKUSUK"",""mofsimplify_solvent_test_00152_IMEDOV""]",False,stopped_before_requested_batch,9,1,9,7,0.77777799999999997,15.006912,0.46645199999999998,6.6577739999999999,0.50431300000000001
10,random_baseline,20,0.34999999999999998,2.3989165637663223,"[""mofsimplify_solvent_test_00257_OKUSUK"",""mofsimplify_solvent_test_00407_XOGXAU"",""mofsimplify_solvent_val_00269_TEYLIU"",""mofsimplify_solvent_val_00210_OVIWIA"",""mofsimplify_solvent_test_00264_OQETEK"",""mofsimplify_solvent_test_00298_QUBWIU"",""mofsimplify_solvent_test_00053_COTVOY"",""mofsimplify_solvent_val_00161_LIXWEV"",""mofsimplify_solvent_test_00316_RIWMUH""]",False,stopped_before_requested_batch,9,1,9,5,0.55555600000000005,15.920069,0.31406899999999999,6.6271769999999997,0.50900699999999999
11,random_baseline,20,0.34999999999999998,2.3989165637663223,"[""mofsimplify_solvent_val_00150_KOMHAW"",""mofsimplify_solvent_val_00149_KIYJAF"",""mofsimplify_solvent_test_00280_POMMAH"",""mofsimplify_solvent_test_00045_CEFLEF"",""mofsimplify_solvent_test_00123_GUKYUI"",""mofsimplify_solvent_test_00137_HOMRIL"",""mofsimplify_solvent_test_00221_MOYYIJ"",""mofsimplify_solvent_val_00046_DUBBEI"",""mofsimplify_solvent_test_00038_BUSQIQ""]",False,stopped_before_requested_batch,9,1,9,8,0.88888900000000004,14.743698,0.542605,6.6527269999999996,0.517208
12,random_baseline,20,0.34999999999999998,2.3989165637663223,"[""mofsimplify_solvent_test_00138_HOVGIK"",""mofsimplify_solvent_val_00261_SIYXIH10"",""mofsimplify_solvent_test_00413_XUYXAR"",""mofsimplify_solvent_test_00390_WORREC"",""mofsimplify_solvent_val_00081_FIFNUE"",""mofsimplify_solvent_val_00200_OMAMEU"",""mofsimplify_solvent_val_00210_OVIWIA"",""mofsimplify_solvent_val_00184_NEXVET"",""mofsimplify_solvent_test_00104_FUYCEJ""]",False,stopped_before_requested_batch,9,1,9,6,0.66666700000000001,14.522036,0.413165,6.7876709999999996,0.48070400000000002
13,random_baseline,20,0.34999999999999998,2.3989165637663223,"[""mofsimplify_solvent_test_00361_UQOWUU"",""mofsimplify_solvent_test_00335_TACJIS"",""mofsimplify_solvent_test_00288_QERWAL"",""mofsimplify_solvent_test_00326_SEGBIR"",""mofsimplify_solvent_val_00082_FIFPAM"",""mofsimplify_solvent_test_00268_PACGIM"",""mofsimplify_solvent_test_00394_XADDUD"",""mofsimplify_solvent_val_00262_SOCNAB"",""mofsimplify_solvent_val_00177_MOYYEF""]",False,stopped_before_requested_batch,9,1,9,4,0.44444400000000001,15.169159000000001,0.26369300000000001,6.6674769999999999,0.51132500000000003
14,random_baseline,20,0.34999999999999998,2.3989165637663223,"[""mofsimplify_solvent_val_00171_MAPHAP"",""mofsimplify_solvent_test_00306_RAHMAP"",""mofsimplify_solvent_test_00161_JEJWOL"",""mofsimplify_solvent_val_00334_YEKXOD"",""mofsimplify_solvent_val_00099_GUKFEY"",""mofsimplify_solvent_test_00217_MIBMER"",""mofsimplify_solvent_val_00332_YARBUQ"",""mofsimplify_solvent_test_00335_TACJIS"",""mofsimplify_solvent_val_00318_XADDAJ""]",False,stopped_before_requested_batch,9,1,9,5,0.55555600000000005,14.837541999999999,0.33698299999999998,6.643713,0.51440799999999998
15,random_baseline,20,0.34999999999999998,2.3989165637663223,"[""mofsimplify_solvent_test_00387_WOHZAU"",""mofsimplify_solvent_test_00201_LIFSEA"",""mofsimplify_solvent_test_00214_MAYJOM"",""mofsimplify_solvent_test_00289_QEYWUN"",""mofsimplify_solvent_val_00245_REWNEO01"",""mofsimplify_solvent_val_00319_XADDOX"",""mofsimplify_solvent_val_00202_OMOVET"",""mofsimplify_solvent_val_00058_ECEZAO01"",""mofsimplify_solvent_test_00016_AVIPOL""]",False,stopped_before_requested_batch,9,1,9,4,0.44444400000000001,14.399323000000001,0.27779100000000001,6.5693080000000004,0.53327199999999997
16,random_baseline,20,0.34999999999999998,2.3989165637663223,"[""mofsimplify_solvent_test_00073_DUPVER"",""mofsimplify_solvent_test_00094_EXEWIO"",""mofsimplify_solvent_test_00298_QUBWIU"",""mofsimplify_solvent_test_00008_AMOYOR"",""mofsimplify_solvent_test_00252_OGAXUR"",""mofsimplify_solvent_val_00100_GUPBEZ02"",""mofsimplify_solvent_test_00058_CUYHIO"",""mofsimplify_solvent_val_00319_XADDOX"",""mofsimplify_solvent_val_00033_COJHIT""]",False,stopped_before_requested_batch,9,1,9,6,0.66666700000000001,18.012665999999999,0.33309899999999998,6.7918390000000004,0.48280800000000001
17,random_baseline,20,0.34999999999999998,2.3989165637663223,"[""mofsimplify_solvent_test_00238_NEGZUW"",""mofsimplify_solvent_test_00326_SEGBIR"",""mofsimplify_solvent_val_00118_IPIHIA"",""mofsimplify_solvent_val_00175_MONWET"",""mofsimplify_solvent_test_00029_BIDPOV"",""mofsimplify_solvent_test_00085_EPISOM"",""mofsimplify_solvent_test_00252_OGAXUR"",""mofsimplify_solvent_val_00335_YEKXUJ"",""mofsimplify_solvent_val_00048_DUDZOT""]",False,stopped_before_requested_batch,9,1,9,7,0.77777799999999997,14.8057,0.47279100000000002,6.7273440000000004,0.50087300000000001
18,random_baseline,20,0.34999999999999998,2.3989165637663223,"[""mofsimplify_solvent_test_00361_UQOWUU"",""mofsimplify_solvent_val_00348_ZUQMAB"",""mofsimplify_solvent_val_00219_PAMHIW"",""mofsimplify_solvent_test_00221_MOYYIJ"",""mofsimplify_solvent_test_00338_TEBSAW"",""mofsimplify_solvent_val_00278_UDEPIE"",""mofsimplify_solvent_val_00335_YEKXUJ"",""mofsimplify_solvent_val_00097_GIXGOK"",""mofsimplify_solvent_test_00411_XUVQOW""]",False,stopped_before_requested_batch,9,1,9,5,0.55555600000000005,14.713523,0.33982299999999999,6.6259040000000002,0.520231
19,random_baseline,20,0.34999999999999998,2.3989165637663223,"[""mofsimplify_solvent_test_00105_FUYCIN"",""mofsimplify_solvent_test_00006_AGUWUV"",""mofsimplify_solvent_val_00333_YEGKOM"",""mofsimplify_solvent_test_00386_WODVOB"",""mofsimplify_solvent_val_00342_ZAGHAT"",""mofsimplify_solvent_val_00271_TIXCIO"",""mofsimplify_solvent_test_00352_UBOGAV"",""mofsimplify_solvent_val_00076_FATQID"",""mofsimplify_solvent_test_00017_AVUJIL""]",False,stopped_before_requested_batch,9,1,9,6,0.66666700000000001,14.572962,0.411721,6.7674859999999999,0.49215799999999998
20,random_baseline,20,0.34999999999999998,2.3989165637663223,"[""mofsimplify_solvent_test_00361_UQOWUU"",""mofsimplify_solvent_val_00278_UDEPIE"",""mofsimplify_solvent_val_00262_SOCNAB"",""mofsimplify_solvent_test_00034_BOWNUY"",""mofsimplify_solvent_test_00363_UTOTUT"",""mofsimplify_solvent_val_00141_KEGZOL"",""mofsimplify_solvent_val_00260_SEVLEM"",""mofsimplify_solvent_test_00065_DIKJUD"",""mofsimplify_solvent_val_00245_REWNEO01""]",False,stopped_before_requested_batch,9,1,9,6,0.66666700000000001,17.234539999999999,0.348138,6.686369,0.48871900000000001
21,random_baseline,20,0.34999999999999998,2.3989165637663223,"[""mofsimplify_solvent_val_00294_VAYWEZ"",""mofsimplify_solvent_test_00258_OKUTAR"",""mofsimplify_solvent_val_00344_ZALMIL"",""mofsimplify_solvent_test_00137_HOMRIL"",""mofsimplify_solvent_test_00036_BUPVEP"",""mofsimplify_solvent_test_00218_MITGUR01"",""mofsimplify_solvent_val_00319_XADDOX"",""mofsimplify_solvent_val_00099_GUKFEY"",""mofsimplify_solvent_val_00284_UMOKIS""]",False,stopped_before_requested_batch,9,1,9,4,0.44444400000000001,15.396008,0.25980799999999998,6.5663939999999998,0.52453700000000003
22,random_baseline,20,0.34999999999999998,2.3989165637663223,"[""mofsimplify_solvent_test_00253_OGECOU"",""mofsimplify_solvent_val_00335_YEKXUJ"",""mofsimplify_solvent_test_00178_KIDXUR"",""mofsimplify_solvent_val_00202_OMOVET"",""mofsimplify_solvent_test_00394_XADDUD"",""mofsimplify_solvent_val_00099_GUKFEY"",""mofsimplify_solvent_val_00271_TIXCIO"",""mofsimplify_solvent_test_00161_JEJWOL"",""mofsimplify_solvent_val_00034_COPXOV""]",False,stopped_before_requested_batch,9,1,9,5,0.55555600000000005,14.954734,0.33434199999999997,6.5962750000000003,0.52516799999999997
23,random_baseline,20,0.34999999999999998,2.3989165637663223,"[""mofsimplify_solvent_val_00048_DUDZOT"",""mofsimplify_solvent_test_00206_LUYSEF"",""mofsimplify_solvent_test_00008_AMOYOR"",""mofsimplify_solvent_test_00153_INIXOT"",""mofsimplify_solvent_val_00269_TEYLIU"",""mofsimplify_solvent_val_00150_KOMHAW"",""mofsimplify_solvent_test_00137_HOMRIL"",""mofsimplify_solvent_val_00141_KEGZOL"",""mofsimplify_solvent_val_00149_KIYJAF""]",False,stopped_before_requested_batch,9,1,9,8,0.88888900000000004,14.886736000000001,0.53739099999999995,6.7607480000000004,0.47387000000000001
24,random_baseline,20,0.34999999999999998,2.3989165637663223,"[""mofsimplify_solvent_val_00343_ZAHLEC"",""mofsimplify_solvent_val_00316_WUSLED"",""mofsimplify_solvent_test_00246_OCAWAT"",""mofsimplify_solvent_test_00003_ACOLIP"",""mofsimplify_solvent_test_00264_OQETEK"",""mofsimplify_solvent_test_00103_FUXXIH"",""mofsimplify_solvent_val_00145_KILJEV"",""mofsimplify_solvent_test_00053_COTVOY"",""mofsimplify_solvent_test_00004_ACOLOV""]",False,stopped_before_requested_batch,9,1,9,6,0.66666700000000001,16.004415000000002,0.37489699999999998,6.7417899999999999,0.49567600000000001
25,random_baseline,20,0.34999999999999998,2.3989165637663223,"[""mofsimplify_solvent_test_00052_COTVIS"",""mofsimplify_solvent_val_00174_MONQIR"",""mofsimplify_solvent_test_00331_XIMPOA01"",""mofsimplify_solvent_val_00013_AVIPAX"",""mofsimplify_solvent_val_00245_REWNEO01"",""mofsimplify_solvent_val_00231_QITZIE"",""mofsimplify_solvent_test_00083_ENOSAD"",""mofsimplify_solvent_val_00342_ZAGHAT"",""mofsimplify_solvent_val_00171_MAPHAP""]",False,stopped_before_requested_batch,9,1,9,4,0.44444400000000001,14.143376,0.28281800000000001,6.7576229999999997,0.49332399999999998
26,random_baseline,20,0.34999999999999998,2.3989165637663223,"[""mofsimplify_solvent_test_00335_TACJIS"",""mofsimplify_solvent_test_00041_CANYIB"",""mofsimplify_solvent_test_00083_ENOSAD"",""mofsimplify_solvent_val_00239_QOXFIU"",""mofsimplify_solvent_val_00347_ZUKNAW"",""mofsimplify_solvent_val_00081_FIFNUE"",""mofsimplify_solvent_val_00334_YEKXOD"",""mofsimplify_solvent_test_00221_MOYYIJ"",""mofsimplify_solvent_test_00253_OGECOU""]",False,stopped_before_requested_batch,9,1,9,5,0.55555600000000005,15.732023999999999,0.31782300000000002,6.7483620000000002,0.49415100000000001
27,random_baseline,20,0.34999999999999998,2.3989165637663223,"[""mofsimplify_solvent_val_00013_AVIPAX"",""mofsimplify_solvent_test_00206_LUYSEF"",""mofsimplify_solvent_val_00225_POZHUI"",""mofsimplify_solvent_val_00313_WOZGUP"",""mofsimplify_solvent_test_00415_YATDUV"",""mofsimplify_solvent_val_00145_KILJEV"",""mofsimplify_solvent_test_00125_GUVCOP"",""mofsimplify_solvent_val_00318_XADDAJ"",""mofsimplify_solvent_test_00016_AVIPOL""]",False,stopped_before_requested_batch,9,1,9,3,0.33333299999999999,13.978432,0.214616,6.775309,0.48776700000000001
28,random_baseline,20,0.34999999999999998,2.3989165637663223,"[""mofsimplify_solvent_test_00186_KIYMIP"",""mofsimplify_solvent_test_00327_SERWAP"",""mofsimplify_solvent_val_00231_QITZIE"",""mofsimplify_solvent_test_00359_UMEKII"",""mofsimplify_solvent_test_00298_QUBWIU"",""mofsimplify_solvent_test_00246_OCAWAT"",""mofsimplify_solvent_test_00252_OGAXUR"",""mofsimplify_solvent_val_00046_DUBBEI"",""mofsimplify_solvent_val_00161_LIXWEV""]",False,stopped_before_requested_batch,9,1,9,5,0.55555600000000005,16.048898999999999,0.31154799999999999,6.6661640000000002,0.50770199999999999
29,random_baseline,20,0.34999999999999998,2.3989165637663223,"[""mofsimplify_solvent_test_00388_WOJJOV"",""mofsimplify_solvent_val_00059_EDIKIL"",""mofsimplify_solvent_test_00125_GUVCOP"",""mofsimplify_solvent_test_00052_COTVIS"",""mofsimplify_solvent_val_00239_QOXFIU"",""mofsimplify_solvent_test_00058_CUYHIO"",""mofsimplify_solvent_test_00178_KIDXUR"",""mofsimplify_solvent_val_00271_TIXCIO"",""mofsimplify_solvent_test_00103_FUXXIH""]",False,stopped_before_requested_batch,9,1,9,5,0.55555600000000005,14.800071000000001,0.33783600000000003,6.7955779999999999,0.48427700000000001
30,random_baseline,20,0.34999999999999998,2.3989165637663223,"[""mofsimplify_solvent_val_00118_IPIHIA"",""mofsimplify_solvent_val_00258_SENVIR"",""mofsimplify_solvent_test_00247_OCOKUP"",""mofsimplify_solvent_test_00013_ASUBIB"",""mofsimplify_solvent_test_00002_ACOLEL"",""mofsimplify_solvent_val_00100_GUPBEZ02"",""mofsimplify_solvent_test_00155_IYUROK"",""mofsimplify_solvent_test_00125_GUVCOP"",""mofsimplify_solvent_val_00260_SEVLEM""]",False,stopped_before_requested_batch,9,1,9,5,0.55555600000000005,19.359278,0.258274,6.7838409999999998,0.47366999999999998
31,random_baseline,20,0.34999999999999998,2.3989165637663223,"[""mofsimplify_solvent_test_00077_EJAXIW"",""mofsimplify_solvent_test_00371_VEHPUU"",""mofsimplify_solvent_test_00041_CANYIB"",""mofsimplify_solvent_val_00081_FIFNUE"",""mofsimplify_solvent_test_00103_FUXXIH"",""mofsimplify_solvent_test_00196_LEDPIU"",""mofsimplify_solvent_val_00097_GIXGOK"",""mofsimplify_solvent_test_00034_BOWNUY"",""mofsimplify_solvent_val_00332_YARBUQ""]",False,stopped_before_requested_batch,9,1,9,4,0.44444400000000001,14.170636999999999,0.28227400000000002,6.7069279999999996,0.50124899999999994
32,random_baseline,20,0.34999999999999998,2.3989165637663223,"[""mofsimplify_solvent_test_00356_ULASAD"",""mofsimplify_solvent_val_00174_MONQIR"",""mofsimplify_solvent_test_00331_XIMPOA01"",""mofsimplify_solvent_test_00094_EXEWIO"",""mofsimplify_solvent_test_00008_AMOYOR"",""mofsimplify_solvent_val_00341_YUBFOR"",""mofsimplify_solvent_val_00278_UDEPIE"",""mofsimplify_solvent_val_00315_WURNOO"",""mofsimplify_solvent_test_00176_KEWBUL""]",False,stopped_before_requested_batch,9,1,9,8,0.88888900000000004,14.404045999999999,0.5554,6.8525020000000003,0.46010600000000001
33,random_baseline,20,0.34999999999999998,2.3989165637663223,"[""mofsimplify_solvent_test_00356_ULASAD"",""mofsimplify_solvent_test_00016_AVIPOL"",""mofsimplify_solvent_val_00342_ZAGHAT"",""mofsimplify_solvent_test_00095_EYULOA"",""mofsimplify_solvent_test_00306_RAHMAP"",""mofsimplify_solvent_test_00376_VUMCEM"",""mofsimplify_solvent_val_00285_UNABIV"",""mofsimplify_solvent_val_00260_SEVLEM"",""mofsimplify_solvent_test_00065_DIKJUD""]",False,stopped_before_requested_batch,9,1,9,6,0.66666700000000001,16.294053000000002,0.368232,6.734782,0.47862100000000002
34,random_baseline,20,0.34999999999999998,2.3989165637663223,"[""mofsimplify_solvent_val_00081_FIFNUE"",""mofsimplify_solvent_val_00013_AVIPAX"",""mofsimplify_solvent_val_00149_KIYJAF"",""mofsimplify_solvent_test_00352_UBOGAV"",""mofsimplify_solvent_val_00145_KILJEV"",""mofsimplify_solvent_val_00262_SOCNAB"",""mofsimplify_solvent_val_00033_COJHIT"",""mofsimplify_solvent_test_00178_KIDXUR"",""mofsimplify_solvent_val_00139_KAVTUY""]",False,stopped_before_requested_batch,9,1,9,4,0.44444400000000001,14.355658999999999,0.27863599999999999,6.8510289999999996,0.46543099999999998
35,random_baseline,20,0.34999999999999998,2.3989165637663223,"[""mofsimplify_solvent_val_00107_HIMSAY"",""mofsimplify_solvent_val_00319_XADDOX"",""mofsimplify_solvent_test_00298_QUBWIU"",""mofsimplify_solvent_test_00034_BOWNUY"",""mofsimplify_solvent_test_00388_WOJJOV"",""mofsimplify_solvent_test_00387_WOHZAU"",""mofsimplify_solvent_val_00258_SENVIR"",""mofsimplify_solvent_test_00405_XICYAL"",""mofsimplify_solvent_val_00038_DAMYOI""]",False,stopped_before_requested_batch,9,1,9,3,0.33333299999999999,14.214244000000001,0.21105599999999999,6.607437,0.52666599999999997
36,random_baseline,20,0.34999999999999998,2.3989165637663223,"[""mofsimplify_solvent_val_00343_ZAHLEC"",""mofsimplify_solvent_val_00184_NEXVET"",""mofsimplify_solvent_test_00013_ASUBIB"",""mofsimplify_solvent_test_00002_ACOLEL"",""mofsimplify_solvent_test_00017_AVUJIL"",""mofsimplify_solvent_test_00363_UTOTUT"",""mofsimplify_solvent_test_00390_WORREC"",""mofsimplify_solvent_test_00003_ACOLIP"",""mofsimplify_solvent_test_00384_WILHIK""]",False,stopped_before_requested_batch,9,1,9,5,0.55555600000000005,13.692099000000001,0.365174,6.706855,0.50608799999999998
37,random_baseline,20,0.34999999999999998,2.3989165637663223,"[""mofsimplify_solvent_val_00174_MONQIR"",""mofsimplify_solvent_test_00217_MIBMER"",""mofsimplify_solvent_test_00146_ICITEU"",""mofsimplify_solvent_test_00178_KIDXUR"",""mofsimplify_solvent_val_00269_TEYLIU"",""mofsimplify_solvent_val_00081_FIFNUE"",""mofsimplify_solvent_test_00381_WAQQUB"",""mofsimplify_solvent_test_00214_MAYJOM"",""mofsimplify_solvent_val_00281_UJEFOE01""]",False,stopped_before_requested_batch,9,1,9,6,0.66666700000000001,14.430717,0.41577999999999998,6.5652270000000001,0.52765099999999998
38,random_baseline,20,0.34999999999999998,2.3989165637663223,"[""mofsimplify_solvent_val_00261_SIYXIH10"",""mofsimplify_solvent_test_00041_CANYIB"",""mofsimplify_solvent_val_00315_WURNOO"",""mofsimplify_solvent_val_00260_SEVLEM"",""mofsimplify_solvent_val_00348_ZUQMAB"",""mofsimplify_solvent_test_00226_MUTNAQ"",""mofsimplify_solvent_test_00040_CAHQOS"",""mofsimplify_solvent_test_00155_IYUROK"",""mofsimplify_solvent_val_00102_HADQUA""]",False,stopped_before_requested_batch,9,1,9,7,0.77777799999999997,16.422146999999999,0.42625400000000002,6.5622249999999998,0.53115699999999999
39,random_baseline,20,0.34999999999999998,2.3989165637663223,"[""mofsimplify_solvent_test_00414_YARBAW"",""mofsimplify_solvent_test_00045_CEFLEF"",""mofsimplify_solvent_val_00239_QOXFIU"",""mofsimplify_solvent_test_00075_EBIJAC"",""mofsimplify_solvent_test_00253_OGECOU"",""mofsimplify_solvent_val_00150_KOMHAW"",""mofsimplify_solvent_val_00294_VAYWEZ"",""mofsimplify_solvent_val_00295_VAYWID"",""mofsimplify_solvent_test_00280_POMMAH""]",False,stopped_before_requested_batch,9,1,9,5,0.55555600000000005,15.056105000000001,0.33209100000000003,6.7510240000000001,0.49574000000000001
40,random_baseline,20,0.34999999999999998,2.3989165637663223,"[""mofsimplify_solvent_test_00093_EWESAC"",""mofsimplify_solvent_test_00232_NALYEG"",""mofsimplify_solvent_val_00038_DAMYOI"",""mofsimplify_solvent_test_00201_LIFSEA"",""mofsimplify_solvent_test_00013_ASUBIB"",""mofsimplify_solvent_test_00394_XADDUD"",""mofsimplify_solvent_val_00048_DUDZOT"",""mofsimplify_solvent_val_00082_FIFPAM"",""mofsimplify_solvent_test_00036_BUPVEP""]",False,stopped_before_requested_batch,9,1,9,5,0.55555600000000005,15.025411,0.33277000000000001,6.5451069999999998,0.52430299999999996
41,random_baseline,20,0.34999999999999998,2.3989165637663223,"[""mofsimplify_solvent_test_00186_KIYMIP"",""mofsimplify_solvent_test_00407_XOGXAU"",""mofsimplify_solvent_test_00298_QUBWIU"",""mofsimplify_solvent_test_00247_OCOKUP"",""mofsimplify_solvent_test_00206_LUYSEF"",""mofsimplify_solvent_val_00145_KILJEV"",""mofsimplify_solvent_val_00261_SIYXIH10"",""mofsimplify_solvent_test_00297_QOKCID"",""mofsimplify_solvent_val_00316_WUSLED""]",False,stopped_before_requested_batch,9,1,9,4,0.44444400000000001,15.414299,0.25949899999999998,6.7020759999999999,0.49733699999999997
42,random_baseline,20,0.34999999999999998,2.3989165637663223,"[""mofsimplify_solvent_val_00100_GUPBEZ02"",""mofsimplify_solvent_test_00257_OKUSUK"",""mofsimplify_solvent_test_00176_KEWBUL"",""mofsimplify_solvent_test_00015_AVILEY"",""mofsimplify_solvent_test_00010_ANEHEI"",""mofsimplify_solvent_test_00335_TACJIS"",""mofsimplify_solvent_val_00099_GUKFEY"",""mofsimplify_solvent_test_00206_LUYSEF"",""mofsimplify_solvent_val_00210_OVIWIA""]",False,stopped_before_requested_batch,9,1,9,7,0.77777799999999997,20.111782000000002,0.348055,6.545795,0.51854599999999995
43,random_baseline,20,0.34999999999999998,2.3989165637663223,"[""mofsimplify_solvent_test_00052_COTVIS"",""mofsimplify_solvent_test_00176_KEWBUL"",""mofsimplify_solvent_val_00348_ZUQMAB"",""mofsimplify_solvent_val_00058_ECEZAO01"",""mofsimplify_solvent_test_00104_FUYCEJ"",""mofsimplify_solvent_val_00034_COPXOV"",""mofsimplify_solvent_val_00278_UDEPIE"",""mofsimplify_solvent_test_00326_SEGBIR"",""mofsimplify_solvent_test_00034_BOWNUY""]",False,stopped_before_requested_batch,9,1,9,9,1,13.837561000000001,0.65040399999999998,6.7236690000000001,0.50309800000000005
44,random_baseline,20,0.34999999999999998,2.3989165637663223,"[""mofsimplify_solvent_test_00186_KIYMIP"",""mofsimplify_solvent_val_00145_KILJEV"",""mofsimplify_solvent_test_00297_QOKCID"",""mofsimplify_solvent_val_00269_TEYLIU"",""mofsimplify_solvent_test_00178_KIDXUR"",""mofsimplify_solvent_test_00003_ACOLIP"",""mofsimplify_solvent_val_00099_GUKFEY"",""mofsimplify_solvent_test_00413_XUYXAR"",""mofsimplify_solvent_test_00065_DIKJUD""]",False,stopped_before_requested_batch,9,1,9,5,0.55555600000000005,14.119967000000001,0.35410799999999998,6.7510599999999998,0.496612
45,random_baseline,20,0.34999999999999998,2.3989165637663223,"[""mofsimplify_solvent_test_00386_WODVOB"",""mofsimplify_solvent_test_00095_EYULOA"",""mofsimplify_solvent_test_00226_MUTNAQ"",""mofsimplify_solvent_test_00058_CUYHIO"",""mofsimplify_solvent_test_00061_DAMYUO"",""mofsimplify_solvent_test_00252_OGAXUR"",""mofsimplify_solvent_test_00214_MAYJOM"",""mofsimplify_solvent_test_00288_QERWAL"",""mofsimplify_solvent_test_00083_ENOSAD""]",False,stopped_before_requested_batch,9,1,9,5,0.55555600000000005,13.629757,0.366844,6.6985599999999996,0.50789799999999996
46,random_baseline,20,0.34999999999999998,2.3989165637663223,"[""mofsimplify_solvent_test_00052_COTVIS"",""mofsimplify_solvent_test_00371_VEHPUU"",""mofsimplify_solvent_val_00225_POZHUI"",""mofsimplify_solvent_val_00090_GARQAU"",""mofsimplify_solvent_test_00083_ENOSAD"",""mofsimplify_solvent_val_00278_UDEPIE"",""mofsimplify_solvent_val_00261_SIYXIH10"",""mofsimplify_solvent_test_00146_ICITEU"",""mofsimplify_solvent_val_00152_KUKPOX""]",False,stopped_before_requested_batch,9,1,9,2,0.222222,14.070285,0.14214399999999999,6.6489690000000001,0.51119400000000004
47,random_baseline,20,0.34999999999999998,2.3989165637663223,"[""mofsimplify_solvent_val_00102_HADQUA"",""mofsimplify_solvent_test_00238_NEGZUW"",""mofsimplify_solvent_test_00075_EBIJAC"",""mofsimplify_solvent_test_00247_OCOKUP"",""mofsimplify_solvent_test_00010_ANEHEI"",""mofsimplify_solvent_test_00034_BOWNUY"",""mofsimplify_solvent_val_00141_KEGZOL"",""mofsimplify_solvent_val_00118_IPIHIA"",""mofsimplify_solvent_val_00090_GARQAU""]",False,stopped_before_requested_batch,9,1,9,4,0.44444400000000001,14.33254,0.27908500000000003,6.6952420000000004,0.48046499999999998
48,random_baseline,20,0.34999999999999998,2.3989165637663223,"[""mofsimplify_solvent_val_00150_KOMHAW"",""mofsimplify_solvent_val_00347_ZUKNAW"",""mofsimplify_solvent_test_00052_COTVIS"",""mofsimplify_solvent_test_00136_HELDOT"",""mofsimplify_solvent_test_00197_LEDWUN"",""mofsimplify_solvent_test_00054_COTVUE"",""mofsimplify_solvent_val_00059_EDIKIL"",""mofsimplify_solvent_test_00217_MIBMER"",""mofsimplify_solvent_test_00390_WORREC""]",False,stopped_before_requested_batch,9,1,9,7,0.77777799999999997,14.412932,0.48567500000000002,6.8272209999999998,0.47407300000000002
49,random_baseline,20,0.34999999999999998,2.3989165637663223,"[""mofsimplify_solvent_val_00058_ECEZAO01"",""mofsimplify_solvent_val_00335_YEKXUJ"",""mofsimplify_solvent_test_00327_SERWAP"",""mofsimplify_solvent_test_00123_GUKYUI"",""mofsimplify_solvent_val_00059_EDIKIL"",""mofsimplify_solvent_val_00348_ZUQMAB"",""mofsimplify_solvent_test_00061_DAMYUO"",""mofsimplify_solvent_test_00152_IMEDOV"",""mofsimplify_solvent_test_00371_VEHPUU""]",False,stopped_before_requested_batch,9,1,9,6,0.66666700000000001,14.93253,0.40180700000000003,6.5781780000000003,0.52743799999999996
50,random_baseline,20,0.34999999999999998,2.3989165637663223,"[""mofsimplify_solvent_test_00258_OKUTAR"",""mofsimplify_solvent_test_00264_OQETEK"",""mofsimplify_solvent_test_00217_MIBMER"",""mofsimplify_solvent_test_00316_RIWMUH"",""mofsimplify_solvent_test_00297_QOKCID"",""mofsimplify_solvent_test_00073_DUPVER"",""mofsimplify_solvent_val_00245_REWNEO01"",""mofsimplify_solvent_test_00414_YARBAW"",""mofsimplify_solvent_test_00298_QUBWIU""]",False,stopped_before_requested_batch,9,1,9,6,0.66666700000000001,15.135058000000001,0.39643099999999998,6.531155,0.54071999999999998
51,random_baseline,20,0.34999999999999998,2.3989165637663223,"[""mofsimplify_solvent_val_00344_ZALMIL"",""mofsimplify_solvent_test_00390_WORREC"",""mofsimplify_solvent_test_00387_WOHZAU"",""mofsimplify_solvent_val_00294_VAYWEZ"",""mofsimplify_solvent_val_00319_XADDOX"",""mofsimplify_solvent_val_00260_SEVLEM"",""mofsimplify_solvent_val_00313_WOZGUP"",""mofsimplify_solvent_val_00225_POZHUI"",""mofsimplify_solvent_test_00297_QOKCID""]",False,stopped_before_requested_batch,9,1,9,6,0.66666700000000001,16.279185999999999,0.36856899999999998,6.656021,0.51464799999999999
52,random_baseline,20,0.34999999999999998,2.3989165637663223,"[""mofsimplify_solvent_test_00412_XUWKEH"",""mofsimplify_solvent_test_00138_HOVGIK"",""mofsimplify_solvent_val_00262_SOCNAB"",""mofsimplify_solvent_test_00095_EYULOA"",""mofsimplify_solvent_test_00034_BOWNUY"",""mofsimplify_solvent_test_00054_COTVUE"",""mofsimplify_solvent_test_00268_PACGIM"",""mofsimplify_solvent_val_00031_CAWZUX"",""mofsimplify_solvent_val_00323_XAPTEQ""]",False,stopped_before_requested_batch,9,1,9,6,0.66666700000000001,15.307893999999999,0.391955,6.7249129999999999,0.48558299999999999
53,random_baseline,20,0.34999999999999998,2.3989165637663223,"[""mofsimplify_solvent_test_00246_OCAWAT"",""mofsimplify_solvent_val_00033_COJHIT"",""mofsimplify_solvent_test_00196_LEDPIU"",""mofsimplify_solvent_test_00221_MOYYIJ"",""mofsimplify_solvent_test_00289_QEYWUN"",""mofsimplify_solvent_val_00316_WUSLED"",""mofsimplify_solvent_test_00053_COTVOY"",""mofsimplify_solvent_test_00388_WOJJOV"",""mofsimplify_solvent_val_00334_YEKXOD""]",False,stopped_before_requested_batch,9,1,9,7,0.77777799999999997,15.554043999999999,0.450044,6.7365519999999997,0.50067799999999996
54,random_baseline,20,0.34999999999999998,2.3989165637663223,"[""mofsimplify_solvent_val_00295_VAYWID"",""mofsimplify_solvent_val_00231_QITZIE"",""mofsimplify_solvent_val_00294_VAYWEZ"",""mofsimplify_solvent_test_00061_DAMYUO"",""mofsimplify_solvent_test_00053_COTVOY"",""mofsimplify_solvent_val_00090_GARQAU"",""mofsimplify_solvent_test_00331_XIMPOA01"",""mofsimplify_solvent_test_00105_FUYCIN"",""mofsimplify_solvent_test_00252_OGAXUR""]",False,stopped_before_requested_batch,9,1,9,3,0.33333299999999999,14.180994999999999,0.21155099999999999,6.7925170000000001,0.48795699999999997
55,random_baseline,20,0.34999999999999998,2.3989165637663223,"[""mofsimplify_solvent_test_00411_XUVQOW"",""mofsimplify_solvent_test_00298_QUBWIU"",""mofsimplify_solvent_test_00221_MOYYIJ"",""mofsimplify_solvent_test_00338_TEBSAW"",""mofsimplify_solvent_val_00225_POZHUI"",""mofsimplify_solvent_val_00231_QITZIE"",""mofsimplify_solvent_test_00257_OKUSUK"",""mofsimplify_solvent_val_00239_QOXFIU"",""mofsimplify_solvent_test_00103_FUXXIH""]",False,stopped_before_requested_batch,9,1,9,1,0.111111,15.72744,0.063583000000000001,6.624396,0.51638200000000001
56,random_baseline,20,0.34999999999999998,2.3989165637663223,"[""mofsimplify_solvent_val_00335_YEKXUJ"",""mofsimplify_solvent_test_00226_MUTNAQ"",""mofsimplify_solvent_val_00348_ZUQMAB"",""mofsimplify_solvent_val_00034_COPXOV"",""mofsimplify_solvent_test_00405_XICYAL"",""mofsimplify_solvent_test_00415_YATDUV"",""mofsimplify_solvent_test_00138_HOVGIK"",""mofsimplify_solvent_test_00221_MOYYIJ"",""mofsimplify_solvent_val_00048_DUDZOT""]",False,stopped_before_requested_batch,9,1,9,7,0.77777799999999997,13.187775,0.53079500000000002,6.7152750000000001,0.506772
57,random_baseline,20,0.34999999999999998,2.3989165637663223,"[""mofsimplify_solvent_val_00081_FIFNUE"",""mofsimplify_solvent_test_00200_LIFSAW"",""mofsimplify_solvent_test_00297_QOKCID"",""mofsimplify_solvent_test_00034_BOWNUY"",""mofsimplify_solvent_test_00358_UMEKEE"",""mofsimplify_solvent_test_00325_SARNOQ"",""mofsimplify_solvent_test_00388_WOJJOV"",""mofsimplify_solvent_val_00318_XADDAJ"",""mofsimplify_solvent_val_00269_TEYLIU""]",False,stopped_before_requested_batch,9,1,9,7,0.77777799999999997,14.101611,0.49639699999999998,6.6766500000000004,0.50739199999999995
58,random_baseline,20,0.34999999999999998,2.3989165637663223,"[""mofsimplify_solvent_test_00053_COTVOY"",""mofsimplify_solvent_val_00295_VAYWID"",""mofsimplify_solvent_test_00095_EYULOA"",""mofsimplify_solvent_test_00358_UMEKEE"",""mofsimplify_solvent_test_00405_XICYAL"",""mofsimplify_solvent_val_00245_REWNEO01"",""mofsimplify_solvent_test_00152_IMEDOV"",""mofsimplify_solvent_val_00203_ORANAY"",""mofsimplify_solvent_test_00138_HOVGIK""]",False,stopped_before_requested_batch,9,1,9,7,0.77777799999999997,14.444807000000001,0.48460300000000001,6.7194440000000002,0.50191399999999997
59,random_baseline,20,0.34999999999999998,2.3989165637663223,"[""mofsimplify_solvent_test_00264_OQETEK"",""mofsimplify_solvent_test_00104_FUYCEJ"",""mofsimplify_solvent_test_00238_NEGZUW"",""mofsimplify_solvent_test_00298_QUBWIU"",""mofsimplify_solvent_test_00142_HUWLUI"",""mofsimplify_solvent_val_00139_KAVTUY"",""mofsimplify_solvent_test_00283_QAKFIU"",""mofsimplify_solvent_val_00341_YUBFOR"",""mofsimplify_solvent_val_00318_XADDAJ""]",False,stopped_before_requested_batch,9,1,9,4,0.44444400000000001,16.575364,0.24132200000000001,6.8425089999999997,0.47048899999999999
60,random_baseline,20,0.34999999999999998,2.3989165637663223,"[""mofsimplify_solvent_val_00180_NATHUO"",""mofsimplify_solvent_val_00316_WUSLED"",""mofsimplify_solvent_test_00002_ACOLEL"",""mofsimplify_solvent_val_00046_DUBBEI"",""mofsimplify_solvent_test_00413_XUYXAR"",""mofsimplify_solvent_val_00076_FATQID"",""mofsimplify_solvent_test_00405_XICYAL"",""mofsimplify_solvent_test_00433_ZIJVAR"",""mofsimplify_solvent_test_00387_WOHZAU""]",False,stopped_before_requested_batch,9,1,9,8,0.88888900000000004,13.980561,0.57222300000000004,6.7204860000000002,0.50445399999999996
61,random_baseline,20,0.34999999999999998,2.3989165637663223,"[""mofsimplify_solvent_test_00008_AMOYOR"",""mofsimplify_solvent_val_00341_YUBFOR"",""mofsimplify_solvent_test_00246_OCAWAT"",""mofsimplify_solvent_test_00257_OKUSUK"",""mofsimplify_solvent_test_00036_BUPVEP"",""mofsimplify_solvent_test_00188_KOMGUP"",""mofsimplify_solvent_test_00237_NAWWUG"",""mofsimplify_solvent_test_00214_MAYJOM"",""mofsimplify_solvent_val_00177_MOYYEF""]",False,stopped_before_requested_batch,9,1,9,5,0.55555600000000005,16.102729,0.310506,6.529909,0.52573999999999999
62,random_baseline,20,0.34999999999999998,2.3989165637663223,"[""mofsimplify_solvent_test_00017_AVUJIL"",""mofsimplify_solvent_test_00137_HOMRIL"",""mofsimplify_solvent_test_00094_EXEWIO"",""mofsimplify_solvent_test_00246_OCAWAT"",""mofsimplify_solvent_test_00288_QERWAL"",""mofsimplify_solvent_test_00258_OKUTAR"",""mofsimplify_solvent_val_00238_QOPPOC"",""mofsimplify_solvent_val_00281_UJEFOE01"",""mofsimplify_solvent_val_00139_KAVTUY""]",False,stopped_before_requested_batch,9,1,9,6,0.66666700000000001,16.185811000000001,0.370695,6.8010770000000003,0.47497499999999998
63,random_baseline,20,0.34999999999999998,2.3989165637663223,"[""mofsimplify_solvent_test_00021_BADYAJ"",""mofsimplify_solvent_test_00093_EWESAC"",""mofsimplify_solvent_test_00384_WILHIK"",""mofsimplify_solvent_test_00433_ZIJVAR"",""mofsimplify_solvent_test_00386_WODVOB"",""mofsimplify_solvent_val_00200_OMAMEU"",""mofsimplify_solvent_test_00094_EXEWIO"",""mofsimplify_solvent_test_00044_CAYKEU"",""mofsimplify_solvent_val_00239_QOXFIU""]",False,stopped_before_requested_batch,9,1,9,7,0.77777799999999997,14.644672,0.47799000000000003,6.5504350000000002,0.52546199999999998
64,random_baseline,20,0.34999999999999998,2.3989165637663223,"[""mofsimplify_solvent_test_00053_COTVOY"",""mofsimplify_solvent_test_00394_XADDUD"",""mofsimplify_solvent_test_00331_XIMPOA01"",""mofsimplify_solvent_test_00058_CUYHIO"",""mofsimplify_solvent_val_00258_SENVIR"",""mofsimplify_solvent_val_00081_FIFNUE"",""mofsimplify_solvent_val_00048_DUDZOT"",""mofsimplify_solvent_val_00315_WURNOO"",""mofsimplify_solvent_test_00075_EBIJAC""]",False,stopped_before_requested_batch,9,1,9,6,0.66666700000000001,13.496052000000001,0.44457400000000002,6.7092000000000001,0.49999300000000002
65,random_baseline,20,0.34999999999999998,2.3989165637663223,"[""mofsimplify_solvent_val_00180_NATHUO"",""mofsimplify_solvent_val_00059_EDIKIL"",""mofsimplify_solvent_test_00125_GUVCOP"",""mofsimplify_solvent_test_00058_CUYHIO"",""mofsimplify_solvent_val_00295_VAYWID"",""mofsimplify_solvent_val_00343_ZAHLEC"",""mofsimplify_solvent_test_00388_WOJJOV"",""mofsimplify_solvent_val_00239_QOXFIU"",""mofsimplify_solvent_test_00363_UTOTUT""]",False,stopped_before_requested_batch,9,1,9,5,0.55555600000000005,14.73197,0.33939799999999998,6.8349140000000004,0.47476800000000002
66,random_baseline,20,0.34999999999999998,2.3989165637663223,"[""mofsimplify_solvent_test_00390_WORREC"",""mofsimplify_solvent_test_00384_WILHIK"",""mofsimplify_solvent_val_00261_SIYXIH10"",""mofsimplify_solvent_test_00200_LIFSAW"",""mofsimplify_solvent_test_00153_INIXOT"",""mofsimplify_solvent_val_00082_FIFPAM"",""mofsimplify_solvent_test_00226_MUTNAQ"",""mofsimplify_solvent_test_00138_HOVGIK"",""mofsimplify_solvent_test_00297_QOKCID""]",False,stopped_before_requested_batch,9,1,9,7,0.77777799999999997,14.66944,0.477182,6.5683889999999998,0.52621499999999999
67,random_baseline,20,0.34999999999999998,2.3989165637663223,"[""mofsimplify_solvent_test_00259_OKUTEV"",""mofsimplify_solvent_test_00004_ACOLOV"",""mofsimplify_solvent_test_00085_EPISOM"",""mofsimplify_solvent_val_00149_KIYJAF"",""mofsimplify_solvent_test_00017_AVUJIL"",""mofsimplify_solvent_test_00054_COTVUE"",""mofsimplify_solvent_test_00142_HUWLUI"",""mofsimplify_solvent_val_00285_UNABIV"",""mofsimplify_solvent_test_00232_NALYEG""]",False,stopped_before_requested_batch,9,1,9,6,0.66666700000000001,17.716739,0.33866299999999999,6.6603640000000004,0.49973800000000002
68,random_baseline,20,0.34999999999999998,2.3989165637663223,"[""mofsimplify_solvent_test_00040_CAHQOS"",""mofsimplify_solvent_test_00038_BUSQIQ"",""mofsimplify_solvent_test_00077_EJAXIW"",""mofsimplify_solvent_test_00327_SERWAP"",""mofsimplify_solvent_val_00290_VACLIX"",""mofsimplify_solvent_test_00196_LEDPIU"",""mofsimplify_solvent_test_00363_UTOTUT"",""mofsimplify_solvent_test_00142_HUWLUI"",""mofsimplify_solvent_test_00358_UMEKEE""]",False,stopped_before_requested_batch,9,1,9,6,0.66666700000000001,16.178367999999999,0.37086599999999997,6.5352980000000001,0.52346099999999995
69,random_baseline,20,0.34999999999999998,2.3989165637663223,"[""mofsimplify_solvent_val_00072_EXAXAE"",""mofsimplify_solvent_test_00104_FUYCEJ"",""mofsimplify_solvent_test_00197_LEDWUN"",""mofsimplify_solvent_test_00061_DAMYUO"",""mofsimplify_solvent_test_00264_OQETEK"",""mofsimplify_solvent_test_00338_TEBSAW"",""mofsimplify_solvent_test_00004_ACOLOV"",""mofsimplify_solvent_test_00232_NALYEG"",""mofsimplify_solvent_test_00359_UMEKII""]",False,stopped_before_requested_batch,9,1,9,7,0.77777799999999997,15.216407,0.46002999999999999,6.789714,0.47841
70,random_baseline,20,0.34999999999999998,2.3989165637663223,"[""mofsimplify_solvent_test_00155_IYUROK"",""mofsimplify_solvent_val_00343_ZAHLEC"",""mofsimplify_solvent_val_00313_WOZGUP"",""mofsimplify_solvent_test_00226_MUTNAQ"",""mofsimplify_solvent_val_00323_XAPTEQ"",""mofsimplify_solvent_val_00311_WEFCAN"",""mofsimplify_solvent_val_00046_DUBBEI"",""mofsimplify_solvent_test_00412_XUWKEH"",""mofsimplify_solvent_test_00325_SARNOQ""]",False,stopped_before_requested_batch,9,1,9,7,0.77777799999999997,14.843313,0.47159299999999998,6.7173730000000003,0.48919899999999999
71,random_baseline,20,0.34999999999999998,2.3989165637663223,"[""mofsimplify_solvent_test_00405_XICYAL"",""mofsimplify_solvent_val_00261_SIYXIH10"",""mofsimplify_solvent_test_00037_BUSQEM"",""mofsimplify_solvent_test_00065_DIKJUD"",""mofsimplify_solvent_test_00061_DAMYUO"",""mofsimplify_solvent_test_00252_OGAXUR"",""mofsimplify_solvent_val_00343_ZAHLEC"",""mofsimplify_solvent_test_00153_INIXOT"",""mofsimplify_solvent_test_00161_JEJWOL""]",False,stopped_before_requested_batch,9,1,9,3,0.33333299999999999,15.113661,0.19849600000000001,6.5425380000000004,0.53327800000000003
72,random_baseline,20,0.34999999999999998,2.3989165637663223,"[""mofsimplify_solvent_test_00405_XICYAL"",""mofsimplify_solvent_test_00306_RAHMAP"",""mofsimplify_solvent_test_00123_GUKYUI"",""mofsimplify_solvent_val_00031_CAWZUX"",""mofsimplify_solvent_val_00344_ZALMIL"",""mofsimplify_solvent_val_00239_QOXFIU"",""mofsimplify_solvent_val_00097_GIXGOK"",""mofsimplify_solvent_val_00145_KILJEV"",""mofsimplify_solvent_test_00034_BOWNUY""]",False,stopped_before_requested_batch,9,1,9,4,0.44444400000000001,16.103394999999999,0.248395,6.6935279999999997,0.505521
73,random_baseline,20,0.34999999999999998,2.3989165637663223,"[""mofsimplify_solvent_test_00297_QOKCID"",""mofsimplify_solvent_test_00041_CANYIB"",""mofsimplify_solvent_test_00258_OKUTAR"",""mofsimplify_solvent_val_00290_VACLIX"",""mofsimplify_solvent_val_00046_DUBBEI"",""mofsimplify_solvent_val_00271_TIXCIO"",""mofsimplify_solvent_test_00411_XUVQOW"",""mofsimplify_solvent_test_00431_ZASJAG"",""mofsimplify_solvent_test_00201_LIFSEA"",""mofsimplify_solvent_test_00021_BADYAJ""]",False,stopped_before_requested_batch,10,1,10,8,0.80000000000000004,17.725047,0.45133899999999999,6.9447489999999998,0.57911000000000001
74,random_baseline,20,0.34999999999999998,2.3989165637663223,"[""mofsimplify_solvent_val_00203_ORANAY"",""mofsimplify_solvent_test_00361_UQOWUU"",""mofsimplify_solvent_val_00342_ZAGHAT"",""mofsimplify_solvent_test_00058_CUYHIO"",""mofsimplify_solvent_test_00352_UBOGAV"",""mofsimplify_solvent_test_00196_LEDPIU"",""mofsimplify_solvent_test_00252_OGAXUR"",""mofsimplify_solvent_test_00178_KIDXUR"",""mofsimplify_solvent_val_00090_GARQAU""]",False,stopped_before_requested_batch,9,1,9,7,0.77777799999999997,14.419001,0.48547099999999999,6.734502,0.499608
75,random_baseline,20,0.34999999999999998,2.3989165637663223,"[""mofsimplify_solvent_test_00186_KIYMIP"",""mofsimplify_solvent_val_00219_PAMHIW"",""mofsimplify_solvent_val_00203_ORANAY"",""mofsimplify_solvent_val_00171_MAPHAP"",""mofsimplify_solvent_test_00394_XADDUD"",""mofsimplify_solvent_test_00178_KIDXUR"",""mofsimplify_solvent_val_00333_YEGKOM"",""mofsimplify_solvent_test_00201_LIFSEA"",""mofsimplify_solvent_test_00238_NEGZUW""]",False,stopped_before_requested_batch,9,1,9,2,0.222222,14.23715,0.14047799999999999,6.6368070000000001,0.51677200000000001
76,random_baseline,20,0.34999999999999998,2.3989165637663223,"[""mofsimplify_solvent_test_00094_EXEWIO"",""mofsimplify_solvent_test_00283_QAKFIU"",""mofsimplify_solvent_test_00036_BUPVEP"",""mofsimplify_solvent_test_00431_ZASJAG"",""mofsimplify_solvent_val_00348_ZUQMAB"",""mofsimplify_solvent_test_00197_LEDWUN"",""mofsimplify_solvent_test_00413_XUYXAR"",""mofsimplify_solvent_test_00221_MOYYIJ"",""mofsimplify_solvent_test_00390_WORREC""]",False,stopped_before_requested_batch,9,1,9,7,0.77777799999999997,13.692928999999999,0.51121300000000003,6.6146669999999999,0.50978800000000002
77,random_baseline,20,0.34999999999999998,2.3989165637663223,"[""mofsimplify_solvent_val_00076_FATQID"",""mofsimplify_solvent_test_00259_OKUTEV"",""mofsimplify_solvent_test_00152_IMEDOV"",""mofsimplify_solvent_test_00077_EJAXIW"",""mofsimplify_solvent_test_00280_POMMAH"",""mofsimplify_solvent_val_00258_SENVIR"",""mofsimplify_solvent_test_00338_TEBSAW"",""mofsimplify_solvent_val_00318_XADDAJ"",""mofsimplify_solvent_test_00413_XUYXAR""]",False,stopped_before_requested_batch,9,1,9,4,0.44444400000000001,14.736088000000001,0.27144200000000002,6.5738880000000002,0.52688599999999997
78,random_baseline,20,0.34999999999999998,2.3989165637663223,"[""mofsimplify_solvent_test_00232_NALYEG"",""mofsimplify_solvent_test_00006_AGUWUV"",""mofsimplify_solvent_val_00200_OMAMEU"",""mofsimplify_solvent_test_00381_WAQQUB"",""mofsimplify_solvent_val_00099_GUKFEY"",""mofsimplify_solvent_test_00058_CUYHIO"",""mofsimplify_solvent_val_00191_NUNCEG"",""mofsimplify_solvent_test_00316_RIWMUH"",""mofsimplify_solvent_val_00048_DUDZOT""]",False,stopped_before_requested_batch,9,1,9,5,0.55555600000000005,16.747153999999998,0.29855799999999999,6.7314550000000004,0.49572699999999997
79,random_baseline,20,0.34999999999999998,2.3989165637663223,"[""mofsimplify_solvent_val_00118_IPIHIA"",""mofsimplify_solvent_test_00384_WILHIK"",""mofsimplify_solvent_test_00358_UMEKEE"",""mofsimplify_solvent_val_00082_FIFPAM"",""mofsimplify_solvent_test_00431_ZASJAG"",""mofsimplify_solvent_test_00381_WAQQUB"",""mofsimplify_solvent_val_00313_WOZGUP"",""mofsimplify_solvent_val_00048_DUDZOT"",""mofsimplify_solvent_test_00137_HOMRIL""]",False,stopped_before_requested_batch,9,1,9,9,1,14.220933,0.63287000000000004,6.6634729999999998,0.50938499999999998
80,random_baseline,20,0.34999999999999998,2.3989165637663223,"[""mofsimplify_solvent_test_00376_VUMCEM"",""mofsimplify_solvent_test_00232_NALYEG"",""mofsimplify_solvent_val_00013_AVIPAX"",""mofsimplify_solvent_val_00038_DAMYOI"",""mofsimplify_solvent_test_00206_LUYSEF"",""mofsimplify_solvent_val_00058_ECEZAO01"",""mofsimplify_solvent_test_00034_BOWNUY"",""mofsimplify_solvent_test_00123_GUKYUI"",""mofsimplify_solvent_val_00262_SOCNAB""]",False,stopped_before_requested_batch,9,1,9,5,0.55555600000000005,15.462205000000001,0.32336900000000002,6.6367690000000001,0.51720900000000003
81,random_baseline,20,0.34999999999999998,2.3989165637663223,"[""mofsimplify_solvent_val_00076_FATQID"",""mofsimplify_solvent_test_00015_AVILEY"",""mofsimplify_solvent_val_00056_EBUREA"",""mofsimplify_solvent_val_00231_QITZIE"",""mofsimplify_solvent_test_00176_KEWBUL"",""mofsimplify_solvent_test_00381_WAQQUB"",""mofsimplify_solvent_test_00004_ACOLOV"",""mofsimplify_solvent_test_00138_HOVGIK"",""mofsimplify_solvent_val_00184_NEXVET"",""mofsimplify_solvent_val_00290_VACLIX""]",False,stopped_before_requested_batch,10,1,10,8,0.80000000000000004,16.606983,0.48172500000000001,6.9976149999999997,0.57244300000000004
82,random_baseline,20,0.34999999999999998,2.3989165637663223,"[""mofsimplify_solvent_test_00221_MOYYIJ"",""mofsimplify_solvent_test_00435_ZISFEO"",""mofsimplify_solvent_test_00155_IYUROK"",""mofsimplify_solvent_test_00327_SERWAP"",""mofsimplify_solvent_test_00387_WOHZAU"",""mofsimplify_solvent_val_00219_PAMHIW"",""mofsimplify_solvent_test_00414_YARBAW"",""mofsimplify_solvent_test_00413_XUYXAR"",""mofsimplify_solvent_test_00196_LEDPIU""]",False,stopped_before_requested_batch,9,1,9,4,0.44444400000000001,13.593344,0.29426200000000002,6.589575,0.52629800000000004
83,random_baseline,20,0.34999999999999998,2.3989165637663223,"[""mofsimplify_solvent_test_00244_NIRDAT"",""mofsimplify_solvent_val_00311_WEFCAN"",""mofsimplify_solvent_test_00083_ENOSAD"",""mofsimplify_solvent_val_00058_ECEZAO01"",""mofsimplify_solvent_val_00294_VAYWEZ"",""mofsimplify_solvent_test_00152_IMEDOV"",""mofsimplify_solvent_test_00002_ACOLEL"",""mofsimplify_solvent_val_00295_VAYWID"",""mofsimplify_solvent_test_00006_AGUWUV""]",False,stopped_before_requested_batch,9,1,9,3,0.33333299999999999,14.913683000000001,0.201158,6.8063500000000001,0.482599
84,random_baseline,20,0.34999999999999998,2.3989165637663223,"[""mofsimplify_solvent_test_00176_KEWBUL"",""mofsimplify_solvent_test_00232_NALYEG"",""mofsimplify_solvent_val_00177_MOYYEF"",""mofsimplify_solvent_test_00371_VEHPUU"",""mofsimplify_solvent_test_00065_DIKJUD"",""mofsimplify_solvent_test_00244_NIRDAT"",""mofsimplify_solvent_test_00058_CUYHIO"",""mofsimplify_solvent_test_00358_UMEKEE"",""mofsimplify_solvent_val_00315_WURNOO""]",False,stopped_before_requested_batch,9,1,9,5,0.55555600000000005,14.698112999999999,0.34017999999999998,6.8530790000000001,0.47025499999999998
85,random_baseline,20,0.34999999999999998,2.3989165637663223,"[""mofsimplify_solvent_test_00218_MITGUR01"",""mofsimplify_solvent_val_00058_ECEZAO01"",""mofsimplify_solvent_test_00387_WOHZAU"",""mofsimplify_solvent_test_00036_BUPVEP"",""mofsimplify_solvent_test_00053_COTVOY"",""mofsimplify_solvent_test_00029_BIDPOV"",""mofsimplify_solvent_test_00152_IMEDOV"",""mofsimplify_solvent_test_00037_BUSQEM"",""mofsimplify_solvent_val_00013_AVIPAX""]",False,stopped_before_requested_batch,9,1,9,6,0.66666700000000001,14.653784,0.40945100000000001,6.5816039999999996,0.52410500000000004
86,random_baseline,20,0.34999999999999998,2.3989165637663223,"[""mofsimplify_solvent_test_00407_XOGXAU"",""mofsimplify_solvent_test_00138_HOVGIK"",""mofsimplify_solvent_val_00191_NUNCEG"",""mofsimplify_solvent_val_00180_NATHUO"",""mofsimplify_solvent_val_00161_LIXWEV"",""mofsimplify_solvent_test_00139_YUBQET"",""mofsimplify_solvent_val_00107_HIMSAY"",""mofsimplify_solvent_val_00343_ZAHLEC"",""mofsimplify_solvent_val_00056_EBUREA""]",False,stopped_before_requested_batch,9,1,9,4,0.44444400000000001,14.662946,0.27279599999999998,6.6920919999999997,0.50645300000000004
87,random_baseline,20,0.34999999999999998,2.3989165637663223,"[""mofsimplify_solvent_test_00138_HOVGIK"",""mofsimplify_solvent_test_00094_EXEWIO"",""mofsimplify_solvent_val_00034_COPXOV"",""mofsimplify_solvent_test_00259_OKUTEV"",""mofsimplify_solvent_test_00125_GUVCOP"",""mofsimplify_solvent_val_00180_NATHUO"",""mofsimplify_solvent_test_00222_MUDLON"",""mofsimplify_solvent_test_00037_BUSQEM"",""mofsimplify_solvent_val_00347_ZUKNAW""]",False,stopped_before_requested_batch,9,1,9,5,0.55555600000000005,14.166829,0.352937,6.6461949999999996,0.50918200000000002
88,random_baseline,20,0.34999999999999998,2.3989165637663223,"[""mofsimplify_solvent_test_00045_CEFLEF"",""mofsimplify_solvent_val_00210_OVIWIA"",""mofsimplify_solvent_test_00390_WORREC"",""mofsimplify_solvent_test_00214_MAYJOM"",""mofsimplify_solvent_test_00197_LEDWUN"",""mofsimplify_solvent_test_00200_LIFSAW"",""mofsimplify_solvent_test_00352_UBOGAV"",""mofsimplify_solvent_test_00196_LEDPIU"",""mofsimplify_solvent_test_00038_BUSQIQ""]",False,stopped_before_requested_batch,9,1,9,7,0.77777799999999997,15.00362,0.46655400000000002,6.7105839999999999,0.49455700000000002
89,random_baseline,20,0.34999999999999998,2.3989165637663223,"[""mofsimplify_solvent_test_00331_XIMPOA01"",""mofsimplify_solvent_test_00095_EYULOA"",""mofsimplify_solvent_val_00260_SEVLEM"",""mofsimplify_solvent_test_00253_OGECOU"",""mofsimplify_solvent_val_00033_COJHIT"",""mofsimplify_solvent_test_00226_MUTNAQ"",""mofsimplify_solvent_val_00161_LIXWEV"",""mofsimplify_solvent_val_00038_DAMYOI"",""mofsimplify_solvent_test_00232_NALYEG""]",False,stopped_before_requested_batch,9,1,9,5,0.55555600000000005,16.880410000000001,0.29620099999999999,6.7544339999999998,0.49048000000000003
90,random_baseline,20,0.34999999999999998,2.3989165637663223,"[""mofsimplify_solvent_test_00176_KEWBUL"",""mofsimplify_solvent_val_00341_YUBFOR"",""mofsimplify_solvent_val_00102_HADQUA"",""mofsimplify_solvent_test_00200_LIFSAW"",""mofsimplify_solvent_val_00239_QOXFIU"",""mofsimplify_solvent_test_00058_CUYHIO"",""mofsimplify_solvent_val_00313_WOZGUP"",""mofsimplify_solvent_test_00008_AMOYOR"",""mofsimplify_solvent_test_00073_DUPVER""]",False,stopped_before_requested_batch,9,1,9,6,0.66666700000000001,15.270896,0.39290399999999998,6.6666309999999998,0.50943899999999998
91,random_baseline,20,0.34999999999999998,2.3989165637663223,"[""mofsimplify_solvent_test_00232_NALYEG"",""mofsimplify_solvent_val_00281_UJEFOE01"",""mofsimplify_solvent_val_00333_YEGKOM"",""mofsimplify_solvent_test_00376_VUMCEM"",""mofsimplify_solvent_val_00107_HIMSAY"",""mofsimplify_solvent_test_00297_QOKCID"",""mofsimplify_solvent_test_00288_QERWAL"",""mofsimplify_solvent_val_00285_UNABIV"",""mofsimplify_solvent_test_00052_COTVIS""]",False,stopped_before_requested_batch,9,1,9,5,0.55555600000000005,15.053146999999999,0.33215600000000001,6.780443,0.48128799999999999
92,random_baseline,20,0.34999999999999998,2.3989165637663223,"[""mofsimplify_solvent_test_00017_AVUJIL"",""mofsimplify_solvent_test_00136_HELDOT"",""mofsimplify_solvent_test_00411_XUVQOW"",""mofsimplify_solvent_val_00090_GARQAU"",""mofsimplify_solvent_test_00041_CANYIB"",""mofsimplify_solvent_val_00323_XAPTEQ"",""mofsimplify_solvent_test_00002_ACOLEL"",""mofsimplify_solvent_val_00316_WUSLED"",""mofsimplify_solvent_test_00153_INIXOT""]",False,stopped_before_requested_batch,9,1,9,6,0.66666700000000001,15.487195,0.38741700000000001,6.6164509999999996,0.52276400000000001
93,random_baseline,20,0.34999999999999998,2.3989165637663223,"[""mofsimplify_solvent_test_00407_XOGXAU"",""mofsimplify_solvent_test_00431_ZASJAG"",""mofsimplify_solvent_test_00139_YUBQET"",""mofsimplify_solvent_test_00073_DUPVER"",""mofsimplify_solvent_val_00269_TEYLIU"",""mofsimplify_solvent_test_00021_BADYAJ"",""mofsimplify_solvent_val_00260_SEVLEM"",""mofsimplify_solvent_test_00010_ANEHEI"",""mofsimplify_solvent_test_00381_WAQQUB"",""mofsimplify_solvent_test_00036_BUPVEP""]",False,stopped_before_requested_batch,10,1,10,9,0.90000000000000002,17.822030000000002,0.50499300000000003,6.9949450000000004,0.57215499999999997
94,random_baseline,20,0.34999999999999998,2.3989165637663223,"[""mofsimplify_solvent_val_00058_ECEZAO01"",""mofsimplify_solvent_val_00260_SEVLEM"",""mofsimplify_solvent_test_00413_XUYXAR"",""mofsimplify_solvent_test_00259_OKUTEV"",""mofsimplify_solvent_val_00318_XADDAJ"",""mofsimplify_solvent_test_00221_MOYYIJ"",""mofsimplify_solvent_test_00044_CAYKEU"",""mofsimplify_solvent_val_00059_EDIKIL"",""mofsimplify_solvent_val_00141_KEGZOL""]",False,stopped_before_requested_batch,9,1,9,5,0.55555600000000005,16.791505000000001,0.29776999999999998,6.5821930000000002,0.50631400000000004
95,random_baseline,20,0.34999999999999998,2.3989165637663223,"[""mofsimplify_solvent_test_00017_AVUJIL"",""mofsimplify_solvent_test_00075_EBIJAC"",""mofsimplify_solvent_val_00076_FATQID"",""mofsimplify_solvent_test_00381_WAQQUB"",""mofsimplify_solvent_test_00040_CAHQOS"",""mofsimplify_solvent_val_00238_QOPPOC"",""mofsimplify_solvent_test_00045_CEFLEF"",""mofsimplify_solvent_val_00342_ZAGHAT"",""mofsimplify_solvent_test_00010_ANEHEI""]",False,stopped_before_requested_batch,9,1,9,8,0.88888900000000004,15.374712000000001,0.52033499999999999,6.6992120000000002,0.50012900000000005
96,random_baseline,20,0.34999999999999998,2.3989165637663223,"[""mofsimplify_solvent_test_00298_QUBWIU"",""mofsimplify_solvent_test_00226_MUTNAQ"",""mofsimplify_solvent_test_00288_QERWAL"",""mofsimplify_solvent_test_00222_MUDLON"",""mofsimplify_solvent_val_00203_ORANAY"",""mofsimplify_solvent_test_00075_EBIJAC"",""mofsimplify_solvent_test_00388_WOJJOV"",""mofsimplify_solvent_test_00038_BUSQIQ"",""mofsimplify_solvent_test_00386_WODVOB""]",False,stopped_before_requested_batch,9,1,9,7,0.77777799999999997,14.386907000000001,0.48655399999999999,6.5526850000000003,0.53800999999999999
97,random_baseline,20,0.34999999999999998,2.3989165637663223,"[""mofsimplify_solvent_val_00152_KUKPOX"",""mofsimplify_solvent_test_00196_LEDPIU"",""mofsimplify_solvent_val_00100_GUPBEZ02"",""mofsimplify_solvent_test_00015_AVILEY"",""mofsimplify_solvent_test_00095_EYULOA"",""mofsimplify_solvent_test_00058_CUYHIO"",""mofsimplify_solvent_test_00054_COTVUE"",""mofsimplify_solvent_test_00414_YARBAW"",""mofsimplify_solvent_test_00197_LEDWUN""]",False,stopped_before_requested_batch,9,1,9,7,0.77777799999999997,17.941935999999998,0.39014700000000002,6.6863450000000002,0.491122
98,random_baseline,20,0.34999999999999998,2.3989165637663223,"[""mofsimplify_solvent_val_00318_XADDAJ"",""mofsimplify_solvent_test_00394_XADDUD"",""mofsimplify_solvent_test_00232_NALYEG"",""mofsimplify_solvent_test_00326_SEGBIR"",""mofsimplify_solvent_test_00053_COTVOY"",""mofsimplify_solvent_val_00082_FIFPAM"",""mofsimplify_solvent_val_00152_KUKPOX"",""mofsimplify_solvent_val_00285_UNABIV"",""mofsimplify_solvent_test_00435_ZISFEO""]",False,stopped_before_requested_batch,9,1,9,5,0.55555600000000005,14.359425999999999,0.34820299999999998,6.8111600000000001,0.47242099999999998
99,random_baseline,20,0.34999999999999998,2.3989165637663223,"[""mofsimplify_solvent_test_00407_XOGXAU"",""mofsimplify_solvent_test_00052_COTVIS"",""mofsimplify_solvent_test_00246_OCAWAT"",""mofsimplify_solvent_test_00093_EWESAC"",""mofsimplify_solvent_val_00180_NATHUO"",""mofsimplify_solvent_test_00053_COTVOY"",""mofsimplify_solvent_test_00390_WORREC"",""mofsimplify_solvent_test_00413_XUYXAR"",""mofsimplify_solvent_test_00411_XUVQOW""]",False,stopped_before_requested_batch,9,1,9,8,0.88888900000000004,14.456866,0.55337000000000003,6.7099919999999997,0.505467
